customerID,gender,SeniorCitizen,Partner,Dependents,tenure,PhoneService,MultipleLines,InternetService,OnlineSecurity,OnlineBackup,DeviceProtection,TechSupport,StreamingTV,StreamingMovies,Contract,PaperlessBilling,PaymentMethod,MonthlyCharges,TotalCharges,Churn
0489-WMEMG,Female,No,No,Yes,23,Yes,No,DSL,No,No,No,Yes,No,No,One year,Yes,Electronic check,49.45,1119.35,0
5605-XNWEN,Male,Yes,Yes,No,72,Yes,Yes,No,No,No,No,No,No,No,Two year,Yes,Bank transfer (automatic),25.0,1802.55,0
2680-XKKNJ,Female,No,No,No,8,Yes,No,DSL,Yes,Yes,No,Yes,No,No,One year,No,Bank transfer (automatic),58.2,469.25,0
4789-KWMXN,Male,No,Yes,No,47,Yes,Yes,Fiber optic,Yes,No,Yes,Yes,Yes,Yes,One year,Yes,Credit card (automatic),110.85,5275.8,1
5961-VUSRV,Female,No,No,No,12,Yes,No,No,No,No,No,No,No,No,One year,Yes,Bank transfer (automatic),19.35,219.35,0
3196-NVXLZ,Female,No,No,No,25,Yes,Yes,Fiber optic,No,No,No,No,Yes,No,Month-to-month,Yes,Mailed check,84.6,2088.05,0
5402-HTOTQ,Male,No,No,No,16,Yes,Yes,DSL,No,Yes,No,No,No,No,Month-to-month,No,Electronic check,55.3,875.35,0
2639-UGMAZ,Male,Yes,No,No,71,No,No,DSL,Yes,Yes,No,No,Yes,Yes,One year,Yes,Electronic check,56.45,3985.35,0
6646-QVXLR,Male,Yes,Yes,No,62,Yes,Yes,Fiber optic,No,Yes,Yes,No,Yes,Yes,One year,Yes,Electronic check,103.75,6383.35,1
7684-XSZIY,Male,No,Yes,Yes,72,Yes,Yes,No,No,No,No,No,No,No,Two year,No,Bank transfer (automatic),24.3,1643.25,0
7361-YPXFS,Female,Yes,No,No,28,Yes,Yes,DSL,No,Yes,Yes,Yes,No,No,Month-to-month,No,Bank transfer (automatic),64.45,1867.6,0
7919-ZODZZ,Female,No,Yes,Yes,10,Yes,No,DSL,No,Yes,Yes,No,No,Yes,One year,Yes,Mailed check,65.9,660.05,0
3587-PMCOY,Male,No,No,No,10,Yes,No,Fiber optic,Yes,No,Yes,No,Yes,Yes,One year,Yes,Electronic check,98.9,1064.95,0
9769-TSBZE,Female,No,No,Yes,70,Yes,Yes,DSL,Yes,Yes,No,Yes,No,No,Two year,No,Electronic check,66.0,4891.5,0
2504-DSHIH,Male,Yes,Yes,No,23,Yes,Yes,Fiber optic,No,No,No,No,No,Yes,Month-to-month,No,Electronic check,86.8,1975.85,0
6776-TLWOI,Male,No,No,No,3,Yes,No,No,No,No,No,No,No,No,Month-to-month,No,Mailed check,19.85,64.55,1
8952-WCVCD,Female,No,Yes,No,41,Yes,No,Fiber optic,Yes,Yes,Yes,No,Yes,Yes,One year,Yes,Bank transfer (automatic),104.45,4162.05,0
6734-JDTTV,Male,No,Yes,Yes,65,Yes,No,No,No,No,No,No,No,No,Two year,Yes,Credit card (automatic),19.85,1267.05,0
5360-LJCNJ,Female,No,Yes,No,71,Yes,Yes,Fiber optic,No,Yes,Yes,No,Yes,Yes,Two year,Yes,Bank transfer (automatic),105.15,7555.0,0
3398-GCPMU,Female,Yes,Yes,Yes,72,Yes,Yes,DSL,Yes,Yes,Yes,Yes,Yes,Yes,Two year,Yes,Credit card (automatic),89.55,6448.85,0
6050-IJRHS,Female,No,Yes,Yes,70,Yes,Yes,Fiber optic,No,Yes,Yes,No,Yes,Yes,One year,Yes,Electronic check,106.5,7397.0,0
5003-XZWWO,Male,No,Yes,No,71,Yes,Yes,DSL,No,Yes,Yes,Yes,Yes,Yes,Two year,No,Credit card (automatic),84.2,5956.85,0
7078-NVFAM,Female,No,Yes,Yes,32,No,No,DSL,Yes,Yes,No,No,No,No,Month-to-month,Yes,Electronic check,35.15,1051.05,0
0725-CXOTM,Female,No,No,No,36,Yes,Yes,DSL,Yes,No,Yes,Yes,Yes,Yes,One year,Yes,Credit card (automatic),89.65,3348.1,0
1346-UFHAX,Female,No,No,No,13,Yes,Yes,Fiber optic,Yes,No,No,No,No,No,Month-to-month,Yes,Credit card (automatic),80.0,1029.35,0
8393-JMVMB,Male,No,No,No,1,Yes,No,No,No,No,No,No,No,No,Month-to-month,No,Mailed check,19.45,19.45,0
2656-TABEH,Male,No,Yes,No,4,Yes,Yes,Fiber optic,No,Yes,No,No,Yes,Yes,Month-to-month,Yes,Electronic check,100.2,420.2,1
9426-SXNHE,Female,No,No,No,2,Yes,No,No,No,No,No,No,No,No,Month-to-month,No,Bank transfer (automatic),18.75,53.15,0
9944-HKVVB,Female,No,No,No,3,Yes,No,Fiber optic,No,Yes,No,No,Yes,Yes,Month-to-month,Yes,Electronic check,95.1,307.4,1
4086-WITJG,Male,No,Yes,Yes,71,Yes,No,No,No,No,No,No,No,No,Two year,No,Credit card (automatic),19.7,1301.1,0
0513-RBGPE,Male,No,Yes,Yes,37,Yes,Yes,DSL,Yes,No,Yes,Yes,No,No,Two year,Yes,Credit card (automatic),62.8,2278.75,0
1937-OTUKY,Female,No,Yes,No,72,Yes,Yes,Fiber optic,Yes,No,Yes,Yes,Yes,No,Two year,Yes,Bank transfer (automatic),98.2,7015.9,0
1092-WPIVQ,Female,No,Yes,Yes,18,Yes,Yes,No,No,No,No,No,No,No,Two year,No,Mailed check,25.1,428.45,0
6171-ZTVYB,Male,No,Yes,No,43,Yes,Yes,DSL,Yes,Yes,No,Yes,No,No,Month-to-month,No,Bank transfer (automatic),66.25,2907.35,0
9578-FOMUK,Male,No,No,Yes,15,Yes,Yes,No,No,No,No,No,No,No,Month-to-month,Yes,Electronic check,24.8,324.15,0
3011-WQKSZ,Male,No,No,Yes,19,Yes,No,No,No,No,No,No,No,No,Month-to-month,Yes,Electronic check,20.0,377.55,0
3584-WKTTW,Male,No,Yes,No,51,Yes,Yes,Fiber optic,Yes,No,Yes,Yes,Yes,Yes,One year,Yes,Electronic check,111.55,5720.35,0
1193-RTSLK,Female,No,No,No,38,Yes,No,Fiber optic,Yes,Yes,Yes,No,No,No,Month-to-month,Yes,Credit card (automatic),83.9,3233.6,1
4304-XUMGI,Male,Yes,Yes,Yes,50,Yes,Yes,DSL,Yes,Yes,Yes,No,No,Yes,Two year,Yes,Bank transfer (automatic),75.15,3822.45,0
3489-VSFRD,Female,No,No,No,56,Yes,No,DSL,Yes,No,Yes,Yes,No,No,One year,Yes,Credit card (automatic),60.25,3282.75,0
5213-TWWJU,Male,No,No,No,28,Yes,No,Fiber optic,No,No,Yes,Yes,No,Yes,Month-to-month,No,Electronic check,91.0,2626.15,0
1447-PJGGA,Female,No,No,No,57,Yes,No,Fiber optic,No,No,Yes,No,Yes,Yes,Two year,Yes,Electronic check,95.25,5464.65,1
8404-VLQFB,Female,No,Yes,Yes,15,Yes,Yes,No,No,No,No,No,No,No,Month-to-month,Yes,Electronic check,25.25,394.85,0
0580-PIQHM,Female,No,Yes,Yes,41,Yes,Yes,Fiber optic,Yes,Yes,Yes,No,No,Yes,One year,Yes,Bank transfer (automatic),101.6,3930.55,0
6295-OSINB,Male,No,Yes,No,72,Yes,Yes,Fiber optic,Yes,Yes,Yes,No,Yes,Yes,Two year,Yes,Electronic check,109.65,7880.25,0
5973-EJGDP,Male,No,No,No,51,Yes,Yes,Fiber optic,No,Yes,Yes,Yes,No,No,Month-to-month,Yes,Electronic check,87.35,4473.0,0
7634-HLQJR,Female,No,Yes,Yes,47,Yes,No,No,No,No,No,No,No,No,Two year,No,Credit card (automatic),20.05,1016.7,0
3009-JWMPU,Male,No,No,No,62,Yes,Yes,Fiber optic,No,No,Yes,No,Yes,Yes,One year,Yes,Electronic check,96.75,6125.4,1
7777-UNYHB,Female,No,Yes,Yes,12,Yes,No,No,No,No,No,No,No,No,Month-to-month,Yes,Credit card (automatic),20.1,232.4,0
9239-GZHZE,Female,No,Yes,No,72,Yes,Yes,Fiber optic,Yes,Yes,Yes,Yes,Yes,Yes,Two year,Yes,Credit card (automatic),113.65,8124.2,0
6127-ISGTU,Female,No,Yes,No,16,Yes,Yes,Fiber optic,No,No,No,No,Yes,No,Month-to-month,Yes,Electronic check,84.95,1378.25,1
1960-UOTYM,Male,No,Yes,Yes,52,Yes,No,DSL,Yes,Yes,Yes,No,Yes,Yes,Two year,No,Electronic check,79.2,4016.3,0
0104-PPXDV,Male,No,Yes,No,58,Yes,No,DSL,No,No,Yes,No,No,No,One year,No,Credit card (automatic),50.3,2878.55,0
7581-EBBOU,Female,No,No,No,60,Yes,No,DSL,No,Yes,Yes,Yes,Yes,No,One year,Yes,Credit card (automatic),70.15,4224.7,0
1223-UNPKS,Male,No,Yes,Yes,20,Yes,No,No,No,No,No,No,No,No,Two year,No,Mailed check,20.05,400.0,0
7445-WMRBW,Female,No,No,No,48,Yes,Yes,DSL,No,Yes,Yes,Yes,Yes,No,One year,Yes,Bank transfer (automatic),73.85,3581.4,0
4238-JSSWH,Female,Yes,Yes,No,35,Yes,Yes,Fiber optic,No,No,Yes,No,Yes,Yes,Month-to-month,No,Bank transfer (automatic),102.05,3452.55,0
6629-LADHQ,Female,No,No,No,2,Yes,No,DSL,Yes,No,No,No,No,No,Month-to-month,No,Mailed check,50.95,123.05,0
4195-SMMNX,Male,No,No,No,2,Yes,No,No,No,No,No,No,No,No,Month-to-month,No,Mailed check,20.35,33.2,1
6199-IPCAO,Female,No,Yes,Yes,29,Yes,Yes,No,No,No,No,No,No,No,Two year,No,Mailed check,26.1,692.55,0
2382-BCKQJ,Female,No,No,Yes,62,Yes,Yes,Fiber optic,No,No,Yes,No,Yes,Yes,One year,Yes,Electronic check,100.15,6413.65,1
3799-ISUZQ,Male,No,Yes,Yes,7,Yes,No,Fiber optic,No,No,No,No,No,No,Month-to-month,Yes,Bank transfer (automatic),69.95,529.5,1
2667-WYLWJ,Female,No,Yes,Yes,8,Yes,No,No,No,No,No,No,No,No,One year,Yes,Mailed check,19.75,145.0,1
2430-RRYUW,Male,No,No,No,66,Yes,No,DSL,Yes,Yes,No,No,No,No,One year,Yes,Mailed check,54.8,3465.7,0
4248-HCETZ,Male,Yes,Yes,No,30,Yes,No,Fiber optic,No,Yes,Yes,No,No,No,Month-to-month,Yes,Mailed check,79.65,2365.15,1
7147-AYBAA,Male,No,No,No,37,Yes,No,Fiber optic,No,No,No,No,No,No,Month-to-month,Yes,Mailed check,70.35,2552.9,0
6497-TILVL,Female,No,Yes,Yes,7,Yes,No,DSL,Yes,No,No,No,No,No,Month-to-month,No,Mailed check,50.7,350.35,0
1090-ESELR,Male,No,Yes,Yes,72,Yes,No,Fiber optic,Yes,Yes,No,Yes,Yes,Yes,Two year,No,Bank transfer (automatic),105.5,7611.55,0
0701-RFGFI,Female,No,Yes,Yes,49,Yes,Yes,Fiber optic,No,No,No,No,Yes,Yes,Month-to-month,Yes,Bank transfer (automatic),95.4,4613.95,0
6390-DSAZX,Female,No,No,Yes,1,Yes,No,Fiber optic,Yes,No,No,No,No,No,Month-to-month,Yes,Mailed check,73.6,73.6,1
5647-URDKA,Male,No,Yes,Yes,8,Yes,No,No,No,No,No,No,No,No,Two year,No,Mailed check,19.7,130.25,0
4636-JGAAI,Male,No,Yes,No,34,Yes,Yes,Fiber optic,No,Yes,No,No,No,Yes,Month-to-month,No,Mailed check,88.85,3000.25,0
2279-AXJJK,Male,No,Yes,No,52,Yes,Yes,Fiber optic,No,Yes,No,Yes,No,Yes,Month-to-month,Yes,Credit card (automatic),95.65,5088.4,0
3704-IEAXF,Female,No,Yes,Yes,72,No,No,DSL,No,Yes,No,Yes,Yes,Yes,Two year,No,Credit card (automatic),53.65,3784.0,0
8883-GRDWQ,Male,Yes,No,No,20,Yes,No,DSL,Yes,No,No,Yes,No,No,One year,No,Mailed check,54.0,1055.9,0
8988-ECPJR,Female,Yes,Yes,Yes,34,Yes,Yes,Fiber optic,No,Yes,No,No,No,No,Month-to-month,Yes,Mailed check,79.6,2718.3,1
3858-VOBET,Male,No,No,No,23,Yes,Yes,Fiber optic,No,No,No,No,No,No,Month-to-month,Yes,Electronic check,74.95,1710.45,1
7579-OOPEC,Female,Yes,Yes,No,2,Yes,No,DSL,No,Yes,No,No,No,No,Month-to-month,No,Credit card (automatic),50.15,115.1,1
9871-ELEYA,Female,No,No,Yes,34,Yes,No,DSL,Yes,No,Yes,Yes,Yes,No,Two year,No,Credit card (automatic),67.65,2339.3,0
6388-TABGU,Male,No,No,Yes,62,Yes,No,DSL,Yes,Yes,No,No,No,No,One year,No,Bank transfer (automatic),56.15,3487.95,0
1024-VRZHF,Male,No,Yes,No,11,Yes,Yes,Fiber optic,No,No,No,No,No,No,Month-to-month,Yes,Electronic check,74.95,825.7,1
9838-BFCQT,Male,No,Yes,Yes,72,Yes,Yes,No,No,No,No,No,No,No,Two year,No,Mailed check,26.1,1851.45,0
9633-XQABV,Female,No,No,No,3,Yes,No,Fiber optic,No,No,No,No,No,No,Month-to-month,Yes,Electronic check,70.25,229.7,0
8003-EWNDZ,Female,No,No,No,10,Yes,No,No,No,No,No,No,No,No,Month-to-month,Yes,Electronic check,21.2,222.65,0
4450-MDZFX,Male,No,Yes,Yes,60,Yes,Yes,Fiber optic,No,No,No,No,No,No,Month-to-month,No,Bank transfer (automatic),74.35,4453.3,0
8106-GWQOK,Male,No,Yes,No,38,No,No,DSL,Yes,Yes,No,Yes,Yes,Yes,Two year,Yes,Bank transfer (automatic),60.0,2193.2,0
3736-BLEPA,Male,No,No,No,28,Yes,No,Fiber optic,No,Yes,No,Yes,Yes,No,One year,Yes,Bank transfer (automatic),91.25,2483.65,0
1907-UBQFC,Male,Yes,No,No,10,Yes,No,Fiber optic,No,Yes,No,No,No,No,Month-to-month,Yes,Electronic check,72.85,688.65,1
6087-YPWHO,Male,No,Yes,No,72,Yes,Yes,DSL,Yes,Yes,Yes,Yes,No,No,Two year,No,Mailed check,68.15,4808.7,0
6827-IEAUQ,Female,No,Yes,Yes,27,Yes,No,DSL,Yes,Yes,Yes,Yes,No,No,One year,No,Mailed check,66.15,1874.45,0
5649-RXQTV,Male,No,No,No,51,Yes,No,Fiber optic,No,Yes,Yes,No,Yes,Yes,Month-to-month,Yes,Electronic check,99.0,5038.15,0
1963-VAUKV,Female,No,No,No,1,Yes,No,No,No,No,No,No,No,No,Month-to-month,No,Mailed check,20.4,20.4,1
9974-JFBHQ,Male,No,No,Yes,64,Yes,No,Fiber optic,No,Yes,No,Yes,Yes,Yes,Month-to-month,Yes,Credit card (automatic),99.15,6171.2,0
1740-CSDJP,Male,No,No,No,1,No,No,DSL,No,No,No,No,No,Yes,Month-to-month,Yes,Bank transfer (automatic),35.25,35.25,1
9603-OAIHC,Male,Yes,No,No,1,Yes,No,Fiber optic,No,No,No,No,No,No,Month-to-month,Yes,Electronic check,70.05,70.05,0
2195-ZRVAX,Female,No,Yes,No,47,Yes,No,Fiber optic,No,No,Yes,No,No,Yes,Month-to-month,Yes,Electronic check,85.3,4045.65,1
3486-NPGST,Female,No,No,No,36,Yes,No,No,No,No,No,No,No,No,One year,No,Mailed check,19.55,620.75,0
0042-JVWOJ,Male,No,No,No,26,Yes,No,No,No,No,No,No,No,No,One year,Yes,Bank transfer (automatic),19.6,471.85,0
4680-KUTAJ,Female,Yes,No,No,11,Yes,Yes,DSL,Yes,No,No,No,No,No,Month-to-month,Yes,Electronic check,55.6,580.8,0
5135-RDDQL,Female,No,Yes,Yes,63,Yes,No,DSL,Yes,No,No,No,No,No,Two year,Yes,Bank transfer (automatic),50.65,3221.25,0
4660-IRIBM,Male,No,Yes,Yes,18,Yes,No,Fiber optic,Yes,No,Yes,No,Yes,No,Month-to-month,Yes,Mailed check,87.9,1500.5,0
0420-BWTPW,Male,No,No,Yes,8,No,No,DSL,No,No,No,No,No,No,Month-to-month,No,Mailed check,25.5,215.2,1
9397-TZSHA,Female,No,No,No,69,Yes,Yes,No,No,No,No,No,No,No,Two year,No,Credit card (automatic),24.6,1678.05,0
5233-GEEAX,Male,Yes,No,No,8,No,No,DSL,No,No,Yes,No,No,No,Month-to-month,Yes,Electronic check,29.4,221.9,1
4690-PKDQG,Female,Yes,Yes,No,42,Yes,Yes,Fiber optic,No,Yes,Yes,No,Yes,No,Month-to-month,Yes,Electronic check,95.55,3930.6,0
7089-XXAYG,Male,No,Yes,No,25,No,No,DSL,No,No,Yes,No,Yes,No,One year,Yes,Credit card (automatic),38.1,970.4,0
9153-BTBVV,Female,No,Yes,No,71,Yes,Yes,No,No,No,No,No,No,No,Two year,No,Bank transfer (automatic),25.0,1753.0,0
3066-RRJIO,Female,No,No,No,1,Yes,No,Fiber optic,No,No,No,No,No,No,Month-to-month,Yes,Mailed check,69.95,69.95,1
6754-WKSHP,Male,No,No,Yes,30,Yes,Yes,No,No,No,No,No,No,No,One year,No,Bank transfer (automatic),25.35,723.3,0
7137-RYLPP,Male,Yes,Yes,No,37,Yes,Yes,Fiber optic,No,No,No,No,Yes,No,Month-to-month,Yes,Electronic check,85.7,3171.15,1
2984-AFWNC,Female,No,No,No,3,Yes,No,Fiber optic,No,Yes,No,No,Yes,Yes,Month-to-month,No,Electronic check,95.4,293.15,0
3780-YVMFA,Female,No,Yes,Yes,8,Yes,No,DSL,No,No,No,Yes,Yes,Yes,Month-to-month,Yes,Electronic check,68.55,564.35,0
4138-NAXED,Male,No,No,No,51,Yes,Yes,Fiber optic,No,Yes,No,No,No,No,Month-to-month,No,Bank transfer (automatic),81.0,4085.75,0
2799-TSLAG,Female,No,Yes,Yes,65,Yes,Yes,No,No,No,No,No,No,No,Two year,Yes,Bank transfer (automatic),25.3,1748.55,0
0968-GSIKN,Female,No,No,No,1,Yes,No,Fiber optic,No,No,No,No,No,No,Month-to-month,Yes,Mailed check,70.8,70.8,1
7279-NMVJC,Female,No,No,No,17,Yes,No,No,No,No,No,No,No,No,One year,No,Bank transfer (automatic),19.9,323.15,0
0330-IVZHA,Female,No,Yes,No,5,Yes,No,Fiber optic,No,No,No,No,No,No,Month-to-month,No,Electronic check,69.95,330.15,1
8999-BOHSE,Female,Yes,No,No,11,Yes,No,Fiber optic,No,No,No,No,Yes,Yes,Month-to-month,No,Bank transfer (automatic),89.7,1047.7,1
9103-CXVOK,Male,No,Yes,Yes,1,Yes,No,No,No,No,No,No,No,No,Month-to-month,No,Electronic check,19.75,19.75,0
2929-QNSRW,Female,No,Yes,No,56,Yes,Yes,Fiber optic,No,Yes,No,No,Yes,Yes,One year,Yes,Electronic check,98.25,5508.35,1
1386-ZIKUV,Male,No,No,No,7,Yes,No,No,No,No,No,No,No,No,Month-to-month,Yes,Mailed check,18.95,130.55,0
9602-WCXPI,Male,No,No,No,50,Yes,No,No,No,No,No,No,No,No,One year,No,Credit card (automatic),20.15,989.05,0
7047-YXDMZ,Male,No,No,No,21,Yes,No,No,No,No,No,No,No,No,Month-to-month,No,Mailed check,20.0,417.7,0
8985-OOPOS,Female,No,No,No,1,Yes,No,DSL,No,No,Yes,Yes,Yes,Yes,One year,No,Credit card (automatic),74.1,74.1,0
5389-FFVKB,Male,Yes,Yes,No,32,Yes,No,Fiber optic,No,No,No,No,No,Yes,Month-to-month,Yes,Credit card (automatic),80.3,2483.05,1
2528-HFYZX,Male,Yes,Yes,No,17,Yes,No,Fiber optic,No,Yes,No,No,No,No,Month-to-month,Yes,Electronic check,76.45,1233.4,1
4701-MLJPN,Male,No,No,No,31,Yes,No,DSL,No,No,Yes,Yes,No,No,Month-to-month,Yes,Electronic check,55.25,1715.65,1
7554-AKDQF,Female,No,Yes,No,6,Yes,No,DSL,No,No,No,No,No,No,Month-to-month,No,Mailed check,45.65,323.45,0
8049-WJCLQ,Male,No,Yes,Yes,10,Yes,No,DSL,No,No,Yes,No,Yes,No,Month-to-month,No,Mailed check,60.2,563.5,0
3565-UNOCC,Female,Yes,Yes,No,29,Yes,Yes,Fiber optic,No,No,Yes,No,Yes,Yes,Month-to-month,Yes,Bank transfer (automatic),99.05,2952.85,1
6894-LFHLY,Male,Yes,No,No,1,Yes,Yes,Fiber optic,No,No,No,No,No,No,Month-to-month,Yes,Electronic check,75.75,75.75,1
7096-ZNBZI,Female,No,Yes,No,72,Yes,Yes,No,No,No,No,No,No,No,Two year,No,Credit card (automatic),26.45,1914.5,0
4385-GZQXV,Female,Yes,No,No,16,Yes,No,Fiber optic,No,No,No,Yes,Yes,Yes,Month-to-month,Yes,Electronic check,94.45,1511.2,1
5044-XDPYX,Female,No,Yes,No,51,Yes,Yes,No,No,No,No,No,No,No,Two year,No,Mailed check,25.5,1281.25,0
5707-ZMDJP,Male,No,Yes,Yes,53,Yes,No,DSL,Yes,Yes,No,Yes,Yes,No,Two year,Yes,Mailed check,69.7,3729.6,0
2790-XUYMV,Male,No,No,Yes,71,Yes,Yes,Fiber optic,Yes,Yes,No,No,No,No,One year,Yes,Credit card (automatic),85.45,6028.95,0
1371-WEPDS,Male,Yes,Yes,No,40,Yes,No,DSL,No,No,No,No,No,Yes,One year,No,Electronic check,55.8,2283.3,0
1264-BYWMS,Male,No,No,No,55,Yes,Yes,Fiber optic,No,No,No,No,Yes,Yes,Month-to-month,Yes,Electronic check,96.8,5283.95,1
3908-BLSYF,Female,No,No,No,6,Yes,No,Fiber optic,No,No,Yes,No,No,Yes,Month-to-month,No,Electronic check,83.9,497.55,1
3125-RAHBV,Male,No,No,No,22,Yes,No,No,No,No,No,No,No,No,One year,No,Credit card (automatic),20.3,467.15,0
9381-NDKME,Female,Yes,Yes,No,24,No,No,DSL,No,No,Yes,No,No,Yes,Month-to-month,Yes,Credit card (automatic),40.65,933.3,1
7901-TBKJX,Male,Yes,No,No,56,Yes,Yes,Fiber optic,No,No,Yes,No,Yes,Yes,Month-to-month,Yes,Electronic check,101.05,5594.0,0
2154-KVJFF,Female,No,No,No,15,Yes,Yes,Fiber optic,No,Yes,No,No,No,No,Month-to-month,Yes,Electronic check,79.75,1111.85,1
7760-OYPDY,Female,No,No,No,2,Yes,No,Fiber optic,No,No,No,No,Yes,No,Month-to-month,Yes,Electronic check,80.65,144.15,1
8780-RSYYU,Female,No,No,No,25,Yes,No,No,No,No,No,No,No,No,Month-to-month,Yes,Credit card (automatic),19.2,532.1,0
6261-RCVNS,Female,No,No,No,42,Yes,No,DSL,Yes,Yes,Yes,Yes,No,Yes,One year,No,Credit card (automatic),73.9,3160.55,1
9639-BUJXT,Male,No,No,No,63,Yes,No,No,No,No,No,No,No,No,One year,No,Mailed check,20.5,1328.15,0
1791-PQHBB,Female,No,No,Yes,2,Yes,No,DSL,Yes,No,No,No,No,Yes,Month-to-month,Yes,Credit card (automatic),61.2,125.95,0
2878-RMWXY,Male,Yes,Yes,No,72,Yes,Yes,Fiber optic,Yes,Yes,Yes,No,No,Yes,Two year,Yes,Credit card (automatic),102.65,7550.3,0
2599-CZABP,Male,No,Yes,No,14,Yes,No,DSL,No,No,No,No,No,No,One year,No,Electronic check,44.6,641.25,0
5172-MIGPM,Male,No,No,No,4,Yes,Yes,DSL,No,No,No,Yes,No,Yes,Month-to-month,No,Mailed check,65.55,237.2,0
6402-EJMWF,Male,No,No,No,4,Yes,No,DSL,No,No,No,No,No,Yes,Month-to-month,Yes,Mailed check,55.3,238.5,0
0021-IKXGC,Female,Yes,No,No,1,Yes,Yes,Fiber optic,No,No,No,No,No,No,Month-to-month,Yes,Electronic check,72.1,72.1,0
4526-EXKKN,Male,No,No,No,40,Yes,Yes,No,No,No,No,No,No,No,Two year,Yes,Mailed check,24.6,973.95,0
0411-EZJZE,Female,No,No,No,3,Yes,Yes,DSL,No,No,No,No,Yes,No,Month-to-month,Yes,Electronic check,60.25,170.5,0
6897-UUBNU,Male,No,No,No,29,Yes,No,Fiber optic,No,Yes,No,Yes,Yes,No,Month-to-month,No,Mailed check,89.65,2623.65,0
4419-UJMUS,Male,No,Yes,Yes,69,Yes,Yes,Fiber optic,No,No,No,Yes,Yes,Yes,Two year,Yes,Electronic check,99.35,6856.45,0
9931-KGHOA,Female,No,Yes,No,46,Yes,Yes,DSL,Yes,No,No,No,No,No,Month-to-month,No,Bank transfer (automatic),55.0,2473.95,0
2378-YIZKA,Female,No,Yes,Yes,68,Yes,No,DSL,Yes,Yes,Yes,Yes,Yes,Yes,Two year,Yes,Credit card (automatic),85.0,5607.75,0
2333-KWEWW,Male,No,No,No,18,Yes,No,No,No,No,No,No,No,No,Two year,No,Credit card (automatic),20.05,388.6,0
5286-YHCVC,Male,No,Yes,No,72,Yes,Yes,Fiber optic,No,Yes,Yes,No,Yes,Yes,Two year,Yes,Bank transfer (automatic),104.8,7470.1,0
7450-NWRTR,Male,Yes,No,No,12,Yes,Yes,Fiber optic,No,No,Yes,No,Yes,Yes,Month-to-month,Yes,Electronic check,99.45,1200.15,1
6005-OBZPH,Female,Yes,No,No,26,Yes,Yes,Fiber optic,No,Yes,No,No,Yes,No,Month-to-month,Yes,Electronic check,89.15,2277.65,1
2886-KEFUM,Female,No,Yes,No,63,Yes,Yes,Fiber optic,No,Yes,Yes,No,Yes,Yes,One year,Yes,Electronic check,107.5,6873.75,1
0674-GCDXG,Male,No,No,No,63,Yes,Yes,DSL,Yes,No,Yes,Yes,No,Yes,Two year,Yes,Bank transfer (automatic),71.9,4479.2,0
9978-HYCIN,Male,Yes,Yes,Yes,47,Yes,No,Fiber optic,No,Yes,No,No,Yes,No,One year,Yes,Bank transfer (automatic),84.95,4018.05,0
9695-IDRZR,Female,No,No,Yes,34,Yes,Yes,Fiber optic,Yes,Yes,Yes,Yes,Yes,Yes,Two year,Yes,Credit card (automatic),116.15,3946.9,0
9435-JMLSX,Male,No,Yes,No,71,Yes,No,DSL,Yes,Yes,Yes,Yes,Yes,Yes,Two year,Yes,Bank transfer (automatic),86.1,6045.9,0
4627-MIHJH,Female,Yes,No,No,69,Yes,Yes,Fiber optic,Yes,No,Yes,Yes,Yes,Yes,Two year,No,Credit card (automatic),110.25,7467.55,0
6122-EFVKN,Male,No,No,Yes,24,No,No,DSL,Yes,No,No,Yes,No,No,Two year,No,Mailed check,35.75,830.8,0
7727-SHVZV,Female,No,No,No,9,Yes,No,No,No,No,No,No,No,No,Month-to-month,No,Bank transfer (automatic),19.5,150.35,0
2391-SOORI,Male,No,No,Yes,4,Yes,No,DSL,Yes,No,No,No,No,No,Month-to-month,No,Electronic check,49.35,219.65,1
7905-NJMXS,Male,Yes,Yes,No,7,Yes,Yes,DSL,Yes,Yes,No,Yes,No,No,Month-to-month,No,Electronic check,64.2,475.0,0
4893-GYUJU,Female,No,No,No,50,Yes,No,No,No,No,No,No,No,No,One year,Yes,Mailed check,19.35,1033.0,0
1571-SAVHK,Male,No,No,No,12,Yes,Yes,Fiber optic,No,No,No,Yes,Yes,Yes,Month-to-month,Yes,Mailed check,99.95,1132.75,1
3996-ZNWYK,Male,Yes,Yes,Yes,71,Yes,No,No,No,No,No,No,No,No,Two year,No,Credit card (automatic),19.8,1388.45,0
1555-HAPSU,Female,No,Yes,Yes,71,Yes,Yes,No,No,No,No,No,No,No,Two year,No,Credit card (automatic),23.9,1663.5,0
9600-NAXZN,Male,No,No,No,43,Yes,Yes,Fiber optic,No,Yes,No,No,Yes,Yes,Month-to-month,Yes,Electronic check,101.4,4528.0,1
1251-KRREG,Male,No,No,No,2,Yes,Yes,DSL,No,Yes,No,No,No,No,Month-to-month,Yes,Mailed check,54.4,114.1,1
0810-BDHAW,Female,No,Yes,Yes,24,Yes,Yes,DSL,Yes,Yes,No,No,Yes,Yes,One year,No,Electronic check,78.4,1832.4,0
0795-LAFGP,Male,No,Yes,Yes,71,Yes,Yes,DSL,Yes,Yes,Yes,Yes,Yes,Yes,Two year,No,Electronic check,90.4,6668.05,0
3315-TOTBP,Male,No,No,No,15,Yes,Yes,Fiber optic,No,No,No,No,No,No,Month-to-month,Yes,Mailed check,76.0,1130.85,1
9715-SBVSU,Male,No,Yes,Yes,14,Yes,No,DSL,Yes,Yes,No,No,No,Yes,Two year,Yes,Bank transfer (automatic),61.4,815.55,0
3683-QKIUE,Female,No,No,No,6,Yes,No,DSL,No,No,No,Yes,No,No,Month-to-month,Yes,Bank transfer (automatic),50.8,288.05,1
3097-NNSPB,Female,No,No,No,2,Yes,No,DSL,No,Yes,No,No,No,No,Month-to-month,Yes,Credit card (automatic),49.05,91.1,1
5649-ANRML,Male,Yes,No,No,2,Yes,No,Fiber optic,No,Yes,Yes,Yes,No,Yes,Month-to-month,Yes,Credit card (automatic),95.1,180.25,1
2458-EOMRE,Female,No,No,No,11,Yes,No,DSL,Yes,No,Yes,No,No,Yes,Month-to-month,No,Bank transfer (automatic),64.05,733.95,0
6646-VRFOL,Male,Yes,Yes,No,53,Yes,Yes,Fiber optic,No,Yes,Yes,No,Yes,Yes,Month-to-month,Yes,Electronic check,103.85,5485.5,1
2485-ITVKB,Female,No,Yes,No,2,No,No,DSL,No,No,No,No,No,Yes,Month-to-month,Yes,Electronic check,35.1,68.75,1
1981-INRFU,Female,No,No,No,2,Yes,No,Fiber optic,No,No,No,No,Yes,No,Month-to-month,Yes,Electronic check,79.75,164.5,1
0519-XUZJU,Female,No,No,No,1,Yes,No,Fiber optic,No,No,No,No,No,No,Month-to-month,No,Mailed check,70.75,70.75,1
8067-NIOYM,Female,No,Yes,Yes,24,Yes,No,No,No,No,No,No,No,No,Two year,Yes,Credit card (automatic),21.1,490.65,0
4487-ZYJZK,Female,No,Yes,Yes,38,Yes,No,No,No,No,No,No,No,No,One year,No,Credit card (automatic),19.6,763.1,0
9589-ABEPT,Male,No,Yes,No,69,Yes,Yes,Fiber optic,No,Yes,No,Yes,Yes,No,Two year,Yes,Mailed check,92.45,6460.55,0
5386-THSLQ,Female,Yes,Yes,No,66,No,No,DSL,No,Yes,Yes,No,Yes,No,One year,No,Bank transfer (automatic),45.55,3027.25,0
0280-XJGEX,Male,No,No,No,49,Yes,Yes,Fiber optic,No,Yes,Yes,No,Yes,Yes,Month-to-month,Yes,Bank transfer (automatic),103.7,5036.3,1
0549-CYCQN,Male,Yes,No,No,51,Yes,Yes,Fiber optic,No,Yes,No,No,No,No,One year,Yes,Bank transfer (automatic),79.6,3974.7,0
3039-MJSLN,Male,No,No,Yes,3,Yes,No,No,No,No,No,No,No,No,Month-to-month,No,Bank transfer (automatic),20.2,50.6,0
8792-AOROI,Female,No,Yes,No,8,Yes,No,DSL,Yes,No,No,Yes,No,Yes,Two year,No,Mailed check,65.5,564.35,0
7089-RKVSZ,Male,No,Yes,Yes,8,Yes,Yes,No,No,No,No,No,No,No,One year,No,Mailed check,24.4,203.95,0
2080-CAZNM,Female,Yes,No,No,41,Yes,Yes,Fiber optic,No,Yes,Yes,No,Yes,Yes,Month-to-month,Yes,Electronic check,104.4,4133.95,0
2971-SGAFL,Female,No,No,No,13,Yes,Yes,DSL,Yes,No,Yes,No,Yes,Yes,Month-to-month,Yes,Electronic check,78.75,995.35,0
9570-KYEUA,Male,No,No,No,64,Yes,Yes,Fiber optic,Yes,No,Yes,Yes,No,Yes,Two year,No,Credit card (automatic),99.25,6549.45,0
4248-QPAVC,Female,Yes,Yes,No,17,Yes,Yes,Fiber optic,Yes,No,Yes,No,No,No,Month-to-month,Yes,Bank transfer (automatic),85.35,1463.45,1
1015-JPFYW,Male,No,No,Yes,7,Yes,No,No,No,No,No,No,No,No,One year,No,Mailed check,19.45,136.75,0
2673-ZALNP,Female,No,No,No,7,Yes,No,No,No,No,No,No,No,No,One year,No,Mailed check,19.9,173.15,0
7781-HVGMK,Female,No,Yes,Yes,72,No,No,DSL,Yes,Yes,Yes,Yes,Yes,Yes,Two year,Yes,Credit card (automatic),65.2,4784.45,0
3716-BDVDB,Male,No,No,No,1,Yes,No,Fiber optic,No,No,No,No,No,No,Month-to-month,Yes,Electronic check,69.1,69.1,1
5324-KTGCG,Male,No,Yes,No,71,Yes,No,No,No,No,No,No,No,No,One year,No,Electronic check,20.85,1539.75,0
5748-RNCJT,Male,No,No,No,69,Yes,Yes,Fiber optic,No,No,Yes,Yes,Yes,Yes,Two year,Yes,Bank transfer (automatic),106.5,7348.8,1
2057-ZBLPD,Female,No,Yes,No,21,Yes,Yes,Fiber optic,No,No,No,No,No,Yes,Month-to-month,Yes,Electronic check,86.5,1808.7,1
9618-LFJRU,Female,No,No,No,4,Yes,No,No,No,No,No,No,No,No,Month-to-month,No,Credit card (automatic),20.45,82.85,0
8374-XGEJJ,Male,Yes,Yes,No,43,Yes,Yes,Fiber optic,No,Yes,No,No,Yes,Yes,Month-to-month,Yes,Electronic check,101.0,4388.4,1
2359-KLTEK,Female,No,Yes,Yes,41,Yes,No,Fiber optic,No,No,Yes,No,Yes,Yes,Month-to-month,Yes,Bank transfer (automatic),94.9,3848.0,0
8659-IOOPU,Female,No,Yes,Yes,71,Yes,Yes,Fiber optic,Yes,No,Yes,Yes,No,Yes,Two year,No,Electronic check,100.45,7159.7,0
7683-CBDKJ,Male,No,Yes,Yes,14,Yes,No,DSL,Yes,Yes,No,No,Yes,No,Month-to-month,Yes,Electronic check,65.45,937.6,1
8276-MQBYC,Male,Yes,No,No,51,Yes,Yes,Fiber optic,No,No,Yes,No,Yes,Yes,Month-to-month,Yes,Electronic check,97.8,4913.3,1
2843-CQMEG,Male,No,No,No,24,Yes,No,DSL,No,Yes,No,No,No,No,Month-to-month,Yes,Mailed check,49.7,1218.25,0
2582-FFFZR,Female,No,No,No,22,No,No,DSL,No,No,Yes,No,Yes,Yes,Month-to-month,Yes,Electronic check,50.6,1073.3,0
2257-BOVXD,Male,No,Yes,No,14,Yes,Yes,DSL,No,No,No,Yes,Yes,No,Month-to-month,Yes,Credit card (automatic),66.6,979.5,0
3886-CERTZ,Female,No,Yes,No,72,Yes,Yes,Fiber optic,No,Yes,Yes,Yes,Yes,Yes,One year,Yes,Electronic check,109.25,8109.8,1
7746-AWNQW,Female,No,No,No,28,No,No,DSL,No,No,Yes,Yes,No,No,Month-to-month,Yes,Mailed check,35.75,961.4,0
4855-SNKMY,Female,No,No,No,1,Yes,No,DSL,No,No,No,No,No,No,Month-to-month,Yes,Electronic check,44.1,44.1,1
3486-HOOGQ,Female,No,Yes,Yes,70,Yes,Yes,DSL,Yes,Yes,Yes,Yes,Yes,No,Two year,No,Bank transfer (automatic),79.7,5743.3,0
8592-PLTMQ,Female,No,No,No,64,Yes,Yes,No,No,No,No,No,No,No,One year,No,Mailed check,24.7,1642.75,0
7480-QNVZJ,Male,Yes,No,No,50,Yes,Yes,Fiber optic,No,No,No,No,Yes,Yes,Month-to-month,Yes,Electronic check,95.7,4816.7,1
5656-JAMLX,Male,No,No,No,62,Yes,No,No,No,No,No,No,No,No,Two year,No,Bank transfer (automatic),19.85,1253.65,0
0196-VULGZ,Female,Yes,Yes,No,6,Yes,Yes,Fiber optic,No,No,No,No,No,Yes,Month-to-month,Yes,Electronic check,84.35,474.9,1
6726-WEXXK,Male,Yes,Yes,No,27,Yes,Yes,Fiber optic,Yes,No,Yes,No,No,No,One year,Yes,Electronic check,85.9,2220.1,0
1757-TCATG,Male,No,Yes,Yes,35,Yes,No,No,No,No,No,No,No,No,One year,No,Bank transfer (automatic),20.05,746.75,0
5130-IEKQT,Male,Yes,No,No,25,Yes,Yes,Fiber optic,No,Yes,Yes,No,Yes,Yes,Month-to-month,No,Mailed check,105.95,2655.25,1
6469-MRVET,Male,No,Yes,Yes,1,Yes,No,No,No,No,No,No,No,No,One year,Yes,Electronic check,20.2,20.2,0
6270-OMFIW,Male,No,Yes,No,60,Yes,No,Fiber optic,No,Yes,No,No,Yes,Yes,One year,Yes,Electronic check,94.4,5610.25,1
2114-MGINA,Female,No,No,No,14,Yes,No,Fiber optic,No,No,No,No,Yes,Yes,Month-to-month,Yes,Mailed check,89.8,1129.1,1
0886-QGENL,Female,Yes,Yes,No,27,Yes,No,Fiber optic,Yes,No,Yes,No,Yes,Yes,Month-to-month,Yes,Electronic check,101.25,2754.45,1
6797-LNAQX,Male,No,Yes,Yes,70,Yes,Yes,Fiber optic,No,Yes,No,No,Yes,Yes,Two year,No,Bank transfer (automatic),98.3,6859.5,1
7293-LSCDV,Female,No,Yes,Yes,60,Yes,No,No,No,No,No,No,No,No,Two year,Yes,Credit card (automatic),19.25,1103.25,0
4282-YMKNA,Female,No,No,No,9,Yes,Yes,Fiber optic,No,No,No,No,No,No,Month-to-month,Yes,Electronic check,74.75,706.6,1
8348-HFYIV,Male,No,No,No,2,No,No,DSL,No,No,Yes,No,Yes,Yes,Month-to-month,Yes,Electronic check,49.25,90.35,1
9323-HGFWY,Female,No,Yes,No,27,Yes,No,Fiber optic,Yes,No,No,Yes,Yes,Yes,One year,Yes,Credit card (automatic),101.9,2681.15,0
1334-PDUKM,Female,No,Yes,No,68,Yes,Yes,Fiber optic,No,Yes,Yes,No,No,No,One year,No,Credit card (automatic),86.45,5762.95,0
2346-LOCWC,Female,No,Yes,Yes,58,Yes,No,No,No,No,No,No,No,No,Two year,No,Credit card (automatic),20.5,1191.4,0
1166-PQLGG,Female,No,Yes,Yes,72,Yes,No,No,No,No,No,No,No,No,Two year,No,Bank transfer (automatic),19.55,1463.45,0
9174-FKWZE,Female,Yes,No,No,1,Yes,No,No,No,No,No,No,No,No,Month-to-month,Yes,Electronic check,19.45,19.45,1
3556-BVQGL,Female,No,Yes,No,20,Yes,No,No,No,No,No,No,No,No,One year,Yes,Mailed check,20.0,416.45,0
5529-GIBVH,Female,No,No,No,47,Yes,No,No,No,No,No,No,No,No,Two year,No,Mailed check,20.15,1046.2,0
5485-ITNPC,Male,No,Yes,No,66,Yes,No,DSL,Yes,Yes,Yes,Yes,Yes,Yes,Two year,Yes,Bank transfer (automatic),85.9,5595.3,0
0562-HKHML,Male,No,Yes,Yes,71,Yes,Yes,No,No,No,No,No,No,No,Two year,No,Credit card (automatic),23.9,1626.4,0
8822-KNBHV,Female,No,No,No,48,Yes,Yes,DSL,Yes,Yes,Yes,No,Yes,Yes,One year,Yes,Credit card (automatic),83.45,3887.85,0
6963-KQYQB,Female,No,Yes,Yes,70,Yes,Yes,No,No,No,No,No,No,No,Two year,No,Mailed check,24.05,1764.75,0
2091-GPPIQ,Female,No,Yes,Yes,72,Yes,Yes,DSL,No,Yes,No,Yes,Yes,Yes,Two year,Yes,Electronic check,78.95,5730.15,0
6635-MYYYZ,Female,No,No,No,30,Yes,No,DSL,Yes,Yes,Yes,Yes,Yes,Yes,One year,No,Bank transfer (automatic),85.35,2530.4,1
1468-DEFNC,Male,Yes,Yes,Yes,64,Yes,Yes,No,No,No,No,No,No,No,Two year,Yes,Bank transfer (automatic),24.4,1548.65,0
4883-KCPZJ,Female,No,Yes,Yes,22,Yes,Yes,No,No,No,No,No,No,No,Two year,No,Credit card (automatic),25.25,555.4,0
8361-LTMKD,Male,Yes,Yes,No,4,Yes,Yes,Fiber optic,No,No,No,No,No,No,Month-to-month,Yes,Mailed check,74.4,306.6,1
8763-KIAFH,Female,No,Yes,Yes,27,Yes,No,No,No,No,No,No,No,No,One year,Yes,Mailed check,20.55,583.3,0
6502-HCJTI,Male,Yes,Yes,No,7,Yes,Yes,Fiber optic,Yes,Yes,No,No,No,Yes,Month-to-month,Yes,Credit card (automatic),94.7,673.1,1
1482-OXZSY,Male,No,No,No,30,Yes,Yes,Fiber optic,Yes,No,No,No,Yes,Yes,Month-to-month,Yes,Bank transfer (automatic),100.4,2936.25,0
4343-EJVQB,Male,No,No,No,7,Yes,No,Fiber optic,Yes,No,No,No,No,No,Month-to-month,No,Mailed check,74.35,533.6,0
3378-AJRAO,Male,No,Yes,Yes,44,Yes,Yes,No,No,No,No,No,No,No,One year,No,Electronic check,24.85,1013.6,0
1299-AURJA,Female,No,Yes,Yes,70,Yes,Yes,No,No,No,No,No,No,No,Two year,No,Bank transfer (automatic),24.7,1685.9,0
2672-OJQZP,Female,No,No,No,1,Yes,No,DSL,No,No,No,No,No,No,Month-to-month,No,Mailed check,44.75,44.75,0
4826-TZEVA,Female,No,No,No,40,Yes,No,Fiber optic,No,Yes,No,No,No,No,Month-to-month,No,Credit card (automatic),74.8,2971.7,0
4566-NECEV,Male,No,No,No,5,Yes,Yes,Fiber optic,No,Yes,Yes,No,No,Yes,Month-to-month,No,Electronic check,96.55,500.1,0
8382-SHQEH,Female,No,Yes,No,8,Yes,Yes,Fiber optic,No,No,No,No,No,Yes,Month-to-month,Yes,Electronic check,84.9,764.95,1
5680-LQOGP,Female,No,No,No,68,Yes,No,DSL,Yes,Yes,Yes,Yes,Yes,Yes,Two year,Yes,Credit card (automatic),82.45,5646.6,0
6674-KVJHG,Female,No,No,No,11,Yes,Yes,No,No,No,No,No,No,No,One year,No,Electronic check,25.2,245.15,0
6429-SHBCB,Male,No,No,No,19,Yes,Yes,DSL,No,No,No,No,Yes,Yes,Month-to-month,No,Mailed check,69.6,1394.55,0
4312-KFRXN,Male,No,Yes,No,72,Yes,Yes,No,No,No,No,No,No,No,Two year,No,Mailed check,25.4,1710.9,0
1891-FZYSA,Male,Yes,Yes,No,69,Yes,Yes,Fiber optic,No,Yes,No,No,Yes,No,Month-to-month,Yes,Electronic check,89.95,6143.15,1
7503-EPSZW,Female,No,Yes,Yes,64,Yes,Yes,No,No,No,No,No,No,No,Two year,Yes,Mailed check,24.05,1559.15,0
9851-KIELU,Male,No,No,No,10,Yes,No,Fiber optic,Yes,Yes,Yes,Yes,Yes,Yes,Month-to-month,Yes,Electronic check,110.1,1043.3,1
3717-FDJFU,Male,No,No,Yes,5,Yes,No,No,No,No,No,No,No,No,Two year,No,Mailed check,20.45,106.9,0
5981-ITEMU,Male,No,Yes,No,40,Yes,Yes,Fiber optic,No,No,No,No,Yes,Yes,Month-to-month,Yes,Bank transfer (automatic),97.1,3706.95,1
6121-VZNQB,Female,No,No,No,1,Yes,No,No,No,No,No,No,No,No,Month-to-month,Yes,Mailed check,19.1,19.1,1
6178-KFNHS,Female,No,No,Yes,12,Yes,Yes,Fiber optic,Yes,No,No,No,No,No,Month-to-month,Yes,Electronic check,78.3,909.25,1
3154-HMWUU,Male,No,Yes,No,60,Yes,No,No,No,No,No,No,No,No,Two year,Yes,Bank transfer (automatic),20.5,1198.8,0
2139-FQHLM,Male,No,No,No,19,Yes,No,Fiber optic,No,No,Yes,Yes,Yes,No,Month-to-month,No,Mailed check,89.95,1682.4,0
4378-MYPGO,Male,No,Yes,Yes,68,Yes,No,Fiber optic,Yes,Yes,Yes,No,Yes,Yes,Two year,Yes,Bank transfer (automatic),105.25,7173.15,0
5201-FRKKS,Male,No,No,No,25,Yes,No,Fiber optic,Yes,No,No,No,No,No,Month-to-month,No,Bank transfer (automatic),74.3,1952.25,0
4505-EXZHB,Female,Yes,No,No,6,Yes,No,Fiber optic,No,No,Yes,No,No,No,Month-to-month,No,Electronic check,74.4,434.1,1
7779-LGOVN,Male,Yes,Yes,No,10,Yes,Yes,Fiber optic,No,No,No,No,No,Yes,Month-to-month,Yes,Electronic check,86.65,856.65,1
0004-TLHLJ,Male,No,No,No,4,Yes,No,Fiber optic,No,No,Yes,No,No,No,Month-to-month,Yes,Electronic check,73.9,280.85,1
0778-NELLA,Male,No,No,No,9,No,No,DSL,No,No,No,No,Yes,No,Month-to-month,Yes,Credit card (automatic),34.7,296.1,1
9592-ERDKV,Male,No,Yes,No,37,Yes,Yes,DSL,Yes,No,Yes,No,Yes,Yes,One year,No,Mailed check,79.25,2911.8,0
1047-NNCBF,Male,No,No,No,20,Yes,No,Fiber optic,No,No,No,No,No,No,Month-to-month,No,Credit card (automatic),70.55,1493.55,0
7375-WMVMT,Male,Yes,Yes,No,71,Yes,No,Fiber optic,No,Yes,Yes,Yes,No,Yes,Two year,Yes,Credit card (automatic),95.5,6707.15,0
7517-LDMPS,Female,No,No,No,12,Yes,No,Fiber optic,No,Yes,No,No,No,Yes,Month-to-month,Yes,Electronic check,84.6,1017.35,0
7353-YOWFP,Female,No,No,No,7,Yes,No,No,No,No,No,No,No,No,One year,No,Mailed check,20.25,129.15,0
3967-VQOGC,Female,No,Yes,Yes,67,Yes,Yes,No,No,No,No,No,No,No,Two year,Yes,Mailed check,24.9,1680.25,0
9029-FEGVJ,Female,Yes,Yes,No,32,Yes,Yes,Fiber optic,No,No,Yes,No,No,No,Month-to-month,No,Mailed check,79.3,2570.0,0
4482-FTFFX,Male,No,No,No,5,Yes,No,DSL,No,No,Yes,Yes,No,No,Month-to-month,No,Electronic check,56.15,291.45,0
4625-EWPTF,Male,No,No,No,8,No,No,DSL,Yes,No,No,No,No,No,Month-to-month,Yes,Electronic check,30.45,226.45,1
1567-DSCIC,Male,No,No,No,8,Yes,Yes,Fiber optic,No,Yes,Yes,No,Yes,No,Month-to-month,Yes,Electronic check,94.0,773.65,1
0771-WLCLA,Female,No,Yes,Yes,16,Yes,Yes,Fiber optic,Yes,No,Yes,Yes,Yes,Yes,Month-to-month,Yes,Electronic check,112.95,1882.55,0
3195-TQDZX,Male,No,No,No,3,Yes,No,No,No,No,No,No,No,No,Month-to-month,Yes,Electronic check,20.25,61.45,0
5686-CMAWK,Male,No,No,No,17,Yes,Yes,Fiber optic,No,No,Yes,Yes,No,No,One year,No,Electronic check,86.75,1410.25,0
4998-IKFSE,Female,No,No,No,30,Yes,Yes,Fiber optic,No,No,Yes,No,Yes,Yes,Month-to-month,No,Electronic check,100.45,3096.9,0
0013-EXCHZ,Female,Yes,Yes,No,3,Yes,No,Fiber optic,No,No,No,Yes,Yes,No,Month-to-month,Yes,Mailed check,83.9,267.4,1
4927-WWOOZ,Male,No,Yes,No,2,Yes,Yes,Fiber optic,No,No,Yes,No,Yes,No,Month-to-month,Yes,Electronic check,91.45,171.45,0
3774-VBNXY,Female,No,Yes,Yes,64,Yes,No,No,No,No,No,No,No,No,Two year,No,Mailed check,20.2,1277.75,0
6738-ISCBM,Male,No,No,No,44,No,No,DSL,Yes,No,Yes,No,Yes,Yes,One year,Yes,Electronic check,54.0,2440.25,0
7277-KAMWT,Male,No,No,No,13,Yes,No,No,No,No,No,No,No,No,Two year,No,Credit card (automatic),20.0,268.45,0
6308-CQRBU,Female,No,Yes,No,71,Yes,Yes,Fiber optic,No,Yes,Yes,Yes,Yes,Yes,Two year,No,Electronic check,109.25,7707.7,0
8541-QVFKM,Female,No,No,No,8,Yes,Yes,Fiber optic,No,No,No,No,No,No,Month-to-month,Yes,Electronic check,73.5,632.2,0
6047-YHPVI,Male,No,No,No,5,Yes,No,Fiber optic,No,No,No,No,No,No,Month-to-month,Yes,Electronic check,69.7,316.9,1
4381-MHQDC,Female,No,No,No,47,Yes,Yes,DSL,Yes,No,Yes,Yes,No,No,Two year,Yes,Mailed check,65.0,2879.9,0
0064-SUDOG,Female,No,Yes,Yes,12,Yes,No,No,No,No,No,No,No,No,Two year,No,Bank transfer (automatic),20.3,224.5,0
5136-RGMZO,Male,No,No,No,31,Yes,Yes,DSL,No,Yes,No,Yes,Yes,No,Month-to-month,Yes,Electronic check,71.05,2168.15,0
8873-TMKGR,Male,No,No,No,29,Yes,No,No,No,No,No,No,No,No,One year,No,Mailed check,19.1,529.5,0
2004-OCQXK,Female,No,No,No,1,Yes,No,Fiber optic,No,No,No,No,No,Yes,Month-to-month,Yes,Electronic check,81.95,81.95,1
3043-TYBNO,Male,No,No,No,3,Yes,No,DSL,No,No,No,Yes,No,Yes,Month-to-month,No,Mailed check,60.65,196.9,0
9447-YPTBX,Female,No,Yes,No,50,Yes,No,No,No,No,No,No,No,No,One year,Yes,Bank transfer (automatic),19.85,943.1,0
3572-UOLYZ,Female,No,No,Yes,46,Yes,Yes,Fiber optic,No,No,Yes,Yes,No,No,Month-to-month,Yes,Bank transfer (automatic),84.8,3958.85,0
5334-AFQJB,Male,Yes,No,No,72,Yes,Yes,No,No,No,No,No,No,No,Two year,Yes,Credit card (automatic),25.1,1789.9,0
5167-ZFFMM,Male,No,No,No,1,Yes,Yes,Fiber optic,No,Yes,No,No,No,Yes,Month-to-month,Yes,Credit card (automatic),90.85,90.85,1
0147-ESWWR,Female,Yes,Yes,No,39,Yes,Yes,Fiber optic,No,No,No,Yes,Yes,Yes,Month-to-month,Yes,Electronic check,101.25,3949.15,0
1406-PUQVY,Male,No,No,Yes,1,Yes,No,DSL,No,Yes,No,No,No,No,Month-to-month,Yes,Electronic check,49.9,49.9,0
3097-NQYSN,Male,Yes,Yes,No,2,Yes,Yes,Fiber optic,No,No,No,No,Yes,No,Month-to-month,Yes,Mailed check,86.85,156.35,1
2403-BCASL,Male,Yes,Yes,Yes,41,Yes,Yes,Fiber optic,No,Yes,Yes,Yes,Yes,Yes,One year,Yes,Electronic check,111.95,4534.9,1
7593-JNWRU,Male,No,Yes,Yes,6,Yes,No,DSL,No,No,No,No,No,No,Month-to-month,Yes,Bank transfer (automatic),44.6,260.8,1
5989-PGKJB,Female,No,No,No,16,Yes,No,Fiber optic,No,Yes,No,No,No,Yes,Month-to-month,Yes,Electronic check,86.25,1340.1,0
2623-DRYAM,Female,No,Yes,No,70,Yes,Yes,Fiber optic,No,No,Yes,No,Yes,Yes,One year,Yes,Electronic check,101.75,7069.3,0
8920-NAVAY,Male,Yes,No,No,62,Yes,Yes,Fiber optic,No,Yes,Yes,Yes,Yes,Yes,One year,Yes,Bank transfer (automatic),110.75,7053.35,0
0447-BEMNG,Female,No,Yes,No,48,No,No,DSL,Yes,No,Yes,No,No,Yes,Month-to-month,Yes,Bank transfer (automatic),45.3,2145.0,1
2717-HVIZY,Female,No,No,Yes,8,Yes,No,No,No,No,No,No,No,No,Month-to-month,No,Mailed check,20.05,163.6,0
7244-QWYHG,Male,No,Yes,No,50,No,No,DSL,Yes,No,No,Yes,Yes,No,One year,Yes,Bank transfer (automatic),44.45,2188.45,0
4302-ZYFEL,Male,No,Yes,Yes,69,Yes,No,No,No,No,No,No,No,No,One year,Yes,Credit card (automatic),20.55,1403.1,0
8043-PNYSD,Male,No,Yes,Yes,63,Yes,No,No,No,No,No,No,No,No,Two year,No,Mailed check,19.55,1245.6,0
4549-ZDQYY,Female,No,No,No,52,Yes,No,DSL,Yes,No,Yes,Yes,No,No,One year,No,Credit card (automatic),57.95,3042.25,0
2276-YDAVZ,Female,No,No,No,3,Yes,Yes,Fiber optic,No,No,No,No,No,No,Month-to-month,Yes,Credit card (automatic),75.1,270.7,1
7493-TPUWZ,Male,No,No,No,1,Yes,Yes,Fiber optic,No,Yes,No,No,No,No,Month-to-month,Yes,Electronic check,79.15,79.15,1
6204-IEUXJ,Female,No,No,No,3,Yes,No,Fiber optic,No,No,Yes,Yes,No,No,Month-to-month,No,Credit card (automatic),80.1,217.55,1
3797-VTIDR,Male,No,Yes,No,1,No,No,DSL,No,No,No,No,No,No,Month-to-month,Yes,Electronic check,23.45,23.45,1
4937-QPZPO,Male,No,Yes,Yes,61,Yes,Yes,Fiber optic,No,No,Yes,No,Yes,Yes,One year,Yes,Electronic check,99.9,6241.35,0
4828-FAZPK,Female,No,Yes,Yes,16,Yes,Yes,Fiber optic,No,Yes,No,No,No,No,Month-to-month,Yes,Credit card (automatic),79.95,1267.95,0
4821-SJHJV,Female,No,Yes,Yes,32,Yes,Yes,Fiber optic,Yes,No,No,No,Yes,No,Month-to-month,No,Electronic check,89.6,2901.8,0
9547-ITEFG,Male,No,Yes,Yes,9,Yes,Yes,Fiber optic,No,Yes,Yes,No,Yes,Yes,Month-to-month,Yes,Credit card (automatic),102.6,897.75,0
3177-LASXD,Female,No,No,No,1,Yes,No,Fiber optic,No,No,No,No,No,No,Month-to-month,No,Electronic check,71.35,71.35,1
2068-WWXQZ,Male,No,No,No,46,Yes,No,No,No,No,No,No,No,No,Two year,No,Bank transfer (automatic),20.05,902.0,0
3295-YVUSR,Male,Yes,No,No,2,Yes,Yes,Fiber optic,No,No,No,No,No,No,Month-to-month,Yes,Mailed check,72.6,154.3,0
7198-GLXTC,Male,No,No,No,2,Yes,No,Fiber optic,No,No,No,No,Yes,No,Month-to-month,No,Electronic check,79.0,143.65,1
5730-DBDSI,Male,No,No,No,66,Yes,No,No,No,No,No,No,No,No,Two year,No,Bank transfer (automatic),19.7,1253.8,0
4482-EWFMI,Female,No,No,No,2,Yes,No,Fiber optic,No,No,No,No,No,No,Month-to-month,Yes,Electronic check,69.7,135.2,0
6919-ELBGL,Male,Yes,Yes,Yes,72,Yes,Yes,Fiber optic,Yes,Yes,Yes,Yes,Yes,Yes,Two year,Yes,Bank transfer (automatic),114.95,8196.4,0
0270-THENM,Male,No,Yes,Yes,72,Yes,Yes,DSL,Yes,Yes,Yes,Yes,No,No,Two year,No,Bank transfer (automatic),69.85,5102.35,0
3511-BFTJW,Male,No,Yes,Yes,72,No,No,DSL,Yes,Yes,Yes,No,No,No,Two year,No,Credit card (automatic),38.5,2763.0,0
2709-UQGNP,Male,No,No,No,10,Yes,No,DSL,Yes,No,No,No,No,No,Month-to-month,Yes,Mailed check,51.65,524.5,0
8429-XIBUM,Male,No,No,No,22,Yes,Yes,Fiber optic,Yes,No,No,No,Yes,Yes,Month-to-month,Yes,Bank transfer (automatic),101.35,2317.1,1
5681-LLOEI,Male,No,Yes,Yes,43,Yes,Yes,Fiber optic,Yes,No,Yes,Yes,No,No,One year,Yes,Credit card (automatic),91.25,4013.8,0
3643-AHCFP,Male,Yes,Yes,No,7,Yes,Yes,Fiber optic,No,No,No,No,Yes,Yes,Month-to-month,Yes,Bank transfer (automatic),95.6,644.35,1
2254-DLXRI,Female,No,No,No,1,Yes,Yes,Fiber optic,No,Yes,No,No,No,No,Month-to-month,Yes,Mailed check,79.15,79.15,0
4647-MUZON,Female,No,Yes,No,18,Yes,No,Fiber optic,No,No,Yes,No,Yes,Yes,Month-to-month,Yes,Credit card (automatic),95.95,1745.5,0
0347-UBKUZ,Female,No,No,No,15,Yes,No,No,No,No,No,No,No,No,Month-to-month,No,Mailed check,19.9,320.45,0
0621-CXBKL,Female,No,No,No,53,Yes,No,No,No,No,No,No,No,No,Two year,No,Mailed check,18.7,1005.7,0
6351-SCJKT,Male,No,No,No,3,No,No,DSL,Yes,No,Yes,Yes,No,No,Month-to-month,No,Mailed check,41.35,107.25,0
6942-LBFDP,Female,No,No,No,2,Yes,No,No,No,No,No,No,No,No,Month-to-month,Yes,Mailed check,20.55,33.6,0
9764-REAFF,Female,No,Yes,No,59,Yes,No,No,No,No,No,No,No,No,Two year,No,Bank transfer (automatic),18.4,1057.85,0
2181-TIDSV,Male,No,Yes,Yes,68,Yes,No,No,No,No,No,No,No,No,Two year,Yes,Bank transfer (automatic),19.95,1303.25,0
3197-ARFOY,Female,Yes,No,No,19,Yes,No,Fiber optic,Yes,Yes,No,Yes,Yes,Yes,Month-to-month,Yes,Mailed check,105.0,2007.25,0
2476-YGEFM,Female,No,No,No,29,Yes,Yes,Fiber optic,No,No,No,No,No,No,Month-to-month,Yes,Credit card (automatic),76.0,2215.25,0
6368-NWMCE,Female,No,No,No,38,Yes,Yes,DSL,No,Yes,No,Yes,No,Yes,Month-to-month,No,Credit card (automatic),68.15,2656.3,0
8328-SKJNO,Male,No,No,Yes,23,No,No,DSL,Yes,Yes,No,Yes,No,No,One year,No,Bank transfer (automatic),40.65,947.4,0
7021-XSNYE,Male,No,Yes,Yes,7,No,No,DSL,Yes,No,Yes,Yes,No,Yes,Two year,No,Credit card (automatic),49.65,305.55,0
4554-YGZIH,Male,Yes,Yes,No,49,Yes,Yes,Fiber optic,No,Yes,No,No,No,Yes,Month-to-month,No,Credit card (automatic),90.05,4547.25,1
7850-THJMU,Female,No,Yes,Yes,26,Yes,No,No,No,No,No,No,No,No,Two year,No,Credit card (automatic),19.65,494.9,0
1555-DJEQW,Female,No,Yes,Yes,70,Yes,Yes,Fiber optic,Yes,Yes,Yes,Yes,Yes,Yes,Two year,Yes,Bank transfer (automatic),114.2,7723.9,1
8958-JPTRR,Female,No,Yes,No,56,Yes,Yes,No,No,No,No,No,No,No,One year,No,Electronic check,24.3,1261.7,0
4518-FZBSX,Male,No,Yes,Yes,42,Yes,No,No,No,No,No,No,No,No,One year,No,Mailed check,20.25,854.9,0
3146-MSEGF,Female,Yes,Yes,Yes,72,Yes,Yes,DSL,Yes,Yes,Yes,Yes,Yes,Yes,Two year,Yes,Credit card (automatic),88.05,6425.65,0
2320-TZRRH,Female,No,No,No,20,Yes,No,No,No,No,No,No,No,No,One year,No,Mailed check,19.5,403.15,0
8245-UMPYT,Female,Yes,No,No,16,Yes,Yes,Fiber optic,No,No,No,No,Yes,Yes,Month-to-month,Yes,Electronic check,96.4,1581.2,1
1498-DQNRX,Female,No,Yes,No,29,Yes,No,No,No,No,No,No,No,No,Month-to-month,No,Mailed check,19.85,573.05,0
2903-YYTBW,Male,No,Yes,Yes,1,Yes,No,DSL,No,No,No,No,No,No,Month-to-month,No,Electronic check,44.55,44.55,0
5655-JSMZM,Male,Yes,No,No,49,Yes,Yes,Fiber optic,No,No,No,No,Yes,Yes,Month-to-month,Yes,Electronic check,96.2,4718.25,1
8388-DMKAE,Female,No,No,No,8,Yes,No,No,No,No,No,No,No,No,Two year,No,Mailed check,20.25,174.65,0
9840-EFJQB,Female,No,No,No,1,Yes,No,Fiber optic,No,Yes,No,No,No,No,Month-to-month,No,Electronic check,74.35,74.35,0
3207-OYBWH,Male,Yes,Yes,No,57,Yes,Yes,Fiber optic,No,Yes,Yes,No,No,Yes,Month-to-month,Yes,Bank transfer (automatic),95.25,5427.05,1
6379-RXJRQ,Male,No,Yes,No,10,Yes,No,Fiber optic,No,No,No,No,No,No,Month-to-month,Yes,Electronic check,70.1,659.65,1
3427-GGZZI,Female,No,Yes,No,19,Yes,Yes,Fiber optic,No,Yes,No,No,No,Yes,Month-to-month,Yes,Electronic check,89.1,1620.8,0
5346-BZCHP,Female,No,Yes,Yes,69,Yes,No,No,No,No,No,No,No,No,Two year,No,Mailed check,19.4,1346.2,0
0674-EYYZV,Female,No,No,No,1,Yes,No,DSL,No,No,No,No,Yes,No,Month-to-month,Yes,Electronic check,54.65,54.65,0
1934-MKPXS,Male,No,Yes,Yes,33,Yes,No,No,No,No,No,No,No,No,One year,No,Credit card (automatic),20.1,620.55,0
7890-VYYWG,Male,Yes,Yes,No,3,No,No,DSL,No,No,No,No,Yes,No,Month-to-month,Yes,Mailed check,36.45,93.7,1
8019-ENHXU,Male,No,Yes,No,42,Yes,Yes,Fiber optic,No,Yes,Yes,Yes,No,Yes,Month-to-month,Yes,Electronic check,99.45,4138.05,1
2027-CWDNU,Male,No,Yes,Yes,18,Yes,No,Fiber optic,No,No,No,Yes,No,Yes,Month-to-month,Yes,Electronic check,85.6,1601.5,0
9554-DFKIC,Male,No,Yes,Yes,30,Yes,Yes,DSL,Yes,No,No,No,No,No,Month-to-month,Yes,Bank transfer (automatic),54.45,1588.7,0
9824-QCJPK,Male,No,Yes,No,36,Yes,No,No,No,No,No,No,No,No,One year,No,Mailed check,20.0,666.75,0
7670-ZBPOQ,Female,No,Yes,No,58,Yes,Yes,DSL,Yes,No,No,Yes,No,No,One year,Yes,Bank transfer (automatic),61.05,3478.75,0
7426-GSWPO,Male,Yes,No,No,64,Yes,Yes,Fiber optic,Yes,Yes,No,No,Yes,Yes,Month-to-month,Yes,Bank transfer (automatic),103.5,6548.65,0
3261-CQXOL,Female,No,Yes,Yes,71,Yes,Yes,No,No,No,No,No,No,No,Two year,No,Bank transfer (automatic),25.45,1813.35,0
0928-JMXNP,Male,Yes,Yes,No,4,No,No,DSL,No,No,Yes,No,No,No,Month-to-month,Yes,Electronic check,29.9,118.25,0
7291-CDTMJ,Male,No,No,No,1,Yes,No,No,No,No,No,No,No,No,Month-to-month,Yes,Bank transfer (automatic),19.65,19.65,0
4644-PIZRT,Male,No,Yes,Yes,17,Yes,Yes,DSL,Yes,No,Yes,No,Yes,No,One year,Yes,Bank transfer (automatic),70.35,1201.65,0
8961-QDZZJ,Female,No,Yes,Yes,57,Yes,No,Fiber optic,No,Yes,No,No,Yes,Yes,One year,Yes,Electronic check,95.0,5535.8,0
9812-GHVRI,Female,No,No,No,40,Yes,Yes,Fiber optic,No,No,No,No,No,Yes,Month-to-month,No,Bank transfer (automatic),83.85,3532.25,0
9066-QRSDU,Female,No,Yes,No,69,Yes,Yes,No,No,No,No,No,No,No,One year,Yes,Electronic check,26.3,1763.55,0
0468-YRPXN,Male,No,No,No,29,Yes,No,Fiber optic,No,No,Yes,Yes,Yes,Yes,Month-to-month,Yes,Credit card (automatic),98.8,2807.1,0
0526-SXDJP,Male,No,Yes,No,72,No,No,DSL,Yes,Yes,Yes,No,No,No,Two year,No,Bank transfer (automatic),42.1,2962.0,0
2694-CIUMO,Female,No,No,No,12,Yes,Yes,Fiber optic,No,No,No,Yes,No,No,Month-to-month,Yes,Credit card (automatic),79.55,958.25,0
2799-ARNLO,Female,Yes,Yes,No,5,Yes,No,Fiber optic,No,No,No,No,No,No,Month-to-month,Yes,Electronic check,69.35,341.6,0
8905-IAZPF,Female,No,Yes,No,69,Yes,No,Fiber optic,No,Yes,No,No,Yes,Yes,One year,Yes,Credit card (automatic),95.65,6744.2,0
6169-PGNCD,Female,No,No,No,57,Yes,No,DSL,Yes,Yes,Yes,Yes,Yes,No,Two year,Yes,Credit card (automatic),74.3,4166.35,0
1589-AGTLK,Male,No,No,No,3,Yes,No,DSL,No,No,No,No,No,No,Month-to-month,Yes,Electronic check,45.35,141.5,1
2325-ZUSFD,Female,No,Yes,Yes,57,Yes,No,DSL,Yes,No,No,No,Yes,Yes,One year,Yes,Bank transfer (automatic),70.1,3913.3,1
7860-UXCRM,Male,No,Yes,Yes,63,Yes,No,DSL,Yes,Yes,Yes,Yes,Yes,No,Two year,No,Credit card (automatic),74.5,4674.55,0
7343-EOBEU,Male,No,Yes,No,3,Yes,Yes,No,No,No,No,No,No,No,Month-to-month,Yes,Mailed check,23.6,89.05,0
5396-IZEPB,Male,No,No,No,9,Yes,No,No,No,No,No,No,No,No,Month-to-month,No,Credit card (automatic),19.7,180.7,0
5562-BETPV,Male,No,Yes,Yes,1,Yes,No,No,No,No,No,No,No,No,One year,No,Mailed check,19.65,19.65,0
5003-OKNNK,Female,No,Yes,Yes,15,Yes,No,No,No,No,No,No,No,No,One year,No,Credit card (automatic),20.35,335.95,0
7422-WNBTY,Male,No,Yes,No,33,Yes,Yes,Fiber optic,No,Yes,Yes,No,No,Yes,Month-to-month,Yes,Electronic check,93.35,3092.0,0
7750-EYXWZ,Female,No,No,No,12,No,No,DSL,No,Yes,Yes,Yes,Yes,Yes,One year,No,Electronic check,60.65,743.3,0
7471-MQPOS,Male,Yes,Yes,Yes,71,Yes,Yes,DSL,No,Yes,Yes,Yes,No,Yes,One year,Yes,Bank transfer (automatic),72.9,5139.65,0
1574-DYCWE,Female,No,Yes,Yes,51,Yes,No,No,No,No,No,No,No,No,Two year,No,Mailed check,19.95,1028.75,0
5393-HJZSM,Female,No,Yes,Yes,32,Yes,No,DSL,Yes,Yes,Yes,Yes,No,Yes,Month-to-month,No,Bank transfer (automatic),76.3,2404.15,0
3717-OFRTN,Male,No,No,No,1,Yes,No,No,No,No,No,No,No,No,Month-to-month,No,Bank transfer (automatic),19.75,19.75,0
4837-QUSFT,Female,No,Yes,No,65,Yes,Yes,Fiber optic,Yes,Yes,No,Yes,Yes,No,One year,Yes,Bank transfer (automatic),100.15,6643.5,0
3441-CGZJH,Female,No,Yes,Yes,43,No,No,DSL,Yes,No,Yes,Yes,Yes,Yes,One year,Yes,Credit card (automatic),60.4,2640.55,0
2351-BKRZW,Female,No,Yes,Yes,43,Yes,No,DSL,Yes,No,Yes,No,Yes,Yes,Two year,No,Bank transfer (automatic),75.2,3254.35,0
2450-ZKEED,Female,No,No,No,11,Yes,No,DSL,No,No,Yes,Yes,No,No,One year,No,Bank transfer (automatic),53.8,651.55,0
2245-ADZFJ,Female,No,Yes,Yes,31,Yes,Yes,DSL,No,Yes,No,Yes,Yes,Yes,Two year,No,Bank transfer (automatic),80.55,2471.6,0
8017-LXHFA,Female,Yes,No,No,23,Yes,No,Fiber optic,No,Yes,No,No,Yes,Yes,Month-to-month,Yes,Electronic check,94.75,2293.6,1
9450-TRJUU,Male,No,No,No,35,Yes,Yes,Fiber optic,No,No,No,No,Yes,No,Month-to-month,No,Electronic check,83.15,2848.45,0
7032-LMBHI,Female,No,No,No,37,Yes,Yes,DSL,Yes,No,No,No,Yes,No,One year,No,Bank transfer (automatic),64.65,2347.85,0
7722-VJRQD,Male,No,Yes,Yes,72,No,No,DSL,Yes,No,Yes,Yes,Yes,Yes,Two year,No,Bank transfer (automatic),60.95,4549.05,0
2672-TGEFF,Female,No,Yes,Yes,37,Yes,Yes,Fiber optic,No,Yes,No,No,Yes,No,Month-to-month,Yes,Electronic check,88.8,3340.55,0
4636-TVXVG,Male,No,Yes,Yes,62,Yes,No,No,No,No,No,No,No,No,One year,No,Bank transfer (automatic),19.95,1244.8,0
5309-TAIKL,Female,No,No,No,7,Yes,No,DSL,No,No,Yes,Yes,No,Yes,Month-to-month,No,Bank transfer (automatic),62.8,418.3,0
7554-NEWDD,Male,No,No,No,10,Yes,Yes,No,No,No,No,No,No,No,Two year,No,Bank transfer (automatic),25.7,251.6,0
6974-DAFLI,Female,No,Yes,No,55,Yes,No,No,No,No,No,No,No,No,One year,No,Electronic check,19.7,1140.05,0
9046-JBFWA,Male,No,No,Yes,27,Yes,No,No,No,No,No,No,No,No,Month-to-month,No,Mailed check,19.15,537.35,0
7054-ENNGU,Female,No,Yes,No,9,Yes,No,DSL,No,Yes,No,No,No,No,Month-to-month,No,Mailed check,50.85,466.6,0
7580-UGXNC,Female,Yes,No,No,2,Yes,No,DSL,Yes,Yes,No,No,No,No,Month-to-month,No,Mailed check,54.85,104.2,1
9174-IHETN,Female,No,No,Yes,50,Yes,No,Fiber optic,No,No,No,No,No,No,Two year,No,Credit card (automatic),70.35,3533.6,0
9848-JQJTX,Male,No,No,No,72,Yes,Yes,Fiber optic,No,Yes,Yes,No,Yes,Yes,Two year,Yes,Bank transfer (automatic),100.9,7459.05,0
7041-TXQJH,Female,No,No,No,37,No,No,DSL,No,No,Yes,No,No,Yes,Month-to-month,Yes,Credit card (automatic),40.2,1478.85,0
9540-JYROE,Male,No,No,No,8,Yes,No,Fiber optic,No,No,No,No,No,No,Month-to-month,Yes,Mailed check,70.1,551.35,1
5876-HZVZM,Female,No,Yes,Yes,6,Yes,No,DSL,Yes,Yes,No,No,No,No,Month-to-month,No,Credit card (automatic),55.9,365.35,1
1741-WTPON,Male,No,Yes,Yes,56,Yes,Yes,Fiber optic,Yes,Yes,Yes,Yes,Yes,Yes,Two year,No,Mailed check,115.85,6567.9,0
0682-USIXD,Female,No,Yes,No,21,Yes,No,Fiber optic,No,No,No,Yes,Yes,No,Month-to-month,Yes,Electronic check,86.05,1818.9,0
1097-FSPVW,Female,No,No,No,42,Yes,No,DSL,Yes,No,Yes,No,No,No,Month-to-month,No,Credit card (automatic),54.55,2455.05,0
8434-VGEQQ,Male,No,Yes,Yes,61,Yes,No,No,No,No,No,No,No,No,Two year,No,Credit card (automatic),20.55,1305.95,0
6778-YSNIH,Female,No,No,No,2,Yes,No,DSL,No,Yes,No,No,Yes,No,Month-to-month,Yes,Electronic check,59.0,114.15,0
7080-TNUWP,Male,No,Yes,No,70,Yes,Yes,Fiber optic,No,Yes,Yes,No,Yes,No,One year,Yes,Bank transfer (automatic),95.0,6602.9,0
8169-SAEJD,Male,Yes,Yes,No,69,No,No,DSL,Yes,Yes,No,No,Yes,Yes,Two year,No,Credit card (automatic),56.55,3952.65,0
7567-ECMCM,Male,No,No,No,24,Yes,No,Fiber optic,No,No,No,No,No,Yes,Month-to-month,Yes,Credit card (automatic),79.85,2001.0,0
6304-IJFSQ,Male,No,No,No,3,Yes,No,DSL,No,Yes,No,No,No,No,Month-to-month,Yes,Mailed check,49.9,130.1,1
9738-QLWTP,Male,No,No,No,39,Yes,No,Fiber optic,No,No,Yes,Yes,No,No,One year,No,Electronic check,81.9,3219.75,0
1099-BTKWT,Female,No,Yes,No,68,No,No,DSL,Yes,No,Yes,No,Yes,Yes,One year,Yes,Electronic check,54.4,3723.65,0
0887-WBJVH,Female,No,Yes,No,53,Yes,No,Fiber optic,No,No,No,Yes,Yes,Yes,One year,Yes,Electronic check,93.45,4872.2,0
2607-DHDAK,Male,No,Yes,Yes,72,Yes,No,No,No,No,No,No,No,No,Two year,Yes,Credit card (automatic),19.8,1414.65,0
3663-MITLP,Female,No,No,No,15,Yes,No,Fiber optic,No,Yes,Yes,No,Yes,Yes,Month-to-month,Yes,Electronic check,101.25,1457.25,1
4836-WNFNO,Female,No,Yes,No,72,Yes,Yes,No,No,No,No,No,No,No,Two year,No,Credit card (automatic),25.0,1849.2,0
8869-TORSS,Female,No,No,No,48,Yes,No,DSL,Yes,No,Yes,Yes,No,No,One year,Yes,Credit card (automatic),60.35,2896.4,1
9762-YAQAA,Male,No,No,No,39,Yes,Yes,Fiber optic,No,Yes,No,No,No,No,One year,No,Credit card (automatic),81.4,3213.75,0
6839-ITVZJ,Female,No,Yes,Yes,26,Yes,Yes,DSL,No,Yes,No,Yes,No,No,Month-to-month,Yes,Electronic check,60.05,1616.15,1
2867-UIMSS,Male,No,No,No,1,Yes,No,Fiber optic,No,No,No,No,No,Yes,Month-to-month,No,Electronic check,80.5,80.5,1
9385-EHGDO,Female,No,Yes,Yes,35,Yes,No,No,No,No,No,No,No,No,Two year,Yes,Mailed check,19.85,739.35,0
3717-OEAUQ,Male,No,No,No,2,Yes,No,Fiber optic,No,No,No,No,No,No,Month-to-month,No,Mailed check,70.7,129.2,0
5628-RKIFK,Female,Yes,No,No,49,Yes,Yes,Fiber optic,Yes,No,No,No,Yes,Yes,Month-to-month,No,Credit card (automatic),101.55,5070.4,0
5982-PSMKW,Female,No,Yes,Yes,23,Yes,Yes,DSL,Yes,Yes,Yes,Yes,Yes,Yes,Two year,Yes,Credit card (automatic),91.1,2198.3,0
5619-PTMIK,Female,No,Yes,No,46,Yes,Yes,DSL,Yes,No,No,No,No,No,Month-to-month,No,Electronic check,53.1,2459.8,0
6029-CSMJE,Male,No,No,No,17,No,No,DSL,No,No,No,No,No,No,Month-to-month,Yes,Mailed check,25.65,440.2,0
9500-WBGRP,Male,No,No,No,69,Yes,No,No,No,No,No,No,No,No,Two year,Yes,Mailed check,19.1,1268.85,0
3671-SHRSP,Male,No,Yes,No,4,Yes,No,Fiber optic,No,No,Yes,Yes,No,No,Month-to-month,Yes,Mailed check,80.6,319.15,1
7938-OUHIO,Male,No,No,No,3,Yes,No,Fiber optic,No,No,Yes,Yes,Yes,Yes,Month-to-month,Yes,Electronic check,98.7,293.65,1
7018-WBJNK,Male,No,No,Yes,13,Yes,No,Fiber optic,No,No,No,No,Yes,No,Month-to-month,Yes,Credit card (automatic),78.3,1033.95,0
2842-JTCCU,Male,No,No,No,2,Yes,No,DSL,No,No,No,No,No,No,Month-to-month,No,Bank transfer (automatic),46.05,80.35,1
5837-LXSDN,Female,No,Yes,Yes,21,Yes,No,DSL,No,Yes,No,No,Yes,No,One year,Yes,Credit card (automatic),58.85,1215.45,0
3170-NMYVV,Female,No,Yes,Yes,50,Yes,No,No,No,No,No,No,No,No,Two year,No,Bank transfer (automatic),20.15,930.9,0
5820-PTRYM,Female,Yes,Yes,No,56,Yes,Yes,DSL,Yes,Yes,Yes,Yes,No,No,One year,Yes,Credit card (automatic),68.45,4014.0,0
2753-JMMCV,Male,No,No,No,65,Yes,Yes,DSL,No,Yes,Yes,Yes,No,Yes,Two year,Yes,Credit card (automatic),74.2,4805.65,0
5574-NXZIU,Male,No,No,No,63,Yes,No,Fiber optic,Yes,Yes,Yes,Yes,Yes,Yes,Two year,No,Credit card (automatic),109.2,7049.75,0
5013-SBUIH,Female,No,No,No,50,Yes,Yes,Fiber optic,Yes,Yes,No,Yes,Yes,Yes,Two year,Yes,Electronic check,109.65,5551.15,1
4223-BKEOR,Female,No,No,Yes,21,Yes,No,DSL,Yes,No,Yes,No,No,Yes,One year,No,Mailed check,64.85,1336.8,0
8865-TNMNX,Male,No,Yes,Yes,10,Yes,No,DSL,No,Yes,No,No,No,No,One year,No,Mailed check,49.55,475.7,0
2391-IPLOP,Male,No,Yes,Yes,50,Yes,Yes,DSL,No,No,Yes,Yes,Yes,No,One year,Yes,Electronic check,69.65,3442.15,0
5519-NPHVG,Female,No,No,No,12,Yes,Yes,Fiber optic,No,No,No,No,Yes,Yes,Month-to-month,Yes,Electronic check,94.2,1046.1,1
5448-VWNAM,Female,No,No,Yes,19,Yes,Yes,DSL,Yes,Yes,No,Yes,Yes,No,Month-to-month,Yes,Mailed check,75.9,1375.6,0
1104-TNLZA,Male,Yes,Yes,No,28,Yes,Yes,Fiber optic,No,Yes,No,Yes,Yes,Yes,Month-to-month,Yes,Electronic check,105.8,2998.0,0
0643-OKLRP,Female,Yes,Yes,No,47,Yes,Yes,Fiber optic,Yes,No,No,No,No,No,Month-to-month,No,Electronic check,80.35,3825.85,1
2320-JRSDE,Female,No,Yes,Yes,1,Yes,No,No,No,No,No,No,No,No,Month-to-month,Yes,Electronic check,19.9,19.9,1
2388-LAESQ,Female,Yes,Yes,No,72,Yes,Yes,Fiber optic,Yes,Yes,Yes,Yes,Yes,Yes,Two year,Yes,Bank transfer (automatic),114.85,8317.95,0
1921-KYSAY,Female,No,No,No,41,Yes,Yes,DSL,No,No,Yes,Yes,No,Yes,One year,Yes,Electronic check,68.6,2877.05,0
6982-UQZLY,Female,Yes,Yes,No,1,Yes,No,No,No,No,No,No,No,No,Month-to-month,Yes,Mailed check,20.85,20.85,1
1291-CUOCY,Male,No,Yes,No,72,Yes,Yes,Fiber optic,No,Yes,Yes,Yes,Yes,Yes,Two year,Yes,Credit card (automatic),110.6,7962.2,0
7901-IIDQV,Male,No,No,No,24,Yes,Yes,DSL,No,No,No,Yes,No,No,One year,No,Bank transfer (automatic),54.6,1242.25,0
4335-BSMJS,Female,No,No,No,62,Yes,Yes,No,No,No,No,No,No,No,Two year,Yes,Credit card (automatic),25.8,1563.95,0
1357-MVDOZ,Male,No,Yes,Yes,11,Yes,No,DSL,No,No,Yes,No,Yes,No,Month-to-month,Yes,Bank transfer (automatic),59.65,683.25,0
5887-IKKYO,Male,No,Yes,Yes,58,Yes,Yes,Fiber optic,No,No,Yes,Yes,No,Yes,Two year,No,Bank transfer (automatic),94.35,5563.65,0
9224-VTYID,Male,No,Yes,Yes,47,Yes,Yes,DSL,Yes,Yes,Yes,Yes,Yes,Yes,Two year,Yes,Mailed check,90.5,4318.35,0
8064-RAVOH,Male,No,No,Yes,1,Yes,No,DSL,No,No,Yes,No,No,No,Month-to-month,Yes,Electronic check,49.85,49.85,0
8155-IBNHG,Female,No,Yes,No,24,Yes,Yes,Fiber optic,No,No,No,No,No,No,Month-to-month,Yes,Credit card (automatic),75.4,1747.85,1
2351-RRBUE,Female,No,Yes,Yes,7,Yes,No,No,No,No,No,No,No,No,One year,No,Mailed check,20.65,134.05,0
6248-TKCQV,Female,No,Yes,Yes,70,Yes,Yes,DSL,Yes,No,No,Yes,Yes,Yes,Two year,Yes,Bank transfer (automatic),80.6,5460.2,0
3307-TLCUD,Male,No,Yes,No,17,No,No,DSL,Yes,No,Yes,No,No,No,Month-to-month,No,Mailed check,34.4,592.75,0
1385-TQOZW,Female,No,No,No,9,Yes,No,No,No,No,No,No,No,No,Month-to-month,Yes,Credit card (automatic),20.45,147.55,0
4102-OQUPX,Male,Yes,Yes,No,1,Yes,Yes,Fiber optic,No,No,No,No,No,No,Month-to-month,Yes,Electronic check,74.4,74.4,1
0334-ZFJSR,Female,No,Yes,No,55,Yes,Yes,DSL,Yes,Yes,No,Yes,No,No,One year,Yes,Credit card (automatic),66.05,3462.1,0
3908-MKIMJ,Male,Yes,Yes,No,68,No,No,DSL,Yes,Yes,Yes,No,No,No,Two year,Yes,Electronic check,41.95,2965.75,0
4002-BQWPQ,Male,No,No,No,25,Yes,Yes,DSL,Yes,Yes,Yes,Yes,No,Yes,Month-to-month,No,Bank transfer (automatic),81.75,2028.8,0
5996-EBTKM,Female,No,Yes,Yes,67,Yes,Yes,DSL,No,No,Yes,Yes,No,Yes,Two year,Yes,Bank transfer (automatic),69.9,4615.9,0
6591-QGOYB,Male,No,No,No,17,Yes,Yes,Fiber optic,Yes,Yes,Yes,Yes,Yes,No,Month-to-month,Yes,Bank transfer (automatic),106.65,1672.1,0
7771-ZONAT,Male,No,No,No,22,No,No,DSL,No,No,Yes,Yes,Yes,Yes,Two year,No,Bank transfer (automatic),56.75,1304.85,0
2335-GSODA,Male,No,No,Yes,23,No,No,DSL,Yes,No,Yes,Yes,No,No,Two year,No,Mailed check,40.1,857.75,0
2405-LBMUW,Female,No,Yes,Yes,61,No,No,DSL,Yes,Yes,No,Yes,No,Yes,One year,Yes,Bank transfer (automatic),50.7,3088.75,0
2404-JIBFC,Female,No,Yes,Yes,55,Yes,Yes,DSL,Yes,No,Yes,Yes,Yes,Yes,Two year,Yes,Bank transfer (automatic),85.1,4657.95,0
4597-ELFTS,Male,No,No,No,56,Yes,Yes,No,No,No,No,No,No,No,One year,No,Electronic check,24.9,1334.0,1
4774-HHGGS,Male,No,Yes,No,30,Yes,No,No,No,No,No,No,No,No,Two year,No,Mailed check,19.05,637.55,0
5032-MIYKT,Female,No,No,No,1,Yes,No,Fiber optic,No,No,No,No,No,No,Month-to-month,Yes,Mailed check,70.7,70.7,0
5090-EMGTC,Female,No,Yes,No,59,Yes,No,Fiber optic,No,Yes,No,Yes,Yes,Yes,Two year,Yes,Mailed check,100.05,6034.85,0
6024-RUGGH,Male,No,Yes,Yes,72,Yes,Yes,No,No,No,No,No,No,No,Two year,Yes,Bank transfer (automatic),25.2,1798.9,0
0946-CLJTI,Male,Yes,Yes,No,58,Yes,Yes,Fiber optic,No,No,Yes,No,Yes,Yes,Month-to-month,Yes,Electronic check,98.7,5812.6,1
4589-IUAJB,Male,No,Yes,No,70,Yes,Yes,No,No,No,No,No,No,No,Two year,No,Bank transfer (automatic),24.25,1724.15,0
4971-PUYQO,Female,No,No,No,27,Yes,Yes,Fiber optic,No,No,No,No,Yes,Yes,Month-to-month,Yes,Mailed check,94.55,2724.6,1
2362-IBOOY,Male,No,No,No,36,Yes,Yes,Fiber optic,No,No,No,No,No,Yes,Month-to-month,Yes,Electronic check,84.75,3050.15,1
0354-WYROK,Female,Yes,Yes,Yes,31,Yes,No,Fiber optic,No,No,Yes,Yes,Yes,Yes,Month-to-month,Yes,Electronic check,98.9,2911.3,1
9207-ZPANB,Male,No,No,No,37,Yes,Yes,DSL,Yes,Yes,Yes,Yes,No,No,One year,No,Electronic check,67.45,2443.3,0
0376-OIWME,Male,No,Yes,No,36,Yes,No,Fiber optic,Yes,No,No,No,Yes,Yes,Month-to-month,Yes,Electronic check,93.6,3366.05,0
5245-VDBUR,Female,No,Yes,No,52,No,No,DSL,Yes,No,Yes,No,No,No,One year,No,Mailed check,35.45,1958.95,0
7284-ZZLOH,Male,No,Yes,No,45,Yes,No,DSL,Yes,No,Yes,No,No,No,Two year,No,Credit card (automatic),53.3,2296.25,0
0268-QKIWO,Female,No,No,No,3,Yes,No,No,No,No,No,No,No,No,Month-to-month,No,Electronic check,19.75,58.85,1
1439-LCGVL,Female,No,Yes,No,26,Yes,No,No,No,No,No,No,No,No,One year,No,Mailed check,19.2,459.6,0
5712-AHQNN,Female,No,No,No,43,Yes,No,Fiber optic,No,Yes,Yes,No,Yes,No,Month-to-month,Yes,Electronic check,91.65,3954.1,0
5228-EXCET,Male,No,No,No,13,Yes,No,Fiber optic,No,No,No,No,No,Yes,Month-to-month,Yes,Electronic check,80.85,1008.7,1
2782-JEEBU,Male,No,No,No,21,No,No,DSL,No,Yes,No,Yes,No,No,Month-to-month,Yes,Mailed check,36.0,780.15,0
0851-DFJKB,Female,No,No,No,15,Yes,No,DSL,Yes,No,Yes,Yes,No,No,Month-to-month,No,Electronic check,58.95,955.15,0
2074-GUHPQ,Female,No,No,Yes,17,Yes,Yes,Fiber optic,No,Yes,Yes,Yes,No,No,Month-to-month,Yes,Credit card (automatic),92.7,1556.85,0
9272-LSVYH,Male,No,No,No,10,Yes,No,Fiber optic,No,No,No,No,No,No,Month-to-month,No,Mailed check,70.15,735.5,0
4881-GQJTW,Male,No,No,No,14,Yes,No,No,No,No,No,No,No,No,Month-to-month,No,Credit card (automatic),19.6,300.4,0
2519-LBNQL,Male,Yes,Yes,No,60,Yes,Yes,Fiber optic,No,Yes,Yes,No,Yes,Yes,One year,Yes,Electronic check,104.35,6339.45,0
3956-CJUST,Female,Yes,No,No,23,Yes,No,Fiber optic,Yes,No,No,No,No,No,Month-to-month,Yes,Bank transfer (automatic),75.4,1643.55,0
2347-WKKAE,Male,No,Yes,No,42,Yes,Yes,Fiber optic,Yes,No,Yes,No,No,Yes,Month-to-month,Yes,Electronic check,94.4,4014.6,0
9897-KXHCM,Female,No,Yes,Yes,3,Yes,No,Fiber optic,No,No,No,No,No,Yes,Month-to-month,Yes,Electronic check,80.3,250.05,1
0743-HRVFF,Female,No,Yes,Yes,51,No,No,DSL,No,No,Yes,Yes,Yes,Yes,One year,Yes,Electronic check,56.15,2898.95,0
5804-JMYIO,Female,No,Yes,Yes,39,Yes,No,No,No,No,No,No,No,No,Two year,No,Mailed check,19.75,757.95,0
7096-UCLNH,Male,No,No,No,1,Yes,No,No,No,No,No,No,No,No,Month-to-month,No,Mailed check,20.05,20.05,0
7876-AEHIG,Female,No,No,Yes,51,No,No,DSL,Yes,No,Yes,Yes,Yes,Yes,One year,No,Bank transfer (automatic),60.15,3077.0,0
6723-WSNTY,Female,Yes,Yes,No,66,Yes,Yes,Fiber optic,No,Yes,Yes,Yes,Yes,Yes,One year,Yes,Credit card (automatic),108.1,7181.95,0
9863-JZAIC,Male,No,No,No,35,Yes,No,DSL,No,No,No,No,Yes,No,Month-to-month,No,Mailed check,55.0,2010.55,1
8456-QDAVC,Male,No,No,No,19,Yes,No,Fiber optic,No,No,No,No,Yes,No,Month-to-month,Yes,Bank transfer (automatic),78.7,1495.1,0
3521-SYVOR,Female,No,No,No,37,Yes,No,DSL,No,No,No,No,Yes,Yes,Month-to-month,Yes,Electronic check,64.75,2345.2,1
6696-YDAYZ,Male,No,Yes,Yes,16,Yes,No,No,No,No,No,No,No,No,Two year,No,Mailed check,20.5,290.55,0
3428-MMGUB,Male,No,No,No,60,Yes,Yes,Fiber optic,No,No,Yes,No,Yes,No,Two year,Yes,Electronic check,89.55,5231.2,0
6557-BZXLQ,Male,Yes,No,No,16,Yes,No,Fiber optic,No,No,No,No,No,No,Month-to-month,No,Electronic check,69.65,1043.3,0
8559-CIZFV,Male,No,Yes,Yes,21,Yes,Yes,DSL,Yes,Yes,No,Yes,Yes,No,One year,No,Mailed check,77.5,1625.0,1
2683-JXWQQ,Male,No,Yes,Yes,61,No,No,DSL,Yes,No,Yes,No,No,No,Month-to-month,No,Bank transfer (automatic),33.6,2117.2,0
7072-MBHEV,Female,Yes,Yes,Yes,11,Yes,Yes,Fiber optic,No,No,Yes,No,No,No,Month-to-month,Yes,Credit card (automatic),78.1,864.85,0
2789-CZANW,Female,No,Yes,Yes,64,Yes,Yes,Fiber optic,Yes,Yes,No,Yes,Yes,Yes,Two year,No,Bank transfer (automatic),110.3,6997.3,0
2788-CJQAQ,Male,No,No,No,13,Yes,No,No,No,No,No,No,No,No,One year,No,Mailed check,19.45,270.2,0
9170-GYZJC,Female,No,Yes,Yes,41,Yes,Yes,DSL,Yes,Yes,Yes,Yes,No,Yes,Month-to-month,No,Credit card (automatic),79.9,3326.2,1
6133-OZILE,Female,No,No,No,18,No,No,DSL,No,No,Yes,Yes,No,No,Month-to-month,Yes,Electronic check,35.2,607.3,0
3320-VEOYC,Male,Yes,No,No,14,Yes,Yes,Fiber optic,No,No,No,No,Yes,Yes,Month-to-month,Yes,Electronic check,95.6,1273.3,0
5599-HVLTW,Female,Yes,No,No,14,Yes,Yes,Fiber optic,No,No,Yes,No,No,No,Month-to-month,Yes,Bank transfer (automatic),80.35,1058.1,0
0956-ACVZC,Female,No,No,No,54,Yes,No,Fiber optic,No,No,Yes,No,Yes,Yes,One year,Yes,Credit card (automatic),94.1,5060.9,0
5207-PLSTK,Male,No,Yes,Yes,1,Yes,No,DSL,Yes,No,No,No,No,No,Month-to-month,Yes,Mailed check,48.75,48.75,0
4572-DVCGN,Female,No,No,No,10,Yes,No,Fiber optic,No,No,No,No,No,Yes,Month-to-month,Yes,Bank transfer (automatic),80.25,846.0,1
6608-QQLVK,Male,No,No,No,1,Yes,No,DSL,No,No,Yes,No,No,No,Month-to-month,Yes,Electronic check,50.5,50.5,1
6000-UKLWI,Male,No,No,No,41,Yes,No,No,No,No,No,No,No,No,Two year,No,Mailed check,20.15,802.35,0
5099-BAILX,Male,Yes,Yes,Yes,43,Yes,Yes,Fiber optic,No,Yes,Yes,Yes,Yes,Yes,Month-to-month,Yes,Bank transfer (automatic),110.75,4687.9,1
5018-HEKFO,Female,No,No,No,10,Yes,Yes,No,No,No,No,No,No,No,Month-to-month,Yes,Mailed check,24.5,270.15,0
4831-EOBFE,Male,No,Yes,Yes,29,Yes,No,Fiber optic,Yes,No,No,No,Yes,Yes,Month-to-month,No,Credit card (automatic),94.65,2649.15,1
0784-GTUUK,Male,No,Yes,No,62,Yes,Yes,No,No,No,No,No,No,No,One year,Yes,Credit card (automatic),23.75,1446.8,0
1066-JKSGK,Male,No,No,No,1,Yes,No,No,No,No,No,No,No,No,Month-to-month,No,Mailed check,20.15,20.15,1
2027-WKXMW,Female,No,Yes,No,63,Yes,Yes,Fiber optic,No,Yes,Yes,Yes,Yes,Yes,Month-to-month,Yes,Electronic check,108.75,6871.7,0
9091-WTUUY,Male,No,Yes,Yes,64,Yes,No,DSL,Yes,No,Yes,Yes,Yes,No,Two year,No,Mailed check,69.25,4447.75,0
3319-DWOEP,Male,Yes,Yes,No,6,Yes,No,Fiber optic,No,No,Yes,No,Yes,Yes,Month-to-month,Yes,Electronic check,95.75,573.75,1
4377-VDHYI,Male,No,Yes,Yes,32,Yes,No,Fiber optic,Yes,Yes,No,No,No,Yes,One year,Yes,Electronic check,90.8,3023.85,0
9919-FZDED,Male,Yes,Yes,No,72,Yes,Yes,DSL,Yes,Yes,Yes,No,Yes,Yes,Two year,Yes,Credit card (automatic),84.1,5981.65,0
9844-FELAJ,Female,Yes,Yes,Yes,70,Yes,Yes,Fiber optic,No,Yes,Yes,Yes,Yes,Yes,One year,Yes,Electronic check,107.9,7475.85,0
0939-YAPAF,Female,No,No,No,35,Yes,Yes,Fiber optic,No,No,Yes,No,Yes,Yes,Month-to-month,Yes,Electronic check,100.25,3527.6,1
0536-ACXIP,Female,No,Yes,No,72,Yes,Yes,Fiber optic,Yes,Yes,Yes,No,Yes,Yes,Two year,Yes,Electronic check,109.55,8165.1,0
9294-TDIPC,Male,No,No,Yes,5,Yes,No,No,No,No,No,No,No,No,Month-to-month,No,Mailed check,20.2,83.75,0
9846-GKXAS,Female,No,No,No,9,Yes,No,Fiber optic,No,No,No,No,Yes,Yes,Month-to-month,Yes,Bank transfer (automatic),90.8,809.75,1
2056-EVGZL,Male,No,Yes,Yes,68,Yes,No,Fiber optic,No,Yes,Yes,Yes,Yes,Yes,One year,No,Credit card (automatic),105.75,7322.5,0
6365-MTGZX,Male,No,No,No,24,Yes,No,Fiber optic,No,No,No,Yes,Yes,Yes,Month-to-month,Yes,Electronic check,96.0,2122.45,1
9917-KWRBE,Female,No,Yes,Yes,41,Yes,Yes,DSL,Yes,Yes,Yes,No,Yes,No,One year,Yes,Credit card (automatic),78.35,3211.2,0
7266-GSSJX,Male,No,Yes,Yes,11,Yes,No,No,No,No,No,No,No,No,Month-to-month,Yes,Electronic check,20.45,250.8,0
4631-OACRM,Male,Yes,No,No,15,Yes,No,Fiber optic,No,No,No,No,No,Yes,Month-to-month,Yes,Electronic check,79.4,1156.1,1
2612-RANWT,Female,No,No,No,12,Yes,Yes,Fiber optic,No,No,Yes,No,Yes,Yes,Month-to-month,Yes,Bank transfer (automatic),100.15,1164.3,1
2718-GAXQD,Female,Yes,Yes,Yes,4,Yes,No,DSL,No,No,No,No,No,No,Month-to-month,No,Electronic check,46.0,181.6,1
8200-KLNYW,Female,No,Yes,No,21,Yes,No,DSL,Yes,No,Yes,Yes,Yes,Yes,One year,No,Mailed check,80.9,1714.95,0
8646-JCOMS,Female,No,Yes,No,66,Yes,Yes,Fiber optic,No,Yes,Yes,Yes,No,No,One year,Yes,Bank transfer (automatic),90.55,6130.95,0
7845-URHJN,Female,No,Yes,No,8,Yes,No,No,No,No,No,No,No,No,Month-to-month,No,Bank transfer (automatic),20.15,156.25,1
2712-SYWAY,Female,No,No,No,1,Yes,Yes,No,No,No,No,No,No,No,Month-to-month,Yes,Electronic check,25.7,25.7,0
6518-KZXCB,Male,No,No,No,22,Yes,Yes,No,No,No,No,No,No,No,Two year,No,Mailed check,25.25,566.5,0
9503-XJUME,Male,No,No,Yes,52,Yes,No,No,No,No,No,No,No,No,One year,No,Credit card (automatic),19.65,928.4,0
2985-FMWYF,Female,No,No,No,23,Yes,Yes,Fiber optic,No,No,No,No,Yes,Yes,Month-to-month,Yes,Electronic check,93.5,2341.55,0
9030-QGZNL,Female,No,No,No,8,Yes,No,No,No,No,No,No,No,No,Two year,No,Mailed check,20.85,161.65,0
2211-RMNHO,Female,No,Yes,Yes,68,Yes,Yes,DSL,No,Yes,Yes,Yes,Yes,Yes,Two year,No,Bank transfer (automatic),85.3,5560.0,0
8495-LJDFO,Female,Yes,No,No,64,Yes,Yes,Fiber optic,Yes,No,Yes,Yes,Yes,Yes,Month-to-month,Yes,Bank transfer (automatic),108.95,7111.3,0
8468-FZTOE,Female,No,Yes,Yes,72,Yes,No,DSL,Yes,Yes,Yes,Yes,No,Yes,Two year,Yes,Electronic check,74.35,5237.4,0
3904-UKFRE,Male,No,No,No,4,Yes,Yes,Fiber optic,Yes,No,No,No,No,No,Month-to-month,Yes,Electronic check,80.1,336.15,0
4183-WCSEP,Male,No,No,No,31,Yes,No,Fiber optic,No,Yes,No,Yes,No,No,Month-to-month,Yes,Electronic check,78.45,2435.15,1
2995-UPRYS,Female,Yes,Yes,No,40,Yes,No,Fiber optic,No,Yes,No,Yes,Yes,Yes,One year,Yes,Credit card (automatic),99.2,4062.2,1
0932-YIXYU,Female,No,No,No,47,Yes,No,No,No,No,No,No,No,No,Two year,No,Credit card (automatic),20.25,1029.8,0
0121-SNYRK,Male,No,No,No,50,No,No,DSL,Yes,No,No,Yes,No,No,One year,Yes,Mailed check,35.4,1748.9,0
7672-VFMXZ,Male,No,Yes,No,57,Yes,No,DSL,Yes,No,No,Yes,No,No,Month-to-month,No,Electronic check,55.7,3171.6,0
4955-VCWBI,Female,No,Yes,Yes,43,Yes,No,No,No,No,No,No,No,No,One year,No,Mailed check,20.0,817.95,0
6416-JNVRK,Female,No,No,No,46,Yes,No,DSL,No,No,No,No,No,Yes,One year,No,Credit card (automatic),55.65,2688.85,0
2962-XPMCQ,Male,No,No,No,2,Yes,No,DSL,No,No,No,No,No,No,Month-to-month,Yes,Electronic check,45.15,98.5,1
9681-OXGVC,Female,No,No,No,5,Yes,Yes,Fiber optic,No,No,Yes,No,Yes,Yes,Month-to-month,Yes,Electronic check,100.5,514.0,1
7615-ESMYF,Female,No,Yes,No,2,No,No,DSL,No,No,No,No,Yes,Yes,Month-to-month,No,Electronic check,44.6,97.1,1
4257-GAESD,Female,No,No,No,6,No,No,DSL,No,No,No,No,Yes,Yes,Month-to-month,No,Credit card (automatic),45.0,298.7,0
0988-JRWWP,Female,No,No,No,3,Yes,No,DSL,No,No,No,No,Yes,No,Month-to-month,Yes,Electronic check,54.2,140.4,0
8317-BVKSO,Male,No,No,No,14,Yes,No,No,No,No,No,No,No,No,Month-to-month,Yes,Electronic check,20.05,299.3,0
2800-VEQXM,Female,No,No,No,3,Yes,No,Fiber optic,No,No,Yes,No,No,No,Month-to-month,Yes,Mailed check,74.75,238.1,0
9530-GRMJG,Male,No,Yes,Yes,70,Yes,Yes,DSL,No,Yes,Yes,Yes,Yes,Yes,Two year,Yes,Electronic check,84.1,5979.7,0
3580-REOAC,Male,No,No,No,10,Yes,No,DSL,No,No,No,No,No,No,Month-to-month,Yes,Credit card (automatic),44.85,435.4,1
8220-OCUFY,Female,No,No,No,21,Yes,No,DSL,Yes,No,Yes,Yes,No,No,One year,Yes,Electronic check,60.25,1258.35,0
5349-AZPEW,Female,No,Yes,Yes,5,No,No,DSL,No,No,No,No,No,No,Month-to-month,No,Mailed check,25.05,125.5,0
8294-UIMBA,Female,No,No,No,30,Yes,No,Fiber optic,No,No,No,Yes,Yes,Yes,One year,Yes,Bank transfer (automatic),94.4,2638.1,0
0193-ESZXP,Female,Yes,Yes,No,58,Yes,No,Fiber optic,Yes,Yes,No,Yes,Yes,Yes,One year,Yes,Credit card (automatic),105.5,6205.5,1
3873-NFTGI,Male,No,No,No,14,Yes,Yes,DSL,No,Yes,No,No,No,No,Month-to-month,Yes,Credit card (automatic),55.5,767.55,0
6625-IUTTT,Male,No,No,No,67,Yes,No,DSL,Yes,No,Yes,No,No,Yes,Two year,No,Bank transfer (automatic),65.55,4361.55,0
6319-IEJWJ,Male,No,Yes,Yes,20,Yes,No,Fiber optic,No,No,No,No,Yes,Yes,Month-to-month,Yes,Electronic check,90.2,1776.55,1
6834-NXDCA,Female,No,No,No,13,No,No,DSL,No,No,No,No,No,No,Month-to-month,Yes,Electronic check,23.9,300.8,1
7103-ZGVNT,Female,No,Yes,Yes,69,Yes,Yes,DSL,Yes,Yes,No,Yes,Yes,No,One year,No,Credit card (automatic),73.7,4885.85,0
0930-EHUZA,Female,No,No,No,36,Yes,No,DSL,Yes,Yes,Yes,Yes,Yes,No,One year,Yes,Mailed check,76.35,2606.35,0
1612-EOHDH,Female,No,No,No,1,Yes,No,DSL,No,No,No,No,No,No,Month-to-month,No,Electronic check,45.15,45.15,1
7162-WPHPM,Male,No,Yes,Yes,58,Yes,Yes,DSL,Yes,Yes,Yes,Yes,No,No,Two year,No,Credit card (automatic),71.6,4230.25,0
6317-YPKDH,Female,No,No,No,1,No,No,DSL,No,Yes,No,No,No,No,Month-to-month,No,Bank transfer (automatic),29.95,29.95,1
1702-CCFNJ,Male,No,Yes,No,52,Yes,Yes,DSL,No,Yes,No,Yes,No,No,Month-to-month,No,Bank transfer (automatic),61.35,3169.55,0
5201-USSQZ,Female,No,Yes,No,26,Yes,No,Fiber optic,No,No,No,Yes,No,Yes,Month-to-month,No,Credit card (automatic),85.9,2196.45,0
1400-MMYXY,Male,Yes,Yes,No,3,Yes,Yes,Fiber optic,No,Yes,Yes,No,Yes,Yes,Month-to-month,Yes,Electronic check,105.9,334.65,1
3850-OKINF,Male,No,Yes,Yes,71,Yes,Yes,DSL,Yes,No,No,No,Yes,No,One year,Yes,Electronic check,66.2,4692.55,0
6772-KSATR,Male,No,No,No,1,Yes,Yes,Fiber optic,Yes,No,No,No,No,No,Month-to-month,Yes,Electronic check,81.7,81.7,1
3363-DTIVD,Male,No,Yes,Yes,71,Yes,Yes,Fiber optic,Yes,No,Yes,No,Yes,Yes,Two year,No,Electronic check,105.55,7405.5,0
0975-VOOVL,Female,No,No,No,3,No,No,DSL,No,Yes,No,No,No,No,Month-to-month,No,Mailed check,29.2,98.5,0
6838-YAUVY,Female,No,No,No,54,Yes,Yes,Fiber optic,No,No,Yes,Yes,No,Yes,Two year,Yes,Bank transfer (automatic),95.1,5064.85,0
6578-KRMAW,Male,No,No,No,32,Yes,No,Fiber optic,Yes,Yes,Yes,No,No,Yes,Month-to-month,Yes,Credit card (automatic),93.4,2979.3,0
1245-HARPS,Female,No,Yes,No,14,Yes,No,No,No,No,No,No,No,No,Two year,No,Mailed check,20.4,292.4,0
8413-VONUO,Male,No,No,No,2,Yes,No,Fiber optic,No,Yes,No,No,Yes,Yes,Month-to-month,No,Electronic check,95.65,167.3,1
7969-FFOWG,Male,No,Yes,Yes,65,Yes,No,No,No,No,No,No,No,No,Two year,No,Mailed check,19.9,1292.6,0
3685-YLCMQ,Male,No,No,No,58,Yes,Yes,Fiber optic,No,No,Yes,Yes,Yes,Yes,One year,Yes,Electronic check,104.65,6219.6,1
5985-BEHZK,Female,Yes,Yes,No,72,Yes,Yes,Fiber optic,No,Yes,Yes,No,Yes,Yes,One year,No,Credit card (automatic),105.0,7578.05,0
9140-CZQZZ,Female,No,Yes,No,68,Yes,No,DSL,Yes,Yes,No,Yes,Yes,Yes,Two year,Yes,Bank transfer (automatic),79.6,5515.8,0
9233-PSYHO,Female,Yes,No,No,45,Yes,Yes,Fiber optic,No,No,Yes,No,Yes,Yes,One year,Yes,Bank transfer (automatic),100.15,4459.8,0
8910-LEDAG,Male,Yes,Yes,No,34,Yes,No,Fiber optic,No,No,No,No,No,No,Month-to-month,No,Credit card (automatic),71.55,2427.35,0
8670-ERCJH,Male,No,No,No,72,Yes,Yes,Fiber optic,Yes,Yes,Yes,Yes,Yes,Yes,Two year,No,Bank transfer (automatic),113.4,8164.1,0
9601-BRXPO,Female,No,Yes,No,25,Yes,Yes,Fiber optic,No,No,Yes,Yes,Yes,Yes,Month-to-month,Yes,Bank transfer (automatic),104.95,2566.5,1
7821-DPRQE,Male,No,Yes,No,68,Yes,Yes,Fiber optic,Yes,Yes,No,Yes,Yes,Yes,Month-to-month,Yes,Electronic check,107.7,7320.9,0
4829-ZLJTK,Female,Yes,Yes,No,72,Yes,Yes,Fiber optic,Yes,Yes,Yes,No,Yes,Yes,Two year,Yes,Electronic check,112.4,8046.85,0
8499-BRXTD,Male,No,No,No,18,Yes,No,No,No,No,No,No,No,No,One year,No,Mailed check,20.1,401.85,0
4827-USJHP,Male,No,No,No,20,Yes,No,DSL,No,Yes,No,No,No,No,Month-to-month,Yes,Mailed check,51.8,1023.85,0
6568-POCUI,Female,No,Yes,No,45,Yes,No,Fiber optic,No,No,No,Yes,Yes,Yes,Two year,Yes,Credit card (automatic),95.2,4285.8,0
9300-RENDD,Male,No,No,No,1,Yes,No,Fiber optic,No,No,No,No,Yes,No,Month-to-month,Yes,Electronic check,79.95,79.95,1
7576-OYWBN,Male,Yes,No,No,3,Yes,Yes,Fiber optic,No,No,No,No,No,No,Month-to-month,Yes,Electronic check,76.05,231.8,1
1228-FZFRV,Male,No,Yes,Yes,50,Yes,Yes,Fiber optic,Yes,No,Yes,No,Yes,Yes,Month-to-month,No,Credit card (automatic),105.95,5341.8,1
1038-ZAGBI,Female,No,Yes,Yes,12,Yes,No,No,No,No,No,No,No,No,One year,No,Bank transfer (automatic),19.8,229.6,1
0248-PGHBZ,Female,Yes,No,No,67,Yes,No,Fiber optic,Yes,Yes,No,Yes,Yes,No,Two year,Yes,Bank transfer (automatic),92.45,6140.85,0
6574-MCOEH,Female,No,Yes,Yes,33,Yes,Yes,DSL,No,No,Yes,Yes,Yes,Yes,One year,Yes,Electronic check,79.15,2531.4,0
2387-KDZQY,Male,No,No,No,17,Yes,No,No,No,No,No,No,No,No,One year,Yes,Mailed check,20.1,279.5,0
1779-PWPMG,Female,Yes,Yes,No,72,Yes,Yes,Fiber optic,Yes,Yes,Yes,Yes,Yes,Yes,Two year,Yes,Bank transfer (automatic),114.65,8333.95,0
9975-GPKZU,Male,No,Yes,Yes,46,Yes,No,No,No,No,No,No,No,No,Two year,No,Credit card (automatic),19.75,856.5,0
6695-AMZUF,Female,No,Yes,No,70,Yes,No,DSL,Yes,Yes,Yes,Yes,Yes,Yes,Two year,No,Credit card (automatic),86.45,5950.2,0
0786-IVLAW,Female,Yes,No,No,66,Yes,Yes,Fiber optic,No,Yes,Yes,No,Yes,Yes,One year,No,Bank transfer (automatic),108.1,7238.6,0
2049-BAFNW,Female,No,No,No,1,No,No,DSL,No,No,Yes,Yes,No,No,Month-to-month,No,Mailed check,35.9,35.9,0
8747-UDCOI,Female,No,Yes,No,65,Yes,No,No,No,No,No,No,No,No,Two year,No,Bank transfer (automatic),19.35,1319.95,0
7009-LGECI,Female,No,No,No,4,Yes,No,DSL,Yes,No,No,No,No,No,Month-to-month,Yes,Bank transfer (automatic),50.55,235.65,0
2123-AGEEN,Female,Yes,No,No,7,Yes,No,Fiber optic,No,No,Yes,No,Yes,No,Month-to-month,Yes,Electronic check,84.35,609.65,0
9986-BONCE,Female,No,No,No,4,Yes,No,No,No,No,No,No,No,No,Month-to-month,No,Bank transfer (automatic),20.95,85.5,1
6646-JPPHA,Female,Yes,No,No,14,Yes,No,Fiber optic,Yes,Yes,No,No,No,No,Month-to-month,No,Electronic check,78.85,1043.8,0
2055-PDADH,Female,Yes,No,No,3,Yes,No,Fiber optic,No,No,No,No,No,No,Month-to-month,Yes,Electronic check,70.4,204.7,1
5949-XIKAE,Female,No,Yes,Yes,8,Yes,No,Fiber optic,No,Yes,No,No,Yes,No,Month-to-month,Yes,Electronic check,83.55,680.05,1
6260-XLACS,Male,No,No,No,4,Yes,No,No,No,No,No,No,No,No,One year,No,Mailed check,19.7,117.8,0
9367-OIUXP,Male,No,No,No,4,Yes,No,No,No,No,No,No,No,No,Month-to-month,No,Mailed check,20.7,73.05,0
4742-DRORA,Male,No,Yes,Yes,60,Yes,Yes,Fiber optic,Yes,No,Yes,No,Yes,No,One year,Yes,Bank transfer (automatic),95.4,5812.0,0
2002-MZHWP,Female,No,No,No,1,Yes,No,No,No,No,No,No,No,No,Month-to-month,No,Mailed check,20.5,20.5,1
2718-YSKCS,Male,No,Yes,Yes,71,Yes,No,No,No,No,No,No,No,No,Two year,Yes,Bank transfer (automatic),19.6,1387.45,0
9837-FWLCH,Male,No,Yes,Yes,12,Yes,No,No,No,No,No,No,No,No,Month-to-month,Yes,Electronic check,19.2,239.0,0
1980-KXVPM,Female,Yes,No,No,3,Yes,Yes,Fiber optic,No,No,No,No,No,No,Month-to-month,Yes,Credit card (automatic),75.05,256.25,1
2925-MXLSX,Female,No,No,No,30,Yes,Yes,DSL,No,Yes,Yes,No,Yes,No,One year,Yes,Credit card (automatic),68.95,2038.7,0
7878-RTCZG,Female,No,No,No,1,Yes,No,No,No,No,No,No,No,No,Month-to-month,No,Mailed check,19.9,19.9,0
7549-MYGPK,Female,No,Yes,Yes,63,Yes,Yes,Fiber optic,Yes,Yes,Yes,No,Yes,No,Month-to-month,Yes,Electronic check,100.55,6215.35,1
5451-YHYPW,Female,Yes,Yes,No,72,Yes,Yes,Fiber optic,Yes,Yes,Yes,Yes,Yes,Yes,Two year,Yes,Credit card (automatic),115.75,8443.7,0
8970-ANWXO,Female,No,No,No,23,Yes,Yes,DSL,No,No,No,Yes,Yes,Yes,One year,Yes,Mailed check,73.75,1756.6,0
8519-IMDHU,Male,Yes,Yes,No,15,Yes,Yes,Fiber optic,No,No,No,No,No,Yes,Month-to-month,Yes,Bank transfer (automatic),85.6,1345.55,1
8380-MQINP,Female,No,Yes,Yes,55,Yes,No,No,No,No,No,No,No,No,Two year,No,Mailed check,20.3,1079.05,0
4510-HIMLV,Male,No,No,No,1,Yes,No,Fiber optic,No,No,No,No,No,No,Month-to-month,Yes,Electronic check,69.8,69.8,1
9839-ETQOE,Male,No,No,Yes,43,No,No,DSL,Yes,Yes,Yes,No,No,No,Month-to-month,Yes,Electronic check,40.45,1912.85,0
4323-OHFOW,Female,Yes,Yes,No,70,Yes,Yes,Fiber optic,No,Yes,No,Yes,Yes,Yes,One year,Yes,Bank transfer (automatic),105.55,7195.35,0
6061-GWWAV,Male,No,No,Yes,41,Yes,No,DSL,Yes,Yes,Yes,No,Yes,No,One year,No,Mailed check,70.2,2894.55,0
5760-WRAHC,Female,Yes,No,No,22,Yes,No,DSL,Yes,No,Yes,Yes,No,Yes,Month-to-month,Yes,Mailed check,69.75,1545.4,0
6408-OTUBZ,Female,No,No,No,66,Yes,Yes,Fiber optic,Yes,Yes,Yes,Yes,Yes,No,One year,Yes,Bank transfer (automatic),104.55,6779.05,0
1552-CZCLL,Female,No,Yes,Yes,55,Yes,No,No,No,No,No,No,No,No,Month-to-month,No,Credit card (automatic),20.0,1087.25,0
5883-GTGVD,Male,No,No,No,19,Yes,Yes,Fiber optic,No,Yes,No,No,Yes,Yes,Month-to-month,Yes,Electronic check,99.95,1931.75,1
2460-FPSYH,Female,Yes,No,No,40,No,No,DSL,Yes,Yes,No,No,Yes,Yes,Month-to-month,Yes,Electronic check,55.8,2109.35,1
0112-QWPNC,Male,No,Yes,No,49,Yes,Yes,DSL,Yes,No,Yes,Yes,Yes,Yes,One year,No,Electronic check,84.35,4059.35,1
5716-LIBJC,Female,No,No,Yes,13,Yes,Yes,Fiber optic,No,Yes,Yes,No,Yes,Yes,One year,Yes,Credit card (automatic),104.15,1299.1,0
6078-VESFR,Male,Yes,Yes,No,13,Yes,No,Fiber optic,No,No,No,No,No,No,Month-to-month,No,Bank transfer (automatic),70.45,849.1,0
7402-EYFXX,Male,Yes,No,No,26,Yes,Yes,Fiber optic,No,No,No,No,Yes,Yes,Month-to-month,Yes,Electronic check,93.6,2404.1,0
6475-VHUIZ,Female,No,Yes,No,23,Yes,No,DSL,No,No,Yes,Yes,No,No,Month-to-month,No,Electronic check,54.25,1221.55,0
4558-CGYCZ,Male,No,No,No,4,Yes,No,No,No,No,No,No,No,No,Month-to-month,No,Mailed check,19.75,78.3,0
4860-YZGZM,Male,No,No,No,10,Yes,No,No,No,No,No,No,No,No,Month-to-month,No,Electronic check,20.0,185.4,0
6374-AFWOX,Male,No,Yes,No,46,Yes,No,DSL,Yes,Yes,Yes,Yes,No,No,Two year,No,Mailed check,65.65,3047.15,0
7898-PDWQE,Male,No,Yes,No,71,Yes,Yes,DSL,Yes,Yes,Yes,Yes,No,Yes,Two year,No,Credit card (automatic),80.4,5727.15,0
4223-WOZCM,Male,Yes,No,No,2,Yes,No,DSL,No,No,Yes,No,No,No,Month-to-month,No,Mailed check,49.95,107.1,0
6681-ZSEXG,Male,No,Yes,No,56,Yes,Yes,DSL,No,Yes,Yes,No,No,No,Two year,No,Credit card (automatic),59.5,3389.25,0
4710-FDUIZ,Male,No,Yes,No,56,Yes,Yes,Fiber optic,No,Yes,No,No,Yes,Yes,One year,No,Credit card (automatic),100.3,5614.45,1
0244-LGNFY,Female,No,Yes,Yes,72,Yes,Yes,DSL,Yes,Yes,Yes,Yes,Yes,Yes,Two year,No,Bank transfer (automatic),92.65,6733.0,0
6116-RFVHN,Female,No,Yes,No,34,Yes,Yes,Fiber optic,No,No,Yes,No,Yes,Yes,Month-to-month,Yes,Electronic check,100.45,3414.65,0
8896-BQTTI,Male,No,No,No,1,Yes,Yes,No,No,No,No,No,No,No,Month-to-month,Yes,Mailed check,25.0,25.0,0
9874-QLCLH,Female,No,Yes,Yes,17,Yes,Yes,Fiber optic,Yes,No,Yes,No,Yes,Yes,Month-to-month,Yes,Electronic check,104.2,1743.5,1
0997-YTLNY,Female,No,No,Yes,19,Yes,No,DSL,No,No,No,Yes,No,No,Month-to-month,No,Mailed check,48.8,953.65,0
8468-EHYJA,Female,No,Yes,No,57,Yes,Yes,Fiber optic,Yes,No,No,No,Yes,Yes,Month-to-month,Yes,Electronic check,99.65,5497.05,0
3423-HHXAO,Female,No,Yes,Yes,14,Yes,No,No,No,No,No,No,No,No,One year,Yes,Mailed check,19.5,272.0,0
6891-JPYFF,Female,No,Yes,Yes,48,Yes,Yes,Fiber optic,Yes,Yes,No,No,Yes,Yes,Month-to-month,Yes,Credit card (automatic),105.25,4997.5,0
0524-IAVZO,Female,No,Yes,No,30,Yes,Yes,Fiber optic,No,No,No,No,No,Yes,Month-to-month,Yes,Electronic check,85.0,2624.25,1
8999-XXGNS,Female,Yes,Yes,No,72,Yes,Yes,Fiber optic,No,Yes,Yes,No,Yes,Yes,One year,Yes,Credit card (automatic),105.75,7629.85,0
0357-NVCRI,Female,No,No,Yes,25,Yes,No,No,No,No,No,No,No,No,Month-to-month,No,Credit card (automatic),20.05,471.7,0
0812-WUPTB,Male,Yes,Yes,No,1,Yes,No,Fiber optic,No,No,No,No,No,No,Month-to-month,No,Mailed check,70.85,70.85,1
1907-YLNYW,Male,No,No,No,8,Yes,No,DSL,Yes,No,Yes,No,No,Yes,Month-to-month,Yes,Electronic check,66.7,579.0,0
3567-PQTSO,Male,No,Yes,Yes,53,Yes,Yes,Fiber optic,No,Yes,Yes,No,Yes,Yes,One year,Yes,Electronic check,105.25,5576.3,0
0531-XBKMM,Male,No,No,Yes,66,Yes,Yes,DSL,Yes,Yes,No,Yes,No,No,Two year,No,Bank transfer (automatic),65.7,4378.9,0
7248-VZQLC,Female,Yes,No,No,47,Yes,Yes,Fiber optic,No,Yes,Yes,No,No,No,Month-to-month,Yes,Bank transfer (automatic),85.2,3969.35,1
1813-JLKWR,Female,No,Yes,Yes,64,Yes,No,No,No,No,No,No,No,No,One year,No,Bank transfer (automatic),19.8,1336.65,0
9189-JWSHV,Female,Yes,Yes,No,24,Yes,Yes,Fiber optic,No,No,No,No,Yes,Yes,Month-to-month,Yes,Electronic check,93.55,2264.05,1
1950-KSVVJ,Female,No,Yes,No,45,Yes,Yes,Fiber optic,Yes,Yes,Yes,Yes,Yes,Yes,One year,No,Mailed check,113.3,5032.25,0
0365-TRTPY,Female,No,No,No,37,Yes,Yes,Fiber optic,Yes,Yes,Yes,No,No,No,Month-to-month,No,Bank transfer (automatic),91.2,3382.3,0
8748-HFWBO,Male,No,Yes,Yes,19,Yes,No,No,No,No,No,No,No,No,One year,No,Mailed check,19.9,357.7,0
8627-ZYGSZ,Male,No,Yes,No,47,Yes,Yes,Fiber optic,No,Yes,No,No,No,No,One year,Yes,Electronic check,78.9,3650.35,0
8015-IHCGW,Female,No,Yes,Yes,72,Yes,Yes,Fiber optic,Yes,Yes,Yes,Yes,Yes,Yes,Two year,Yes,Electronic check,115.5,8425.15,0
2012-NWRPA,Female,Yes,Yes,No,11,Yes,Yes,Fiber optic,No,No,Yes,No,Yes,Yes,Month-to-month,Yes,Electronic check,99.55,1131.2,1
5724-BIDBU,Male,No,Yes,No,49,Yes,Yes,DSL,Yes,No,No,No,No,No,One year,Yes,Electronic check,55.35,2633.95,0
2565-JSLRY,Male,No,No,No,1,Yes,Yes,No,No,No,No,No,No,No,Month-to-month,Yes,Mailed check,24.05,24.05,1
5804-HYIEZ,Male,No,Yes,Yes,70,Yes,Yes,Fiber optic,Yes,Yes,No,No,Yes,Yes,Month-to-month,Yes,Electronic check,106.05,7554.05,0
5527-ACHSO,Female,No,No,No,11,Yes,No,DSL,No,No,No,Yes,Yes,Yes,Month-to-month,No,Mailed check,70.5,829.3,0
2239-CGBUZ,Female,No,Yes,No,51,Yes,No,DSL,Yes,Yes,No,Yes,No,No,One year,Yes,Bank transfer (automatic),60.5,3145.15,0
1049-FYSYG,Female,No,Yes,No,17,No,No,DSL,No,Yes,Yes,No,No,No,Month-to-month,Yes,Credit card (automatic),35.65,646.05,0
2129-ALKBS,Female,No,Yes,Yes,40,Yes,Yes,No,No,No,No,No,No,No,Month-to-month,Yes,Electronic check,26.2,1077.5,0
6345-ULYRW,Male,Yes,Yes,No,44,Yes,Yes,Fiber optic,No,Yes,No,No,No,Yes,One year,No,Mailed check,88.4,3912.9,1
3739-YBWAB,Male,No,Yes,No,36,No,No,DSL,Yes,No,Yes,No,No,No,One year,No,Mailed check,35.35,1317.95,0
5619-XZZKR,Male,No,No,No,4,Yes,No,No,No,No,No,No,No,No,One year,No,Mailed check,19.95,68.2,0
9822-OAOVB,Female,No,No,No,1,Yes,No,DSL,No,No,No,No,No,Yes,Month-to-month,Yes,Electronic check,55.45,55.45,0
6900-RBKER,Male,No,No,No,52,Yes,Yes,Fiber optic,No,No,Yes,No,No,Yes,Two year,Yes,Credit card (automatic),89.45,4577.75,0
3239-TPHPZ,Female,No,Yes,No,12,Yes,No,No,No,No,No,No,No,No,Two year,Yes,Electronic check,20.05,264.55,0
8226-BXGES,Male,No,Yes,No,64,Yes,Yes,Fiber optic,Yes,Yes,Yes,No,No,No,One year,No,Bank transfer (automatic),89.45,5692.65,0
9501-UKKNL,Male,No,No,No,59,No,No,DSL,No,No,No,Yes,Yes,Yes,Month-to-month,Yes,Electronic check,51.7,3005.8,0
7602-DBTOU,Female,No,Yes,No,71,Yes,No,No,No,No,No,No,No,No,Two year,No,Mailed check,19.6,1416.5,0
1568-BEKZM,Male,Yes,Yes,No,70,Yes,Yes,DSL,Yes,Yes,Yes,Yes,Yes,Yes,Two year,No,Credit card (automatic),90.05,6333.4,0
6372-RFVNS,Female,No,Yes,No,1,Yes,No,Fiber optic,No,No,No,No,Yes,No,Month-to-month,No,Electronic check,78.8,78.8,1
2533-QVMSK,Male,No,Yes,No,61,Yes,Yes,Fiber optic,No,Yes,No,Yes,Yes,No,Two year,Yes,Electronic check,94.1,5638.3,1
9861-PDSZP,Female,No,No,No,72,Yes,Yes,Fiber optic,No,Yes,Yes,Yes,Yes,Yes,Two year,Yes,Credit card (automatic),108.05,7806.6,0
2578-JQPHZ,Male,No,No,No,44,Yes,No,Fiber optic,No,No,Yes,Yes,Yes,Yes,Two year,No,Bank transfer (automatic),100.1,4378.35,0
0277-ORXQS,Male,No,Yes,Yes,66,No,No,DSL,No,No,No,Yes,Yes,Yes,Two year,No,Bank transfer (automatic),50.55,3364.55,0
0897-FEGMU,Female,No,Yes,No,11,Yes,Yes,Fiber optic,No,No,Yes,No,Yes,Yes,Month-to-month,Yes,Electronic check,99.5,1056.95,1
9746-YKGXB,Male,No,Yes,Yes,52,No,No,DSL,Yes,No,Yes,No,No,Yes,One year,No,Bank transfer (automatic),44.25,2276.1,0
6435-VWCCY,Male,Yes,Yes,No,65,Yes,Yes,Fiber optic,Yes,Yes,No,No,Yes,No,Two year,Yes,Credit card (automatic),92.7,5968.4,0
4958-GZWIY,Male,No,Yes,Yes,7,Yes,No,DSL,No,No,Yes,No,No,No,Month-to-month,No,Electronic check,48.7,340.25,1
5835-BEQEU,Male,No,No,No,3,Yes,Yes,Fiber optic,No,No,No,No,No,No,Month-to-month,Yes,Electronic check,76.95,228.4,1
9350-VLHMB,Male,No,Yes,Yes,67,Yes,Yes,Fiber optic,No,Yes,No,No,No,Yes,Month-to-month,Yes,Bank transfer (automatic),89.55,6373.1,0
1777-JYQPJ,Male,No,No,No,2,No,No,DSL,No,No,No,No,No,No,Month-to-month,No,Mailed check,24.3,38.45,0
3372-CDXFJ,Male,No,Yes,Yes,13,Yes,Yes,No,No,No,No,No,No,No,One year,No,Bank transfer (automatic),24.5,343.6,0
9281-PKKZE,Female,No,Yes,No,46,No,No,DSL,No,No,No,No,Yes,Yes,Month-to-month,Yes,Electronic check,43.95,2007.85,0
1447-GIQMR,Male,No,Yes,No,1,Yes,No,Fiber optic,No,No,No,No,No,No,Month-to-month,Yes,Electronic check,69.15,69.15,1
4234-XTNEA,Male,No,No,No,2,Yes,No,Fiber optic,No,No,No,No,Yes,No,Month-to-month,Yes,Electronic check,79.95,174.45,0
5382-TEMLV,Male,No,No,No,45,Yes,No,DSL,Yes,No,No,No,No,No,Month-to-month,Yes,Bank transfer (automatic),50.9,2298.55,0
6598-RFFVI,Male,No,No,No,2,Yes,No,No,No,No,No,No,No,No,One year,No,Credit card (automatic),19.3,28.3,1
9154-QDGTH,Male,No,Yes,Yes,43,Yes,Yes,Fiber optic,No,No,Yes,Yes,Yes,Yes,One year,Yes,Credit card (automatic),104.3,4451.85,0
3845-JHAMY,Female,No,Yes,Yes,16,No,No,DSL,No,No,No,No,No,Yes,Month-to-month,Yes,Credit card (automatic),35.5,552.7,0
9133-AYJZG,Female,No,No,No,23,Yes,Yes,Fiber optic,No,Yes,No,No,Yes,Yes,Month-to-month,Yes,Credit card (automatic),98.7,2249.1,0
9076-AXYIK,Male,Yes,Yes,No,64,Yes,Yes,Fiber optic,No,No,Yes,Yes,Yes,Yes,Two year,No,Electronic check,102.1,6538.45,0
6661-EIPZC,Female,No,Yes,Yes,48,No,No,DSL,No,No,No,Yes,No,No,Month-to-month,Yes,Credit card (automatic),29.5,1423.05,0
6815-ABQFQ,Male,No,Yes,No,56,Yes,Yes,Fiber optic,No,Yes,No,Yes,Yes,Yes,One year,Yes,Electronic check,107.25,6033.3,0
5049-GLYVG,Male,No,No,No,1,Yes,No,No,No,No,No,No,No,No,Month-to-month,No,Mailed check,20.6,20.6,1
3507-GASNP,Male,No,No,Yes,60,Yes,No,No,No,No,No,No,No,No,Two year,No,Mailed check,19.95,1189.9,0
9643-AVVWI,Female,No,Yes,Yes,3,Yes,No,Fiber optic,No,Yes,No,Yes,No,No,Month-to-month,Yes,Electronic check,80.0,241.3,0
0756-MPZRL,Male,No,No,No,46,No,No,DSL,No,No,Yes,Yes,No,No,One year,No,Credit card (automatic),33.7,1537.85,0
4942-VZZOM,Male,No,Yes,No,64,Yes,Yes,DSL,Yes,No,No,No,Yes,No,One year,Yes,Credit card (automatic),66.15,4392.5,0
4501-EQDRN,Female,No,No,No,1,Yes,No,Fiber optic,No,No,No,No,No,No,Month-to-month,No,Bank transfer (automatic),69.7,69.7,1
6865-JZNKO,Female,No,No,No,30,Yes,No,DSL,Yes,Yes,No,No,No,No,Month-to-month,Yes,Bank transfer (automatic),55.3,1530.6,0
9350-ZXYJC,Female,No,No,No,4,Yes,Yes,No,No,No,No,No,No,No,Two year,Yes,Credit card (automatic),25.3,116.95,0
5144-PQCDZ,Male,No,No,No,4,Yes,No,No,No,No,No,No,No,No,Month-to-month,Yes,Mailed check,19.95,59.25,0
0547-HURJB,Male,No,No,Yes,12,Yes,No,No,No,No,No,No,No,No,Month-to-month,No,Credit card (automatic),21.05,235.8,0
2498-XLDZR,Female,No,Yes,Yes,32,Yes,No,DSL,Yes,Yes,Yes,Yes,No,Yes,Two year,No,Mailed check,73.6,2316.85,0
7483-IQWIB,Male,No,Yes,Yes,37,Yes,Yes,Fiber optic,No,Yes,Yes,No,Yes,No,Month-to-month,Yes,Electronic check,92.95,3415.25,0
2085-JVGAD,Male,No,Yes,No,37,Yes,No,No,No,No,No,No,No,No,Month-to-month,No,Bank transfer (automatic),20.35,697.65,0
5568-DMXZS,Female,No,No,No,8,Yes,No,DSL,No,Yes,No,Yes,Yes,No,Month-to-month,Yes,Electronic check,65.45,554.45,0
7297-DVYGA,Female,No,No,No,51,Yes,No,No,No,No,No,No,No,No,One year,Yes,Bank transfer (automatic),19.85,996.95,0
5846-ABOBJ,Male,No,Yes,No,71,Yes,Yes,No,No,No,No,No,No,No,Two year,No,Bank transfer (automatic),24.45,1730.65,0
0616-ATFGB,Male,Yes,Yes,No,1,No,No,DSL,No,No,No,No,No,No,Month-to-month,No,Electronic check,25.05,25.05,1
6728-VOIFY,Female,No,Yes,No,63,Yes,No,Fiber optic,No,Yes,No,No,Yes,Yes,One year,Yes,Electronic check,96.0,6109.75,0
9938-TKDGL,Male,No,Yes,Yes,68,Yes,No,Fiber optic,Yes,No,No,Yes,Yes,Yes,Two year,Yes,Electronic check,99.55,6668.0,0
1093-YSWCA,Male,No,No,No,11,Yes,No,No,No,No,No,No,No,No,Two year,No,Credit card (automatic),19.55,223.15,0
3976-NLDEZ,Male,No,No,No,1,Yes,No,No,No,No,No,No,No,No,Month-to-month,No,Mailed check,20.6,20.6,0
4578-PHJYZ,Male,No,Yes,Yes,52,Yes,No,DSL,No,Yes,Yes,Yes,Yes,No,One year,Yes,Electronic check,68.75,3482.85,0
4700-UBQMV,Male,No,Yes,Yes,21,Yes,Yes,DSL,Yes,No,No,No,Yes,Yes,One year,Yes,Bank transfer (automatic),75.9,1549.75,0
5296-BFCYD,Male,No,Yes,Yes,46,Yes,No,No,No,No,No,No,No,No,Two year,Yes,Mailed check,20.1,936.85,0
9777-IQHWP,Male,No,Yes,Yes,64,Yes,Yes,Fiber optic,Yes,No,Yes,No,No,Yes,Two year,No,Bank transfer (automatic),93.4,5822.3,0
2240-HSJQD,Male,No,No,Yes,38,Yes,Yes,Fiber optic,No,Yes,No,No,No,No,Month-to-month,Yes,Mailed check,81.85,3141.7,0
6469-QJKZW,Female,No,Yes,No,4,Yes,No,No,No,No,No,No,No,No,Month-to-month,No,Electronic check,20.15,91.4,0
7808-DVWEP,Male,No,Yes,No,3,Yes,No,No,No,No,No,No,No,No,Month-to-month,No,Bank transfer (automatic),20.0,49.65,0
5198-HQAEN,Male,No,Yes,Yes,35,Yes,No,Fiber optic,No,Yes,No,Yes,Yes,No,One year,Yes,Electronic check,89.7,3165.6,0
3489-HHPFY,Female,No,Yes,No,2,Yes,Yes,Fiber optic,No,No,No,No,Yes,No,Month-to-month,Yes,Electronic check,84.05,134.05,0
2167-FQSTQ,Female,No,Yes,No,72,Yes,Yes,DSL,Yes,Yes,Yes,Yes,Yes,Yes,Two year,Yes,Electronic check,92.4,6786.1,0
9798-DRYDS,Female,No,Yes,Yes,17,Yes,Yes,DSL,No,No,Yes,Yes,No,No,One year,Yes,Mailed check,61.95,1070.7,0
5855-EIBDE,Female,No,Yes,No,49,Yes,Yes,Fiber optic,Yes,Yes,Yes,Yes,No,Yes,Two year,No,Credit card (automatic),106.65,5174.35,0
9220-ZNKJI,Female,Yes,Yes,No,55,Yes,No,Fiber optic,No,No,Yes,Yes,Yes,No,Two year,No,Credit card (automatic),88.8,4805.3,0
3096-IZETN,Female,No,No,No,12,Yes,No,Fiber optic,No,No,No,No,No,Yes,Month-to-month,No,Bank transfer (automatic),78.1,947.3,1
9885-MFVSU,Female,No,Yes,Yes,35,No,No,DSL,Yes,No,No,Yes,Yes,No,Two year,Yes,Credit card (automatic),46.35,1662.05,0
8650-RHRKE,Male,No,No,No,4,No,No,DSL,No,No,Yes,No,No,No,Month-to-month,Yes,Electronic check,29.65,118.5,1
5842-POCOP,Female,No,Yes,No,5,Yes,No,Fiber optic,Yes,No,Yes,No,No,Yes,Month-to-month,Yes,Mailed check,88.9,454.15,1
5995-OIGLP,Male,No,No,No,12,Yes,No,DSL,Yes,No,No,Yes,No,No,Month-to-month,No,Mailed check,56.65,654.85,1
7139-JZFVG,Male,No,Yes,Yes,60,Yes,No,DSL,Yes,Yes,Yes,No,No,No,Two year,No,Bank transfer (automatic),60.5,3694.45,0
7663-RGWBC,Male,No,No,No,1,Yes,No,DSL,No,No,No,No,No,No,Month-to-month,Yes,Mailed check,44.15,44.15,1
5875-YPQFJ,Male,No,No,No,1,Yes,No,Fiber optic,No,No,No,No,No,No,Month-to-month,Yes,Electronic check,69.9,69.9,1
2219-MVUSO,Male,No,No,No,8,Yes,No,DSL,No,No,No,No,No,No,Month-to-month,Yes,Mailed check,45.15,438.4,1
7169-YWAMK,Male,No,Yes,Yes,72,Yes,No,DSL,Yes,Yes,No,Yes,Yes,No,Two year,No,Bank transfer (automatic),68.4,4855.35,0
5570-PTWEH,Female,No,Yes,No,3,Yes,Yes,Fiber optic,No,No,No,No,No,No,Month-to-month,Yes,Credit card (automatic),75.15,216.75,1
9360-AHGNL,Female,Yes,Yes,No,43,Yes,Yes,Fiber optic,Yes,No,Yes,Yes,Yes,Yes,One year,Yes,Mailed check,109.55,4830.25,1
4236-UJPWO,Female,No,No,No,2,No,No,DSL,No,No,No,No,No,No,Month-to-month,No,Electronic check,24.5,46.4,0
6770-XUAGN,Female,No,Yes,Yes,1,Yes,No,No,No,No,No,No,No,No,Month-to-month,Yes,Electronic check,21.0,21.0,1
1428-IEDPR,Male,No,No,No,52,Yes,Yes,Fiber optic,Yes,No,Yes,Yes,Yes,Yes,Two year,Yes,Electronic check,109.3,5731.4,0
5956-YHHRX,Male,Yes,No,No,21,Yes,Yes,Fiber optic,No,Yes,Yes,No,Yes,Yes,Month-to-month,Yes,Electronic check,104.35,2271.85,0
9518-IMLHK,Male,No,No,No,31,Yes,No,DSL,Yes,Yes,Yes,Yes,Yes,No,Month-to-month,Yes,Bank transfer (automatic),72.45,2156.25,0
2586-CWXVV,Male,No,Yes,No,54,No,No,DSL,No,Yes,No,No,No,No,Month-to-month,No,Electronic check,30.4,1621.35,0
9763-PDTKK,Female,No,No,No,4,Yes,No,Fiber optic,Yes,No,Yes,Yes,No,Yes,Month-to-month,Yes,Bank transfer (automatic),94.4,387.2,1
2911-UREFD,Female,No,Yes,No,39,No,No,DSL,Yes,No,Yes,No,Yes,Yes,Month-to-month,No,Electronic check,55.9,2184.35,1
6901-GOGZG,Male,No,No,Yes,60,Yes,Yes,DSL,Yes,No,Yes,Yes,Yes,Yes,Two year,Yes,Electronic check,84.95,4984.85,0
9391-EOYLI,Male,Yes,Yes,No,12,Yes,No,Fiber optic,No,No,No,No,No,Yes,Month-to-month,Yes,Electronic check,80.45,950.2,1
2108-YKQTY,Female,No,No,No,4,Yes,No,DSL,No,Yes,No,No,No,No,Month-to-month,No,Credit card (automatic),50.7,151.3,1
6285-FTQBF,Male,No,Yes,Yes,72,Yes,Yes,No,No,No,No,No,No,No,Two year,No,Credit card (automatic),25.55,1867.7,0
5020-ZSTTY,Female,Yes,No,No,54,Yes,Yes,DSL,Yes,Yes,No,Yes,Yes,Yes,One year,No,Bank transfer (automatic),82.45,4350.1,1
9360-OMDZZ,Male,No,No,No,24,Yes,Yes,Fiber optic,No,No,No,No,Yes,Yes,Month-to-month,Yes,Electronic check,94.1,2322.85,0
1582-RAFML,Male,No,No,No,1,Yes,Yes,DSL,No,Yes,No,Yes,No,No,Month-to-month,No,Mailed check,60.1,60.1,1
6993-OHLXR,Female,No,No,No,2,Yes,No,Fiber optic,No,No,No,No,No,No,Month-to-month,No,Electronic check,68.95,119.75,1
2724-FJDYW,Male,No,No,Yes,39,No,No,DSL,No,No,Yes,Yes,Yes,Yes,One year,No,Bank transfer (automatic),54.85,2191.7,0
2599-CIPQE,Male,No,Yes,Yes,71,Yes,No,Fiber optic,Yes,Yes,Yes,Yes,Yes,Yes,Two year,No,Credit card (automatic),109.3,7782.85,0
5062-CJJKH,Male,No,Yes,Yes,25,Yes,No,DSL,No,Yes,Yes,No,No,No,One year,No,Mailed check,53.65,1355.45,0
7365-BVCJH,Male,No,No,No,1,No,No,DSL,No,No,No,No,No,No,Month-to-month,Yes,Electronic check,24.4,24.4,0
6211-WHMYA,Female,Yes,No,No,64,No,No,DSL,No,Yes,No,Yes,Yes,No,Month-to-month,Yes,Electronic check,43.85,2751.0,0
0621-TSSMU,Male,No,Yes,No,56,Yes,No,No,No,No,No,No,No,No,One year,No,Credit card (automatic),19.95,1126.75,0
2164-SOQXL,Female,No,Yes,Yes,20,Yes,No,No,No,No,No,No,No,No,Month-to-month,No,Mailed check,20.05,406.05,0
1563-IWQEX,Female,No,No,No,12,Yes,No,No,No,No,No,No,No,No,Month-to-month,No,Mailed check,19.7,220.35,0
8182-BJDSI,Female,No,No,No,28,Yes,Yes,Fiber optic,No,Yes,No,No,No,Yes,Month-to-month,Yes,Electronic check,89.95,2625.55,1
5406-KGRMX,Female,No,No,No,71,Yes,Yes,No,No,No,No,No,No,No,Two year,No,Electronic check,24.55,1719.15,0
9134-WYRVP,Male,No,No,No,51,Yes,No,Fiber optic,Yes,No,No,No,Yes,No,One year,No,Mailed check,86.35,4267.15,0
6097-EQISJ,Female,No,Yes,Yes,66,Yes,Yes,Fiber optic,No,Yes,Yes,No,Yes,Yes,One year,Yes,Credit card (automatic),102.45,6615.15,1
9962-BFPDU,Female,No,Yes,Yes,1,Yes,No,No,No,No,No,No,No,No,Month-to-month,No,Mailed check,20.05,20.05,0
5569-OUICF,Female,Yes,Yes,No,28,Yes,Yes,Fiber optic,No,No,No,Yes,Yes,Yes,Month-to-month,Yes,Credit card (automatic),101.3,2812.2,1
0234-TEVTT,Female,No,Yes,Yes,48,No,No,DSL,Yes,No,Yes,No,No,Yes,One year,No,Credit card (automatic),45.0,2196.3,0
6898-RBTLU,Female,No,Yes,Yes,49,Yes,Yes,DSL,No,Yes,No,Yes,Yes,Yes,Two year,No,Bank transfer (automatic),79.3,3902.45,0
2848-YXSMW,Male,No,Yes,Yes,72,Yes,No,No,No,No,No,No,No,No,Two year,No,Credit card (automatic),19.4,1363.25,0
6549-NNDYT,Female,No,No,No,13,No,No,DSL,Yes,No,No,No,No,No,Month-to-month,Yes,Bank transfer (automatic),30.85,394.1,0
0336-PIKEI,Male,Yes,Yes,No,72,Yes,No,DSL,Yes,Yes,Yes,Yes,Yes,No,Two year,No,Bank transfer (automatic),74.4,5360.75,0
5716-EZXZN,Female,No,Yes,Yes,65,Yes,Yes,Fiber optic,Yes,Yes,No,Yes,Yes,No,Two year,Yes,Credit card (automatic),99.05,6416.7,0
7967-HYCDE,Male,No,No,No,8,Yes,No,Fiber optic,No,No,No,No,No,No,Month-to-month,No,Bank transfer (automatic),70.7,553.4,0
1285-OKIPP,Male,No,No,No,1,Yes,No,Fiber optic,No,No,No,No,No,Yes,Month-to-month,No,Electronic check,79.9,79.9,1
3750-YHRYO,Male,No,Yes,Yes,7,Yes,No,No,No,No,No,No,No,No,One year,No,Mailed check,20.65,150.0,0
8158-WPEZG,Male,No,No,No,11,No,No,DSL,No,Yes,No,Yes,No,No,Month-to-month,Yes,Electronic check,35.65,425.1,0
3961-SXAXY,Male,No,No,No,1,Yes,No,DSL,No,No,No,No,No,No,Month-to-month,Yes,Bank transfer (automatic),44.05,44.05,0
5628-FCGYG,Male,No,No,No,21,Yes,Yes,Fiber optic,No,No,No,No,No,Yes,Month-to-month,Yes,Electronic check,84.1,1737.45,0
9888-ZCUMM,Male,No,Yes,Yes,64,No,No,DSL,Yes,No,Yes,Yes,Yes,Yes,Two year,Yes,Bank transfer (automatic),60.05,3845.45,0
0220-EBGCE,Male,No,No,No,2,Yes,No,Fiber optic,No,No,Yes,No,No,Yes,Month-to-month,Yes,Electronic check,85.85,167.3,1
0572-ZJKLT,Female,No,Yes,Yes,46,Yes,Yes,Fiber optic,Yes,No,Yes,Yes,No,Yes,Two year,No,Mailed check,99.65,4630.2,0
5803-NQJZO,Male,No,Yes,No,72,Yes,Yes,DSL,Yes,Yes,Yes,Yes,No,No,Two year,Yes,Bank transfer (automatic),67.8,4804.65,0
8262-COGGB,Male,No,No,No,1,Yes,No,No,No,No,No,No,No,No,Month-to-month,Yes,Mailed check,20.45,20.45,0
0253-ZTEOB,Female,No,Yes,Yes,48,Yes,Yes,DSL,No,Yes,No,Yes,Yes,Yes,Two year,No,Electronic check,79.65,3870.3,0
5515-RUGKN,Male,No,No,No,8,Yes,No,DSL,No,No,No,No,No,Yes,Month-to-month,Yes,Credit card (automatic),54.75,438.05,0
9194-GFVOI,Female,No,Yes,No,42,Yes,Yes,DSL,Yes,No,Yes,Yes,Yes,Yes,Two year,No,Credit card (automatic),84.35,3571.6,0
3050-GBUSH,Female,No,No,No,3,No,No,DSL,No,No,No,No,Yes,No,Month-to-month,Yes,Credit card (automatic),34.8,113.95,0
0363-QJVFX,Male,No,No,No,32,Yes,Yes,Fiber optic,Yes,Yes,No,Yes,Yes,Yes,Month-to-month,Yes,Credit card (automatic),108.15,3432.9,1
6513-EECDB,Male,Yes,Yes,No,1,Yes,Yes,Fiber optic,No,No,No,No,No,No,Month-to-month,Yes,Electronic check,73.55,73.55,1
3276-HDUEG,Female,No,No,No,1,Yes,Yes,Fiber optic,No,No,No,No,No,No,Month-to-month,Yes,Mailed check,75.05,75.05,1
1360-RCYRT,Male,No,Yes,Yes,23,No,No,DSL,No,No,No,Yes,No,No,Month-to-month,Yes,Bank transfer (automatic),30.35,678.75,0
8898-KASCD,Male,No,No,No,39,No,No,DSL,No,No,Yes,Yes,No,No,One year,No,Mailed check,35.55,1309.15,0
4086-ATNFV,Female,No,Yes,Yes,34,Yes,No,DSL,Yes,Yes,Yes,No,No,No,One year,Yes,Mailed check,60.8,2042.05,0
7927-AUXBZ,Female,No,No,No,30,Yes,No,Fiber optic,No,No,No,Yes,Yes,No,Month-to-month,No,Electronic check,85.15,2555.9,1
6435-SRWBJ,Female,No,No,No,5,Yes,Yes,Fiber optic,No,No,Yes,Yes,No,No,Month-to-month,Yes,Electronic check,82.75,417.75,0
1866-OBPNR,Male,No,Yes,Yes,1,Yes,No,Fiber optic,No,Yes,No,No,No,No,Month-to-month,No,Credit card (automatic),74.6,74.6,0
0363-SVHYR,Male,No,Yes,Yes,71,Yes,Yes,DSL,Yes,Yes,Yes,Yes,Yes,Yes,Two year,No,Bank transfer (automatic),86.85,6263.8,0
0174-QRVVY,Male,No,Yes,Yes,71,Yes,Yes,No,No,No,No,No,No,No,Two year,No,Credit card (automatic),25.35,1847.55,0
0742-MOABM,Male,No,Yes,No,4,Yes,No,DSL,No,No,No,Yes,No,No,Month-to-month,No,Mailed check,50.05,179.35,1
9770-KXGQU,Female,No,No,No,53,Yes,Yes,Fiber optic,Yes,Yes,Yes,No,Yes,No,One year,No,Mailed check,98.6,5311.85,0
1051-EQPZR,Female,No,Yes,Yes,44,Yes,No,No,No,No,No,No,No,No,Month-to-month,No,Mailed check,19.6,780.25,0
6712-OAWRH,Female,Yes,No,No,26,Yes,No,Fiber optic,No,No,No,No,Yes,Yes,Month-to-month,Yes,Electronic check,91.25,2351.8,1
4946-EDSEW,Female,No,Yes,Yes,11,Yes,No,No,No,No,No,No,No,No,Month-to-month,Yes,Mailed check,19.25,180.3,1
2265-CYWIV,Female,Yes,Yes,No,4,Yes,Yes,Fiber optic,Yes,No,No,No,Yes,Yes,Month-to-month,Yes,Electronic check,99.6,347.65,1
7251-LJBQN,Female,Yes,No,No,40,Yes,Yes,Fiber optic,No,No,Yes,Yes,Yes,Yes,One year,Yes,Credit card (automatic),103.75,4188.4,0
9374-YOLBJ,Female,No,Yes,Yes,1,Yes,No,No,No,No,No,No,No,No,Month-to-month,No,Electronic check,19.25,19.25,0
4658-HCOHW,Female,No,Yes,Yes,21,Yes,No,Fiber optic,No,Yes,Yes,Yes,Yes,Yes,Month-to-month,Yes,Electronic check,102.8,2110.15,1
4450-YOOHP,Female,No,No,No,39,No,No,DSL,No,No,Yes,No,Yes,Yes,Month-to-month,Yes,Credit card (automatic),50.65,1905.4,0
2408-WITXK,Female,Yes,No,No,10,No,No,DSL,No,No,No,No,No,Yes,Month-to-month,Yes,Electronic check,34.7,329.8,1
9912-OMZDS,Female,No,Yes,Yes,59,Yes,Yes,Fiber optic,No,Yes,Yes,No,Yes,Yes,One year,Yes,Electronic check,106.15,6256.2,0
0872-JCPIB,Male,No,No,No,17,Yes,Yes,DSL,Yes,No,No,No,No,Yes,Month-to-month,No,Bank transfer (automatic),65.75,1111.2,0
5229-DTFYB,Female,No,No,No,41,Yes,No,Fiber optic,No,Yes,No,Yes,Yes,Yes,Two year,Yes,Bank transfer (automatic),98.8,3959.15,0
5702-KVQRD,Male,No,Yes,No,71,Yes,No,DSL,Yes,No,Yes,Yes,Yes,Yes,Two year,Yes,Electronic check,82.55,5832.65,0
1273-MTETI,Female,Yes,No,No,4,Yes,Yes,Fiber optic,No,No,Yes,No,No,Yes,Month-to-month,Yes,Electronic check,88.85,372.45,1
0048-PIHNL,Female,No,Yes,No,49,Yes,No,No,No,No,No,No,No,No,One year,No,Bank transfer (automatic),20.45,900.9,0
7526-IVLYU,Male,No,No,No,3,Yes,No,No,No,No,No,No,No,No,Month-to-month,Yes,Mailed check,19.65,68.35,0
9600-UDOPK,Male,No,Yes,No,30,Yes,Yes,Fiber optic,No,No,No,No,Yes,Yes,Month-to-month,Yes,Credit card (automatic),94.05,2866.45,1
6202-DYYFX,Female,No,No,No,22,Yes,Yes,Fiber optic,No,No,No,No,No,No,One year,Yes,Credit card (automatic),76.0,1783.6,0
4274-DRSQT,Female,No,No,No,66,Yes,Yes,Fiber optic,No,Yes,No,No,Yes,No,One year,Yes,Bank transfer (automatic),88.9,6000.1,0
1628-BIZYP,Male,No,No,No,1,Yes,No,Fiber optic,No,Yes,No,No,No,Yes,Month-to-month,Yes,Electronic check,85.0,85.0,0
5917-HBSDW,Female,No,Yes,Yes,37,Yes,No,No,No,No,No,No,No,No,Month-to-month,No,Electronic check,19.35,683.75,0
4695-WJZUE,Female,Yes,No,No,2,Yes,Yes,Fiber optic,No,No,Yes,No,No,Yes,Month-to-month,Yes,Electronic check,88.55,179.25,1
3594-BDSOA,Female,No,Yes,No,24,Yes,No,No,No,No,No,No,No,No,One year,No,Credit card (automatic),20.4,482.8,0
4404-HIBDJ,Female,No,No,No,25,Yes,No,DSL,Yes,Yes,Yes,Yes,Yes,No,One year,No,Mailed check,74.3,1863.8,1
6172-FECYY,Male,No,Yes,Yes,49,Yes,Yes,Fiber optic,No,No,No,No,Yes,No,Month-to-month,No,Electronic check,84.5,4254.85,1
2150-OEGBV,Male,No,No,No,27,Yes,No,No,No,No,No,No,No,No,One year,No,Bank transfer (automatic),20.1,562.6,0
2266-SJNAT,Female,No,Yes,No,72,Yes,Yes,Fiber optic,No,Yes,Yes,Yes,Yes,Yes,One year,No,Credit card (automatic),109.15,7789.6,0
6322-PJJDJ,Male,No,Yes,No,49,Yes,No,Fiber optic,No,Yes,No,No,Yes,Yes,Two year,Yes,Electronic check,94.8,4690.65,0
4782-OSFXZ,Female,Yes,Yes,No,71,Yes,Yes,DSL,Yes,Yes,Yes,Yes,No,Yes,Two year,Yes,Bank transfer (automatic),82.7,5831.2,0
8690-ZVLCL,Female,No,Yes,Yes,68,Yes,Yes,DSL,Yes,Yes,Yes,Yes,Yes,Yes,Two year,No,Credit card (automatic),88.0,6161.9,0
8514-VZHEB,Male,No,Yes,Yes,59,Yes,No,No,No,No,No,No,No,No,Two year,No,Mailed check,19.5,1147.85,0
1591-NFNLQ,Male,No,No,No,51,Yes,Yes,Fiber optic,No,No,Yes,No,No,No,Month-to-month,No,Credit card (automatic),80.0,4242.35,1
6341-AEVKX,Female,No,Yes,No,62,Yes,No,Fiber optic,Yes,No,Yes,Yes,Yes,Yes,One year,Yes,Electronic check,104.3,6613.65,0
0928-XUTSN,Female,No,No,No,13,Yes,No,Fiber optic,No,No,No,No,No,Yes,Month-to-month,Yes,Electronic check,80.5,1011.8,0
9136-ALYBR,Male,No,No,No,1,No,No,DSL,No,No,No,No,No,No,Month-to-month,Yes,Mailed check,24.45,24.45,1
9050-QLROH,Male,No,No,No,18,Yes,Yes,Fiber optic,No,No,Yes,No,No,Yes,Month-to-month,Yes,Credit card (automatic),90.7,1597.25,1
1670-SVOWZ,Female,No,Yes,Yes,14,Yes,No,Fiber optic,No,Yes,No,Yes,No,Yes,Month-to-month,Yes,Credit card (automatic),89.65,1208.35,1
2990-OGYTD,Female,No,Yes,No,67,Yes,Yes,DSL,No,Yes,Yes,Yes,Yes,Yes,Two year,No,Bank transfer (automatic),86.15,5883.85,0
9351-HXDMR,Male,No,Yes,No,72,Yes,Yes,Fiber optic,Yes,No,Yes,Yes,Yes,Yes,Two year,Yes,Credit card (automatic),110.9,8240.85,0
2187-LZGPL,Female,No,No,No,7,No,No,DSL,No,Yes,No,No,No,Yes,Month-to-month,Yes,Credit card (automatic),40.1,293.3,1
2606-RMDHZ,Male,No,No,No,6,No,No,DSL,No,Yes,No,No,No,No,Month-to-month,Yes,Credit card (automatic),30.5,208.7,1
6440-DKQGE,Male,No,No,Yes,30,Yes,No,DSL,No,Yes,Yes,No,Yes,No,One year,No,Credit card (automatic),64.5,1929.95,0
1871-MOWRM,Male,No,Yes,No,12,Yes,No,Fiber optic,Yes,No,No,Yes,No,No,Month-to-month,No,Bank transfer (automatic),80.85,866.45,1
7608-RGIRO,Male,No,No,Yes,62,Yes,Yes,No,No,No,No,No,No,No,Two year,Yes,Mailed check,24.4,1413.0,0
7812-FZHPE,Female,No,Yes,Yes,17,Yes,Yes,No,No,No,No,No,No,No,Month-to-month,No,Mailed check,24.1,409.9,1
7693-LCKZL,Male,No,Yes,Yes,5,Yes,Yes,Fiber optic,No,Yes,No,No,No,No,Month-to-month,Yes,Electronic check,80.15,385.0,1
9512-UIBFX,Male,No,Yes,Yes,18,Yes,No,Fiber optic,No,No,Yes,No,Yes,Yes,Month-to-month,No,Mailed check,95.15,1779.95,1
5186-SAMNZ,Male,Yes,No,No,1,Yes,No,Fiber optic,No,No,No,No,No,No,Month-to-month,Yes,Bank transfer (automatic),69.5,69.5,1
3113-IWHLC,Male,No,No,No,5,Yes,No,DSL,Yes,No,Yes,No,No,No,Month-to-month,Yes,Mailed check,55.8,274.35,0
3402-XRIUO,Female,Yes,Yes,No,22,Yes,Yes,DSL,Yes,Yes,No,Yes,No,No,Month-to-month,Yes,Mailed check,63.55,1381.8,0
4389-UEFCZ,Female,No,Yes,No,72,Yes,Yes,Fiber optic,Yes,No,Yes,No,Yes,Yes,Two year,Yes,Electronic check,105.5,7544.0,0
9929-PLVPA,Female,No,No,Yes,4,Yes,No,No,No,No,No,No,No,No,Month-to-month,No,Credit card (automatic),20.4,94.5,0
2428-HYUNX,Male,Yes,Yes,No,44,Yes,No,No,No,No,No,No,No,No,Two year,Yes,Credit card (automatic),19.35,847.25,0
1496-GGSUK,Female,Yes,No,No,1,No,No,DSL,No,No,No,No,No,No,Month-to-month,Yes,Mailed check,25.7,25.7,1
7055-JCGNI,Female,No,No,No,70,Yes,Yes,Fiber optic,Yes,Yes,Yes,Yes,Yes,Yes,Two year,Yes,Credit card (automatic),111.95,7795.95,0
2000-MPKCA,Female,No,No,No,58,Yes,Yes,Fiber optic,Yes,Yes,Yes,No,Yes,Yes,One year,Yes,Electronic check,107.75,6332.75,0
7855-DIWPO,Female,No,No,No,21,Yes,No,Fiber optic,No,No,No,No,No,No,Month-to-month,Yes,Electronic check,68.65,1493.2,0
2632-UCGVD,Male,Yes,Yes,No,66,Yes,Yes,Fiber optic,No,No,No,Yes,Yes,Yes,Month-to-month,Yes,Credit card (automatic),100.05,6871.9,1
8878-RYUKI,Female,No,No,No,52,Yes,No,DSL,No,No,Yes,No,No,Yes,Month-to-month,Yes,Electronic check,59.45,3043.7,0
1846-XWOQN,Female,Yes,No,No,1,Yes,No,Fiber optic,No,No,No,No,No,No,Month-to-month,Yes,Electronic check,70.15,70.15,1
5322-TEUJK,Female,No,Yes,Yes,71,Yes,Yes,Fiber optic,Yes,Yes,Yes,Yes,Yes,Yes,Two year,No,Bank transfer (automatic),114.6,8100.25,0
1163-ONYEY,Male,No,Yes,Yes,41,Yes,Yes,DSL,Yes,Yes,Yes,No,Yes,No,Month-to-month,Yes,Credit card (automatic),74.55,3023.55,0
2230-XTUWL,Female,No,Yes,Yes,48,Yes,No,No,No,No,No,No,No,No,Two year,No,Mailed check,19.55,883.35,0
0723-FDLAY,Male,No,No,No,44,Yes,Yes,DSL,No,Yes,Yes,Yes,Yes,Yes,One year,Yes,Bank transfer (automatic),85.25,3704.15,0
2722-VOJQL,Male,No,No,No,64,Yes,Yes,Fiber optic,No,Yes,No,Yes,Yes,Yes,One year,Yes,Credit card (automatic),105.65,6903.1,1
7923-IYJWY,Male,Yes,No,No,67,Yes,Yes,Fiber optic,Yes,Yes,Yes,Yes,Yes,Yes,Two year,Yes,Credit card (automatic),116.1,7839.85,0
8204-TIFGJ,Female,No,No,No,23,Yes,No,No,No,No,No,No,No,No,Month-to-month,Yes,Bank transfer (automatic),20.3,470.6,0
1323-OOEPC,Female,No,Yes,No,53,Yes,Yes,Fiber optic,No,Yes,No,No,Yes,Yes,Month-to-month,Yes,Credit card (automatic),98.4,5149.5,1
8859-YSTWS,Male,No,No,No,48,Yes,No,No,No,No,No,No,No,No,One year,No,Bank transfer (automatic),19.95,1004.5,0
4228-ZGYUW,Male,No,No,No,4,Yes,Yes,Fiber optic,No,Yes,No,No,No,Yes,Month-to-month,Yes,Electronic check,90.05,368.1,1
2931-XIQBR,Female,No,Yes,Yes,50,Yes,No,Fiber optic,No,No,Yes,Yes,Yes,Yes,One year,No,Mailed check,103.05,5153.5,0
0959-WHOKV,Male,No,No,No,42,Yes,Yes,Fiber optic,Yes,Yes,Yes,No,No,Yes,One year,Yes,Electronic check,99.0,4298.45,0
9609-BENEA,Male,No,Yes,No,35,Yes,Yes,DSL,No,Yes,No,Yes,Yes,No,One year,Yes,Electronic check,69.0,2441.7,0
4043-MKDTV,Male,No,Yes,No,71,Yes,No,Fiber optic,No,Yes,Yes,Yes,Yes,Yes,Two year,Yes,Electronic check,105.25,7291.75,0
2984-MIIZL,Male,No,No,No,4,Yes,No,Fiber optic,No,No,Yes,No,No,No,Month-to-month,Yes,Bank transfer (automatic),74.8,321.9,1
5380-XPJNZ,Female,No,No,No,38,Yes,No,No,No,No,No,No,No,No,One year,No,Mailed check,20.05,678.2,0
5597-GLBUC,Female,No,No,No,1,Yes,No,Fiber optic,No,No,Yes,No,Yes,No,Month-to-month,Yes,Electronic check,85.45,85.45,1
2077-DDHJK,Female,No,Yes,No,68,Yes,Yes,DSL,Yes,Yes,Yes,Yes,No,No,Two year,No,Credit card (automatic),70.9,4911.35,0
2636-SJDOU,Male,No,No,No,64,Yes,Yes,Fiber optic,Yes,Yes,No,No,No,No,One year,Yes,Credit card (automatic),84.3,5289.05,0
2657-VPXTA,Female,No,Yes,Yes,10,Yes,No,Fiber optic,No,No,No,No,Yes,Yes,Month-to-month,Yes,Electronic check,88.85,929.45,0
8286-AFUYI,Male,No,No,No,1,Yes,No,DSL,Yes,No,No,No,No,No,Month-to-month,No,Electronic check,47.95,47.95,0
9067-YGSCA,Female,No,No,No,70,Yes,Yes,No,No,No,No,No,No,No,One year,No,Credit card (automatic),26.05,1856.4,0
1891-UAWWU,Female,Yes,Yes,No,20,Yes,Yes,Fiber optic,No,No,Yes,No,Yes,No,Month-to-month,No,Electronic check,90.8,1951.0,1
9821-BESNZ,Male,No,No,No,66,Yes,Yes,Fiber optic,No,Yes,No,Yes,Yes,Yes,One year,Yes,Electronic check,104.25,6860.6,0
9079-YEXQJ,Female,No,No,No,54,Yes,Yes,Fiber optic,No,Yes,Yes,Yes,Yes,Yes,Month-to-month,No,Electronic check,111.1,6014.85,1
4622-YNKIJ,Male,No,No,No,33,Yes,No,Fiber optic,Yes,No,No,Yes,Yes,No,Two year,Yes,Electronic check,88.95,3027.65,0
1282-IHQAC,Male,Yes,No,No,70,No,No,DSL,No,Yes,Yes,No,Yes,No,One year,Yes,Credit card (automatic),44.05,3011.65,0
4369-NYSCF,Male,No,No,No,56,Yes,No,DSL,No,Yes,No,Yes,Yes,Yes,One year,Yes,Bank transfer (automatic),75.75,4284.65,0
2773-MADBQ,Female,No,No,No,36,No,No,DSL,Yes,Yes,Yes,Yes,No,Yes,Two year,Yes,Mailed check,53.1,1901.25,0
9820-RMCQV,Female,No,No,No,11,Yes,No,DSL,Yes,No,No,No,No,No,Month-to-month,No,Credit card (automatic),48.55,501.0,1
4967-WPNCF,Male,No,No,No,72,No,No,DSL,Yes,Yes,Yes,Yes,Yes,Yes,Two year,Yes,Bank transfer (automatic),63.7,4464.8,0
2952-QAYZF,Male,No,No,No,5,Yes,Yes,Fiber optic,No,Yes,Yes,No,No,No,Month-to-month,Yes,Electronic check,85.3,424.15,1
2889-FPWRM,Male,No,Yes,No,72,Yes,Yes,Fiber optic,Yes,Yes,Yes,Yes,Yes,Yes,One year,Yes,Bank transfer (automatic),117.8,8684.8,1
6485-QXWWE,Female,No,No,Yes,62,Yes,Yes,No,No,No,No,No,No,No,Two year,No,Bank transfer (automatic),26.0,1638.7,0
2642-MAWLJ,Female,No,Yes,Yes,36,Yes,No,No,No,No,No,No,No,No,Two year,No,Bank transfer (automatic),20.25,717.95,0
5339-TJFEK,Male,No,Yes,Yes,62,Yes,Yes,Fiber optic,Yes,Yes,No,No,Yes,Yes,Month-to-month,Yes,Electronic check,105.5,6487.2,0
6778-JFCMK,Male,No,No,No,24,No,No,DSL,Yes,No,No,No,Yes,Yes,One year,Yes,Mailed check,50.6,1288.75,0
4090-KPJIP,Female,No,No,No,3,Yes,Yes,Fiber optic,No,No,No,No,No,No,Month-to-month,Yes,Electronic check,74.95,212.4,0
6185-TASNN,Male,Yes,No,No,1,Yes,No,DSL,No,No,No,No,No,No,Month-to-month,No,Electronic check,46.3,46.3,0
8593-WHYHV,Male,No,No,No,3,Yes,Yes,Fiber optic,No,No,No,No,No,Yes,Month-to-month,Yes,Electronic check,85.3,264.8,1
3525-DVKFN,Female,No,No,No,17,Yes,No,No,No,No,No,No,No,No,Two year,No,Mailed check,19.4,358.05,0
9770-LXDBK,Female,No,No,No,3,Yes,No,No,No,No,No,No,No,No,Month-to-month,No,Mailed check,20.4,63.15,0
7233-IOQNP,Female,No,Yes,No,43,No,No,DSL,Yes,No,No,Yes,No,No,Month-to-month,No,Bank transfer (automatic),34.0,1505.35,0
2371-JUNGC,Male,No,No,No,11,Yes,No,No,No,No,No,No,No,No,Month-to-month,No,Mailed check,20.25,208.0,0
3629-ZNKXA,Male,Yes,No,No,17,Yes,No,Fiber optic,No,Yes,Yes,No,Yes,Yes,Month-to-month,Yes,Electronic check,101.8,1752.45,0
1784-EZDKJ,Male,No,Yes,No,51,Yes,Yes,Fiber optic,No,Yes,Yes,No,Yes,Yes,One year,Yes,Bank transfer (automatic),106.8,5498.8,0
6032-KRXXO,Male,No,No,No,30,Yes,No,Fiber optic,No,No,No,No,Yes,Yes,Month-to-month,Yes,Electronic check,90.25,2755.35,1
1393-IMKZG,Female,No,No,No,1,Yes,No,Fiber optic,No,No,No,Yes,Yes,Yes,Month-to-month,Yes,Electronic check,95.85,95.85,0
5214-NLTIT,Male,No,Yes,Yes,72,Yes,Yes,Fiber optic,No,No,Yes,No,No,Yes,Two year,Yes,Credit card (automatic),90.8,6511.8,0
1550-LOAHA,Female,No,Yes,No,32,Yes,No,Fiber optic,No,Yes,No,No,No,Yes,Month-to-month,No,Bank transfer (automatic),84.15,2585.95,1
1113-IUJYX,Female,No,Yes,No,14,Yes,No,Fiber optic,Yes,Yes,No,Yes,Yes,Yes,One year,No,Mailed check,105.95,1348.9,1
2575-GFSOE,Female,No,Yes,Yes,7,Yes,No,Fiber optic,No,No,No,No,No,No,Month-to-month,Yes,Electronic check,69.0,506.9,1
0495-ZBNGW,Male,Yes,Yes,No,5,Yes,Yes,Fiber optic,No,No,Yes,No,No,No,Month-to-month,Yes,Bank transfer (automatic),79.9,343.95,1
4671-VJLCL,Female,No,No,No,63,Yes,Yes,DSL,Yes,Yes,Yes,Yes,Yes,No,Two year,Yes,Credit card (automatic),79.85,4861.45,0
9825-YCXWZ,Female,Yes,No,No,41,Yes,No,Fiber optic,No,No,Yes,Yes,Yes,Yes,One year,Yes,Bank transfer (automatic),101.1,4016.2,0
6250-CGGUN,Male,No,No,No,54,Yes,No,Fiber optic,Yes,No,Yes,Yes,No,No,One year,No,Electronic check,84.4,4484.05,0
5868-CZJDR,Male,No,No,Yes,1,No,No,DSL,No,Yes,No,No,No,No,Month-to-month,Yes,Mailed check,31.35,31.35,1
3030-YZADT,Male,No,No,No,9,Yes,No,DSL,No,No,No,No,No,No,Month-to-month,No,Mailed check,44.95,431.0,1
3460-TJBWI,Male,No,Yes,Yes,24,Yes,Yes,No,No,No,No,No,No,No,Two year,No,Mailed check,24.2,609.05,0
6328-ZPBGN,Female,Yes,No,No,11,Yes,Yes,Fiber optic,No,No,No,No,Yes,Yes,Month-to-month,Yes,Bank transfer (automatic),95.15,997.65,1
0318-QUUOB,Male,No,Yes,No,1,Yes,No,Fiber optic,No,No,No,No,Yes,No,Month-to-month,Yes,Electronic check,80.55,80.55,1
0807-ZABDG,Female,No,No,Yes,3,Yes,No,DSL,Yes,No,No,Yes,No,No,Month-to-month,Yes,Mailed check,55.1,154.65,1
5968-XQIVE,Male,No,Yes,Yes,72,Yes,Yes,Fiber optic,No,Yes,No,No,Yes,No,One year,Yes,Electronic check,89.7,6588.95,0
2828-SLQPF,Male,No,No,No,19,Yes,No,DSL,No,No,No,No,No,No,Month-to-month,Yes,Bank transfer (automatic),45.0,865.85,0
6402-SSEJG,Female,No,No,No,25,No,No,DSL,Yes,Yes,Yes,No,Yes,Yes,One year,No,Electronic check,61.05,1540.2,0
1930-BZLHI,Male,No,No,No,21,Yes,No,No,No,No,No,No,No,No,One year,Yes,Mailed check,20.35,422.7,0
5125-CNDSP,Male,No,No,Yes,63,No,No,DSL,Yes,Yes,No,Yes,No,No,One year,Yes,Bank transfer (automatic),40.6,2588.95,0
6210-KBBPI,Male,Yes,No,No,9,Yes,Yes,Fiber optic,No,Yes,No,No,Yes,Yes,Month-to-month,Yes,Credit card (automatic),99.45,919.4,1
9755-JHNMN,Female,No,No,No,49,Yes,No,DSL,Yes,Yes,Yes,Yes,No,No,Two year,No,Bank transfer (automatic),67.4,3306.85,0
9626-WEQRM,Female,No,No,No,4,No,No,DSL,Yes,No,No,No,No,No,Month-to-month,Yes,Mailed check,29.15,110.05,0
7841-FCRQD,Female,No,Yes,No,33,Yes,No,DSL,No,Yes,No,Yes,No,No,One year,Yes,Credit card (automatic),53.75,1857.3,0
9548-LIGTA,Male,No,Yes,No,61,Yes,No,DSL,Yes,Yes,No,Yes,Yes,Yes,Two year,Yes,Mailed check,81.05,4747.65,0
6647-ZEDXT,Female,No,No,No,30,Yes,Yes,Fiber optic,No,Yes,Yes,Yes,Yes,Yes,One year,No,Credit card (automatic),110.45,3327.05,0
0480-KYJVA,Female,No,Yes,Yes,72,Yes,Yes,No,No,No,No,No,No,No,Two year,No,Credit card (automatic),24.25,1784.5,0
4484-GLZOU,Female,No,Yes,No,52,Yes,Yes,Fiber optic,No,Yes,Yes,No,Yes,Yes,Month-to-month,Yes,Electronic check,105.05,5624.85,1
0265-EDXBD,Male,Yes,Yes,No,32,Yes,Yes,Fiber optic,No,No,No,No,No,No,Month-to-month,Yes,Electronic check,74.9,2303.35,1
2984-TBYKU,Male,No,Yes,Yes,72,Yes,Yes,Fiber optic,Yes,Yes,Yes,Yes,No,Yes,Two year,Yes,Credit card (automatic),104.9,7732.65,0
4881-JVQOD,Male,Yes,Yes,Yes,10,No,No,DSL,No,No,No,No,No,Yes,Month-to-month,Yes,Bank transfer (automatic),34.55,362.6,0
3981-QSVQI,Male,No,No,No,8,Yes,No,No,No,No,No,No,No,No,Month-to-month,Yes,Bank transfer (automatic),19.7,168.9,0
0684-AOSIH,Male,No,Yes,No,1,Yes,No,Fiber optic,Yes,No,No,No,Yes,Yes,Month-to-month,Yes,Electronic check,95.0,95.0,1
3422-GALYP,Male,No,No,No,2,Yes,Yes,Fiber optic,No,Yes,No,No,No,No,Month-to-month,Yes,Electronic check,79.45,145.15,0
7966-YOTQW,Male,No,No,No,10,Yes,Yes,DSL,Yes,No,No,No,No,No,Month-to-month,Yes,Credit card (automatic),54.5,568.2,0
2324-EFHVG,Male,No,No,No,64,Yes,Yes,Fiber optic,No,Yes,Yes,No,Yes,Yes,Two year,Yes,Bank transfer (automatic),104.4,6692.65,0
6614-VBEGU,Female,No,Yes,No,24,Yes,No,DSL,No,Yes,No,No,Yes,Yes,Month-to-month,Yes,Bank transfer (automatic),69.45,1614.05,0
1830-IPXVJ,Female,No,Yes,Yes,61,Yes,No,No,No,No,No,No,No,No,Two year,No,Credit card (automatic),19.75,1311.6,0
2141-RRYGO,Female,No,No,No,4,Yes,No,DSL,No,Yes,No,No,Yes,Yes,Month-to-month,Yes,Bank transfer (automatic),68.65,261.25,1
6923-EFPNL,Male,No,No,No,4,Yes,Yes,DSL,No,No,No,No,No,No,Month-to-month,No,Credit card (automatic),51.75,201.1,1
0895-UADGO,Male,No,No,Yes,8,No,No,DSL,Yes,No,No,Yes,No,Yes,Two year,Yes,Mailed check,44.55,343.45,0
3282-ZISZV,Male,No,No,Yes,32,Yes,Yes,DSL,No,Yes,Yes,Yes,Yes,Yes,One year,No,Credit card (automatic),83.7,2633.3,0
5306-BVTKJ,Male,No,Yes,Yes,48,Yes,No,DSL,No,Yes,Yes,No,No,No,One year,Yes,Credit card (automatic),55.8,2651.2,0
7717-BICXI,Male,No,Yes,Yes,60,Yes,No,No,No,No,No,No,No,No,Two year,No,Mailed check,20.55,1205.05,0
5565-FILXA,Female,Yes,No,No,16,Yes,Yes,Fiber optic,No,No,No,No,Yes,Yes,Month-to-month,Yes,Electronic check,96.15,1529.2,1
4626-OZDTJ,Female,No,Yes,No,51,Yes,Yes,DSL,No,Yes,No,Yes,Yes,Yes,One year,Yes,Credit card (automatic),78.65,3950.85,0
7315-WYOAW,Male,No,No,No,13,Yes,Yes,Fiber optic,No,No,No,Yes,Yes,Yes,Month-to-month,No,Electronic check,100.75,1313.25,0
7563-BIUPC,Male,No,No,No,5,Yes,No,Fiber optic,No,No,No,No,Yes,No,Month-to-month,Yes,Electronic check,80.6,415.55,1
1042-HFUCW,Female,No,No,Yes,25,Yes,No,DSL,No,Yes,No,Yes,No,No,One year,Yes,Credit card (automatic),54.75,1266.35,0
1206-EHBDD,Female,No,Yes,No,56,Yes,No,Fiber optic,Yes,No,Yes,No,No,No,Two year,No,Bank transfer (automatic),80.3,4513.65,0
4625-LAMOB,Male,No,No,No,44,Yes,No,No,No,No,No,No,No,No,Two year,No,Credit card (automatic),20.4,905.55,0
1205-WNWPJ,Female,No,No,No,7,Yes,No,DSL,No,No,No,Yes,Yes,No,Month-to-month,Yes,Mailed check,59.5,415.95,1
1401-FTHFQ,Male,No,Yes,Yes,23,Yes,No,No,No,No,No,No,No,No,One year,Yes,Credit card (automatic),20.0,445.3,0
8361-LBRDI,Female,No,No,No,58,Yes,Yes,No,No,No,No,No,No,No,Two year,No,Credit card (automatic),24.35,1423.85,0
7633-MVPUY,Male,No,Yes,No,57,Yes,No,DSL,Yes,Yes,No,Yes,No,No,Two year,Yes,Electronic check,59.75,3450.15,0
3161-GETRM,Male,No,Yes,Yes,34,Yes,Yes,Fiber optic,No,No,Yes,No,No,Yes,Month-to-month,Yes,Credit card (automatic),90.05,3097.0,0
6257-DTAYD,Male,No,Yes,No,71,Yes,Yes,Fiber optic,No,Yes,No,Yes,Yes,Yes,Two year,Yes,Credit card (automatic),104.15,7365.3,0
6598-KELSS,Male,No,No,Yes,50,No,No,DSL,Yes,Yes,No,No,Yes,No,One year,Yes,Bank transfer (automatic),43.05,2208.05,0
6595-YGXIT,Male,Yes,No,No,25,Yes,Yes,Fiber optic,No,Yes,No,No,Yes,No,Month-to-month,Yes,Electronic check,88.95,2291.2,1
5233-AOZUF,Female,No,Yes,No,29,Yes,Yes,Fiber optic,No,No,No,No,No,No,Month-to-month,Yes,Electronic check,74.95,2149.05,0
4672-FOTSD,Male,No,No,No,12,Yes,Yes,DSL,Yes,Yes,No,Yes,No,No,Month-to-month,Yes,Electronic check,67.25,832.3,0
9867-NNXLC,Female,No,No,No,22,Yes,No,No,No,No,No,No,No,No,Month-to-month,Yes,Mailed check,20.05,470.2,0
9576-ANLXO,Female,No,No,No,3,Yes,No,Fiber optic,No,No,No,No,No,No,Month-to-month,Yes,Bank transfer (automatic),69.55,222.3,1
4980-URKXC,Male,No,Yes,No,36,Yes,No,No,No,No,No,No,No,No,One year,No,Bank transfer (automatic),20.85,720.05,0
7427-AUFPY,Male,No,No,No,54,Yes,No,No,No,No,No,No,No,No,Two year,No,Credit card (automatic),19.65,1008.7,0
5173-WXOQV,Male,No,Yes,No,2,Yes,No,DSL,No,Yes,No,Yes,No,Yes,Month-to-month,Yes,Mailed check,64.2,143.65,0
1112-CUNAO,Female,Yes,No,No,15,Yes,Yes,Fiber optic,No,Yes,No,No,No,Yes,Month-to-month,No,Electronic check,89.85,1424.95,1
8229-MYEJZ,Female,No,No,No,10,Yes,No,DSL,No,Yes,No,No,No,No,Month-to-month,No,Electronic check,51.2,498.25,0
2386-LAHRK,Male,No,No,No,1,Yes,No,DSL,No,No,No,No,Yes,No,Month-to-month,Yes,Mailed check,53.5,53.5,1
1976-CFOCS,Female,Yes,Yes,No,1,Yes,No,DSL,No,No,No,No,No,No,Month-to-month,No,Electronic check,46.0,46.0,1
1167-OYZJF,Female,Yes,Yes,No,67,Yes,No,No,No,No,No,No,No,No,Two year,Yes,Bank transfer (automatic),20.05,1263.05,0
0979-PHULV,Male,No,Yes,Yes,69,Yes,Yes,Fiber optic,No,No,Yes,No,Yes,Yes,Month-to-month,Yes,Credit card (automatic),99.45,7007.6,1
8571-ZCMCX,Female,No,Yes,Yes,47,No,No,DSL,Yes,Yes,Yes,No,Yes,Yes,Two year,Yes,Credit card (automatic),60.0,2768.65,0
8050-DVOJX,Male,Yes,No,No,49,Yes,Yes,DSL,Yes,Yes,Yes,Yes,No,Yes,Two year,No,Credit card (automatic),81.35,4060.9,0
7005-CCBKV,Male,No,No,No,6,Yes,No,Fiber optic,No,Yes,No,No,No,Yes,Month-to-month,Yes,Electronic check,84.4,556.35,1
7245-JMTTQ,Female,No,No,No,51,Yes,Yes,Fiber optic,No,Yes,Yes,Yes,Yes,Yes,One year,Yes,Electronic check,111.5,5703.25,0
2907-ILJBN,Female,No,Yes,Yes,11,Yes,No,No,No,No,No,No,No,No,One year,No,Mailed check,20.6,233.9,0
9953-ZMKSM,Male,No,No,No,63,Yes,Yes,No,No,No,No,No,No,No,Two year,No,Mailed check,25.25,1559.3,0
9498-FIMXL,Female,No,No,No,8,Yes,No,No,No,No,No,No,No,No,One year,Yes,Mailed check,19.2,161.95,0
6103-BOCOU,Female,No,No,No,26,Yes,Yes,Fiber optic,No,No,Yes,No,No,No,Month-to-month,Yes,Electronic check,80.7,2193.0,0
8189-HBVRW,Female,No,No,No,53,Yes,Yes,Fiber optic,Yes,Yes,Yes,No,No,No,Month-to-month,No,Electronic check,90.8,4921.2,0
4884-ZTHVF,Female,Yes,No,No,8,Yes,No,Fiber optic,No,Yes,No,No,Yes,No,Month-to-month,Yes,Electronic check,87.1,713.6,0
0917-EZOLA,Male,Yes,Yes,No,72,Yes,Yes,Fiber optic,No,Yes,Yes,No,Yes,Yes,Two year,Yes,Bank transfer (automatic),104.15,7689.95,1
8992-CEUEN,Female,No,No,No,1,Yes,No,No,No,No,No,No,No,No,Month-to-month,No,Electronic check,18.85,18.85,0
1833-TCXKK,Male,No,Yes,No,45,Yes,Yes,Fiber optic,No,Yes,Yes,No,Yes,Yes,Month-to-month,Yes,Bank transfer (automatic),107.75,4882.8,0
0946-FKYTX,Male,No,No,No,52,No,No,DSL,No,Yes,No,No,No,No,One year,No,Mailed check,30.1,1623.4,0
2446-BEGGB,Female,Yes,No,No,6,Yes,Yes,Fiber optic,No,Yes,No,No,Yes,Yes,Month-to-month,Yes,Electronic check,98.25,560.6,1
7975-TZMLR,Male,No,No,No,47,Yes,Yes,Fiber optic,No,Yes,Yes,No,Yes,Yes,One year,Yes,Electronic check,103.1,4889.3,0
7228-PAQPD,Female,No,No,No,14,Yes,No,DSL,No,No,No,Yes,No,Yes,One year,No,Credit card (automatic),59.1,772.85,0
3063-QFSZL,Female,No,No,No,1,Yes,No,DSL,No,No,No,No,No,Yes,Month-to-month,Yes,Electronic check,55.4,55.4,1
2985-JUUBZ,Male,No,Yes,Yes,40,Yes,Yes,DSL,No,No,Yes,No,Yes,Yes,Month-to-month,Yes,Electronic check,74.55,3015.75,0
1353-GHZOS,Male,No,Yes,No,22,Yes,No,DSL,Yes,No,No,No,Yes,No,One year,Yes,Bank transfer (automatic),59.75,1374.35,0
6543-CPZMK,Male,No,Yes,Yes,9,No,No,DSL,No,Yes,No,No,No,No,Month-to-month,Yes,Electronic check,29.95,248.95,1
4912-PIGUY,Female,No,No,No,1,Yes,Yes,Fiber optic,No,No,No,No,Yes,No,Month-to-month,Yes,Electronic check,84.6,84.6,0
5897-ZYEKH,Female,Yes,Yes,No,67,Yes,Yes,Fiber optic,Yes,Yes,No,No,Yes,Yes,One year,Yes,Electronic check,105.6,7112.15,0
1173-XZPYF,Female,No,No,No,11,Yes,Yes,Fiber optic,No,No,Yes,No,Yes,No,Month-to-month,Yes,Electronic check,89.2,990.3,0
5808-TOTXO,Female,No,No,Yes,3,Yes,No,No,No,No,No,No,No,No,One year,Yes,Credit card (automatic),20.55,57.4,0
6463-HHXJR,Female,No,Yes,Yes,71,Yes,Yes,Fiber optic,Yes,Yes,Yes,No,Yes,No,Two year,No,Bank transfer (automatic),100.5,7030.65,0
9541-PWTWO,Female,No,No,No,52,Yes,Yes,DSL,No,No,Yes,Yes,Yes,Yes,Two year,Yes,Bank transfer (automatic),80.95,4233.95,0
6169-PPETC,Male,No,Yes,Yes,35,Yes,No,No,No,No,No,No,No,No,Two year,No,Bank transfer (automatic),20.5,759.35,0
1352-VHKAJ,Male,No,Yes,Yes,27,Yes,Yes,DSL,No,No,No,Yes,Yes,Yes,Month-to-month,No,Bank transfer (automatic),71.6,1957.1,0
2038-LLMLM,Female,No,No,No,48,Yes,Yes,Fiber optic,No,No,Yes,Yes,Yes,Yes,Month-to-month,Yes,Electronic check,103.85,4946.05,0
3296-SILRA,Female,Yes,Yes,No,1,Yes,No,Fiber optic,No,Yes,No,No,No,No,Month-to-month,Yes,Mailed check,76.4,76.4,1
9430-NKQLY,Male,No,Yes,Yes,72,Yes,Yes,No,No,No,No,No,No,No,Two year,Yes,Credit card (automatic),25.1,1790.8,0
6993-YCOBK,Male,No,Yes,Yes,60,Yes,Yes,Fiber optic,Yes,No,Yes,Yes,Yes,Yes,Two year,Yes,Electronic check,110.6,6586.85,0
4039-HEUNW,Male,Yes,Yes,No,36,Yes,Yes,Fiber optic,No,Yes,No,No,Yes,Yes,Month-to-month,Yes,Electronic check,96.5,3436.1,1
0486-LGCCH,Male,No,Yes,Yes,11,Yes,No,No,No,No,No,No,No,No,Two year,No,Mailed check,19.65,225.75,0
7530-HDYDS,Female,No,No,No,38,Yes,No,Fiber optic,No,Yes,Yes,Yes,No,No,Month-to-month,Yes,Credit card (automatic),84.25,3264.5,1
0754-UKWQP,Male,No,No,No,2,Yes,No,Fiber optic,No,No,Yes,No,Yes,Yes,Month-to-month,Yes,Electronic check,95.85,197.7,1
3376-BMGFE,Female,No,No,No,4,Yes,No,Fiber optic,No,No,No,No,No,No,Month-to-month,Yes,Bank transfer (automatic),70.9,273.0,1
5419-CONWX,Female,Yes,No,No,4,Yes,No,Fiber optic,No,Yes,Yes,No,Yes,Yes,Month-to-month,Yes,Credit card (automatic),99.8,442.85,1
6211-WWLTF,Male,No,Yes,No,63,Yes,No,Fiber optic,Yes,No,Yes,No,Yes,Yes,Two year,No,Credit card (automatic),99.7,6330.4,0
8701-DGLVH,Male,No,No,No,51,Yes,No,No,No,No,No,No,No,No,Two year,No,Mailed check,20.45,1042.65,0
3186-AJIEK,Male,No,No,No,66,Yes,No,Fiber optic,Yes,No,Yes,Yes,Yes,Yes,Two year,Yes,Bank transfer (automatic),105.65,6844.5,0
1136-XGEQU,Female,No,Yes,Yes,50,Yes,Yes,DSL,No,Yes,Yes,Yes,Yes,Yes,One year,Yes,Credit card (automatic),84.15,4164.4,0
6906-ANDWJ,Male,No,Yes,Yes,15,Yes,Yes,Fiber optic,No,No,No,No,No,No,Month-to-month,Yes,Bank transfer (automatic),74.9,1107.25,1
5569-IDSEY,Male,No,Yes,No,71,Yes,Yes,Fiber optic,No,Yes,Yes,No,Yes,Yes,One year,Yes,Bank transfer (automatic),105.7,7472.15,0
9102-OXKFY,Male,No,No,No,59,Yes,Yes,DSL,No,No,Yes,No,No,No,Two year,No,Credit card (automatic),54.15,3116.15,0
9853-JFZDU,Female,No,Yes,No,35,Yes,No,DSL,No,Yes,No,Yes,No,No,Month-to-month,No,Electronic check,56.85,1861.1,0
9668-PUGNU,Male,No,Yes,No,71,Yes,Yes,No,No,No,No,No,No,No,Two year,Yes,Electronic check,24.5,1816.2,0
3301-LSLWQ,Female,No,No,No,29,Yes,Yes,DSL,Yes,No,No,No,No,Yes,Month-to-month,Yes,Electronic check,66.1,1912.15,0
9822-BIIGN,Male,No,Yes,Yes,53,Yes,Yes,DSL,Yes,No,No,Yes,No,Yes,Month-to-month,No,Electronic check,71.85,3827.9,0
5666-MBJPT,Male,No,No,No,65,Yes,Yes,No,No,No,No,No,No,No,Two year,Yes,Bank transfer (automatic),25.1,1725.0,0
5468-BPMMO,Male,No,Yes,No,46,Yes,No,No,No,No,No,No,No,No,Month-to-month,No,Electronic check,19.6,851.2,0
5385-SUIRI,Male,Yes,Yes,No,52,Yes,Yes,Fiber optic,Yes,No,Yes,No,Yes,Yes,Month-to-month,Yes,Electronic check,104.2,5568.35,1
8207-VVMYB,Female,No,Yes,No,70,Yes,Yes,No,No,No,No,No,No,No,Two year,Yes,Bank transfer (automatic),26.0,2006.95,0
8450-LUGUK,Female,No,Yes,Yes,37,Yes,Yes,No,No,No,No,No,No,No,Two year,Yes,Bank transfer (automatic),24.1,861.85,0
7657-DYEPJ,Male,Yes,No,No,38,Yes,No,DSL,No,Yes,Yes,Yes,Yes,No,One year,Yes,Credit card (automatic),70.15,2497.35,1
2233-TXSIU,Male,No,Yes,Yes,17,No,No,DSL,Yes,No,Yes,No,Yes,No,One year,No,Credit card (automatic),44.45,792.15,0
9522-BNTHX,Female,Yes,No,No,34,No,No,DSL,No,Yes,Yes,No,Yes,Yes,Month-to-month,Yes,Electronic check,56.25,1765.95,0
6402-ZFPPI,Female,Yes,No,No,25,Yes,Yes,Fiber optic,Yes,Yes,No,No,Yes,Yes,Month-to-month,Yes,Mailed check,102.8,2660.2,1
5419-KLXBN,Female,No,Yes,Yes,25,Yes,No,Fiber optic,No,Yes,Yes,No,Yes,No,Month-to-month,Yes,Bank transfer (automatic),89.15,2257.75,1
9391-DXGGG,Female,Yes,No,No,44,Yes,No,Fiber optic,No,Yes,Yes,No,No,Yes,One year,No,Credit card (automatic),89.15,3990.75,0
8807-ARQET,Female,No,No,No,41,No,No,DSL,No,Yes,No,No,No,Yes,Month-to-month,Yes,Electronic check,40.35,1677.85,0
3896-ZVNET,Female,No,Yes,Yes,24,Yes,Yes,No,No,No,No,No,No,No,Two year,No,Mailed check,24.7,571.75,0
6950-TWMYB,Male,No,Yes,Yes,54,Yes,No,Fiber optic,No,Yes,No,Yes,No,No,Two year,Yes,Bank transfer (automatic),79.95,4362.05,0
4832-VRBMR,Male,Yes,Yes,No,65,Yes,Yes,Fiber optic,No,Yes,Yes,No,Yes,Yes,One year,Yes,Bank transfer (automatic),103.15,6792.45,0
9681-KYGYB,Male,Yes,Yes,No,49,Yes,Yes,Fiber optic,Yes,Yes,Yes,No,No,No,Month-to-month,Yes,Electronic check,88.2,4159.45,0
9424-CMPOG,Male,No,Yes,Yes,9,Yes,No,No,No,No,No,No,No,No,Two year,No,Mailed check,19.6,197.4,0
7067-KSAZT,Female,Yes,Yes,No,65,Yes,Yes,Fiber optic,No,Yes,Yes,No,Yes,Yes,One year,Yes,Electronic check,106.25,6979.8,1
3071-VBYPO,Male,No,Yes,Yes,3,Yes,No,Fiber optic,Yes,Yes,No,No,Yes,No,Month-to-month,No,Electronic check,89.85,248.4,0
7163-OCEQI,Male,No,Yes,Yes,22,Yes,Yes,DSL,No,No,Yes,Yes,Yes,Yes,One year,Yes,Mailed check,78.65,1663.75,0
4342-HENTK,Female,Yes,No,No,2,Yes,No,Fiber optic,No,No,No,No,No,No,Month-to-month,Yes,Electronic check,70.65,142.35,1
6671-NGWON,Female,No,No,No,7,Yes,No,No,No,No,No,No,No,No,Month-to-month,No,Mailed check,20.35,150.6,0
1020-JPQOW,Female,No,Yes,No,56,Yes,Yes,Fiber optic,No,Yes,Yes,Yes,No,No,Month-to-month,No,Electronic check,90.55,5116.6,0
0872-CASZJ,Male,No,Yes,No,59,Yes,Yes,DSL,Yes,No,No,Yes,No,Yes,One year,Yes,Mailed check,69.1,4096.9,0
5339-PXDVH,Male,No,No,No,4,Yes,Yes,Fiber optic,Yes,No,No,No,Yes,No,Month-to-month,No,Electronic check,90.65,367.95,0
6559-PDZLR,Male,No,No,No,26,Yes,No,Fiber optic,No,No,Yes,Yes,Yes,Yes,Month-to-month,Yes,Electronic check,98.65,2537.0,0
3745-HRPHI,Male,No,Yes,Yes,66,No,No,DSL,No,No,Yes,Yes,Yes,Yes,Two year,No,Bank transfer (automatic),54.65,3632.0,0
2235-EZAIK,Female,No,Yes,No,72,Yes,Yes,DSL,Yes,Yes,Yes,Yes,Yes,No,Two year,No,Credit card (automatic),79.2,5401.9,0
5156-UMKOW,Female,No,No,Yes,3,No,No,DSL,No,Yes,No,No,No,No,Month-to-month,No,Mailed check,29.65,90.05,0
7564-GHCVB,Female,No,Yes,Yes,72,Yes,Yes,Fiber optic,Yes,No,No,No,No,No,Two year,No,Bank transfer (automatic),79.05,5730.7,0
0295-PPHDO,Male,No,No,No,1,Yes,Yes,Fiber optic,No,No,No,No,Yes,Yes,Month-to-month,Yes,Electronic check,95.45,95.45,1
4818-QIUFN,Female,Yes,No,No,20,Yes,Yes,Fiber optic,Yes,No,No,No,No,No,Month-to-month,Yes,Electronic check,79.15,1520.9,1
1120-BMWUB,Female,No,No,No,16,Yes,No,DSL,No,Yes,No,Yes,No,No,Month-to-month,Yes,Mailed check,53.9,834.15,1
9894-EZEWG,Female,No,No,No,1,Yes,No,Fiber optic,No,Yes,No,No,No,No,Month-to-month,Yes,Credit card (automatic),74.3,74.3,1
8996-ZROXE,Male,Yes,No,No,57,Yes,No,DSL,No,No,Yes,Yes,No,No,One year,Yes,Electronic check,53.5,3035.8,0
1852-QSWCD,Male,No,Yes,Yes,64,Yes,Yes,No,No,No,No,No,No,No,Two year,Yes,Mailed check,24.8,1514.85,0
6705-LNMDD,Male,No,No,No,20,Yes,No,DSL,No,No,No,Yes,No,No,Month-to-month,No,Mailed check,50.0,1003.05,0
6794-HKIAJ,Male,No,No,No,62,Yes,Yes,Fiber optic,Yes,Yes,Yes,No,No,No,Month-to-month,No,Bank transfer (automatic),90.7,5586.45,0
0781-LKXBR,Male,Yes,No,No,9,Yes,Yes,Fiber optic,No,No,Yes,No,Yes,Yes,Month-to-month,Yes,Electronic check,100.5,918.6,1
7359-SSBJK,Female,Yes,No,No,64,Yes,No,DSL,Yes,Yes,No,Yes,Yes,No,Two year,Yes,Credit card (automatic),70.2,4481.0,1
9796-MVYXX,Female,Yes,No,No,14,No,No,DSL,Yes,No,Yes,Yes,No,No,Two year,No,Mailed check,39.7,692.35,0
4749-OJKQU,Female,No,No,No,4,Yes,Yes,Fiber optic,No,No,No,No,No,No,Month-to-month,Yes,Electronic check,75.65,302.35,0
7945-PRBVF,Male,No,No,No,35,Yes,No,No,No,No,No,No,No,No,Two year,No,Bank transfer (automatic),21.45,705.45,0
0484-FFVBJ,Male,No,No,No,32,Yes,No,DSL,No,No,No,No,Yes,Yes,One year,Yes,Bank transfer (automatic),64.85,2010.95,0
8760-ZRHKE,Female,Yes,Yes,Yes,71,Yes,Yes,DSL,Yes,Yes,No,No,Yes,No,One year,No,Electronic check,69.2,4982.5,0
8780-IHCRN,Male,No,Yes,Yes,63,Yes,Yes,No,No,No,No,No,No,No,Two year,No,Credit card (automatic),24.65,1574.5,0
1080-BWSYE,Male,Yes,Yes,No,64,Yes,Yes,No,No,No,No,No,No,No,Two year,No,Credit card (automatic),25.65,1740.8,0
3703-VAVCL,Male,No,Yes,Yes,2,Yes,No,Fiber optic,No,No,Yes,Yes,No,Yes,Month-to-month,No,Credit card (automatic),90.0,190.05,1
7765-LWVVH,Female,No,Yes,Yes,72,Yes,Yes,Fiber optic,Yes,Yes,No,No,Yes,No,Two year,Yes,Electronic check,95.1,6843.15,0
2782-LFZVW,Female,No,No,No,11,Yes,Yes,DSL,No,No,No,No,No,Yes,Month-to-month,Yes,Mailed check,58.95,601.6,0
6813-GZQCG,Female,No,Yes,Yes,45,Yes,Yes,No,No,No,No,No,No,No,Two year,Yes,Credit card (automatic),24.65,1171.3,0
0404-AHASP,Male,No,Yes,No,72,Yes,No,No,No,No,No,No,No,No,Two year,No,Credit card (automatic),19.7,1421.9,0
3420-ZDBMA,Male,Yes,No,No,5,Yes,No,Fiber optic,No,No,No,No,No,No,Month-to-month,Yes,Mailed check,71.45,371.6,0
1391-UBDAR,Male,No,No,No,11,Yes,No,Fiber optic,No,No,Yes,No,No,No,Month-to-month,No,Electronic check,72.9,818.45,0
7089-IVVAZ,Female,No,No,No,8,Yes,Yes,Fiber optic,Yes,No,No,Yes,Yes,Yes,Month-to-month,Yes,Bank transfer (automatic),103.35,847.3,1
8062-YBDOE,Male,Yes,No,No,1,Yes,No,Fiber optic,No,No,No,No,No,No,Month-to-month,Yes,Electronic check,69.65,69.65,1
7621-VPNET,Female,No,Yes,No,42,Yes,Yes,Fiber optic,No,No,Yes,Yes,No,No,Month-to-month,Yes,Credit card (automatic),85.9,3729.75,0
3658-QQJYD,Male,No,No,No,62,Yes,No,DSL,Yes,Yes,No,No,Yes,Yes,One year,Yes,Credit card (automatic),74.3,4698.05,0
2946-KIQSP,Female,No,No,No,35,No,No,DSL,No,No,Yes,Yes,No,No,Month-to-month,Yes,Mailed check,33.45,1175.85,0
4636-QRJKY,Female,No,Yes,Yes,6,Yes,Yes,Fiber optic,No,No,No,Yes,No,No,Month-to-month,Yes,Electronic check,80.5,502.85,1
9606-PBKBQ,Male,Yes,Yes,No,32,Yes,Yes,Fiber optic,No,No,No,No,No,Yes,Month-to-month,Yes,Electronic check,85.0,2642.05,1
9625-RZFUK,Male,No,Yes,Yes,63,Yes,No,No,No,No,No,No,No,No,Two year,No,Mailed check,19.7,1275.85,0
5928-QLDHB,Male,No,No,No,9,Yes,Yes,Fiber optic,No,No,No,No,No,No,Month-to-month,Yes,Electronic check,76.25,684.85,0
8652-YHIYU,Female,No,No,Yes,16,Yes,Yes,Fiber optic,No,No,No,Yes,No,No,One year,Yes,Credit card (automatic),79.5,1264.2,0
5980-BDHPY,Male,No,Yes,No,72,Yes,Yes,DSL,Yes,Yes,Yes,Yes,Yes,Yes,Two year,Yes,Bank transfer (automatic),87.1,6230.1,0
7384-GHBPI,Male,No,Yes,No,3,No,No,DSL,No,No,No,No,No,Yes,Month-to-month,Yes,Electronic check,35.15,99.75,1
0716-BQNDX,Male,Yes,No,No,57,Yes,Yes,Fiber optic,Yes,No,No,Yes,No,Yes,Two year,No,Electronic check,93.75,5625.55,0
2664-XJZNO,Male,No,Yes,Yes,72,Yes,No,Fiber optic,Yes,No,Yes,Yes,Yes,Yes,Two year,Yes,Credit card (automatic),104.9,7559.55,0
1069-XAIEM,Female,Yes,No,No,1,Yes,Yes,Fiber optic,No,No,No,No,No,Yes,Month-to-month,Yes,Electronic check,85.05,85.05,1
7341-LXCAF,Male,No,Yes,No,4,Yes,Yes,Fiber optic,No,No,No,No,No,No,Month-to-month,Yes,Electronic check,74.65,301.4,1
5533-RJFTJ,Male,No,No,No,49,No,No,DSL,No,No,Yes,No,No,No,Month-to-month,Yes,Bank transfer (automatic),30.2,1453.1,0
7636-OWBPG,Male,Yes,No,No,12,No,No,DSL,No,Yes,No,No,No,No,Month-to-month,Yes,Credit card (automatic),29.35,381.2,0
3729-OWRVL,Male,Yes,No,No,65,Yes,Yes,Fiber optic,Yes,No,Yes,Yes,Yes,Yes,Two year,Yes,Electronic check,110.35,7246.15,0
2014-MKGMH,Female,No,No,No,46,Yes,Yes,Fiber optic,No,No,Yes,No,Yes,Yes,One year,Yes,Electronic check,101.1,4674.4,0
0824-VWDPO,Female,No,No,No,45,Yes,Yes,Fiber optic,Yes,Yes,No,No,No,Yes,One year,No,Bank transfer (automatic),96.75,4442.75,0
1209-VFFOC,Male,No,Yes,Yes,68,No,No,DSL,Yes,Yes,Yes,Yes,No,Yes,Two year,Yes,Mailed check,56.4,3948.45,0
4190-MFLUW,Female,No,Yes,Yes,10,Yes,No,DSL,No,No,Yes,Yes,No,No,Month-to-month,No,Credit card (automatic),55.2,528.35,1
3724-BSCVH,Male,No,Yes,Yes,10,Yes,No,No,No,No,No,No,No,No,One year,No,Mailed check,20.45,242.4,0
4538-WNTMJ,Female,No,Yes,Yes,46,Yes,Yes,No,No,No,No,No,No,No,One year,No,Mailed check,24.95,1165.9,0
6563-VRERX,Male,No,Yes,Yes,33,Yes,No,No,No,No,No,No,No,No,One year,No,Mailed check,20.6,690.25,0
3926-YZVVX,Female,No,No,No,41,Yes,No,DSL,No,No,No,Yes,No,No,One year,No,Bank transfer (automatic),50.05,2029.05,0
2560-PPCHE,Female,No,No,No,65,Yes,Yes,Fiber optic,No,Yes,No,Yes,Yes,Yes,One year,Yes,Bank transfer (automatic),105.05,6744.25,0
4488-PSYCG,Male,No,No,No,16,Yes,No,No,No,No,No,No,No,No,Month-to-month,No,Bank transfer (automatic),20.25,327.45,1
8051-HJRLT,Female,Yes,No,No,1,Yes,No,Fiber optic,No,No,No,No,No,No,Month-to-month,Yes,Electronic check,70.55,70.55,1
5968-VXZLG,Male,No,No,No,2,Yes,No,DSL,No,No,No,No,No,No,Month-to-month,Yes,Bank transfer (automatic),46.6,87.9,0
4291-YZODP,Female,No,No,Yes,7,Yes,No,No,No,No,No,No,No,No,One year,No,Mailed check,20.05,96.8,0
1619-YWUBB,Female,No,Yes,No,68,Yes,Yes,No,No,No,No,No,No,No,Two year,Yes,Credit card (automatic),24.95,1614.9,0
8982-NHAVY,Male,No,No,No,27,Yes,Yes,Fiber optic,No,No,Yes,No,Yes,Yes,One year,Yes,Bank transfer (automatic),100.5,2673.45,0
8404-GFGCZ,Male,No,Yes,No,4,Yes,Yes,DSL,No,No,Yes,No,Yes,No,Month-to-month,No,Electronic check,65.6,250.1,0
2220-IAHLS,Female,No,No,No,1,Yes,No,No,No,No,No,No,No,No,Month-to-month,No,Credit card (automatic),19.4,19.4,0
7234-FECYN,Female,Yes,No,No,8,Yes,Yes,Fiber optic,No,No,Yes,No,Yes,Yes,Month-to-month,No,Electronic check,101.35,780.5,1
9581-GVBXT,Male,No,Yes,Yes,59,No,No,DSL,Yes,No,Yes,No,No,No,One year,No,Mailed check,34.8,1980.3,0
2684-EIWEO,Female,Yes,No,No,30,Yes,Yes,Fiber optic,Yes,Yes,Yes,No,No,No,Month-to-month,No,Credit card (automatic),91.7,2758.15,1
4741-WWJQZ,Female,No,Yes,No,2,Yes,No,Fiber optic,Yes,No,No,Yes,No,No,Month-to-month,Yes,Electronic check,80.15,194.55,0
2929-ERCFZ,Female,No,Yes,Yes,8,Yes,No,Fiber optic,No,No,Yes,No,Yes,Yes,Month-to-month,Yes,Electronic check,94.2,777.3,1
7161-DFHUF,Female,No,Yes,No,71,Yes,Yes,No,No,No,No,No,No,No,Two year,No,Mailed check,23.85,1672.1,0
0058-EVZWM,Female,No,Yes,No,55,Yes,Yes,Fiber optic,Yes,No,No,No,Yes,No,Month-to-month,Yes,Bank transfer (automatic),89.8,4959.6,0
4424-TKOPW,Male,Yes,No,No,2,Yes,Yes,Fiber optic,No,No,No,No,Yes,Yes,Month-to-month,Yes,Electronic check,93.85,196.75,1
2580-ASVVY,Female,No,Yes,No,37,No,No,DSL,Yes,No,No,Yes,Yes,No,Two year,No,Electronic check,45.4,1593.1,0
5684-FJVYR,Female,No,Yes,Yes,72,Yes,Yes,Fiber optic,Yes,Yes,No,Yes,No,No,Two year,Yes,Bank transfer (automatic),90.35,6563.4,0
1335-MXCSE,Male,No,Yes,Yes,55,Yes,No,DSL,No,No,Yes,Yes,No,No,Two year,Yes,Credit card (automatic),55.25,3119.9,0
4203-QGNZA,Female,No,No,Yes,28,Yes,No,No,No,No,No,No,No,No,Month-to-month,No,Mailed check,20.25,535.35,0
9173-IVZVP,Female,No,Yes,Yes,53,Yes,No,No,No,No,No,No,No,No,Two year,No,Mailed check,20.9,1146.05,0
1371-OJCEK,Female,No,No,No,48,Yes,Yes,No,No,No,No,No,No,No,One year,No,Bank transfer (automatic),24.35,1133.7,0
4391-LNRXK,Male,No,No,No,22,Yes,No,Fiber optic,No,Yes,Yes,Yes,No,Yes,Month-to-month,Yes,Bank transfer (automatic),94.95,2142.8,0
0988-AADSA,Female,No,Yes,Yes,72,Yes,Yes,DSL,Yes,Yes,Yes,Yes,No,Yes,Two year,No,Bank transfer (automatic),80.85,5824.75,0
8069-YQQAJ,Male,No,No,No,14,No,No,DSL,No,Yes,No,No,No,No,Month-to-month,Yes,Mailed check,31.1,419.7,0
9617-UDPEU,Female,No,No,No,22,Yes,No,No,No,No,No,No,No,No,One year,Yes,Mailed check,19.25,412.55,0
2024-BASKD,Female,No,No,No,1,Yes,No,Fiber optic,No,No,Yes,No,No,No,Month-to-month,Yes,Mailed check,74.6,74.6,1
9367-TCUYN,Female,No,No,No,12,Yes,No,No,No,No,No,No,No,No,Month-to-month,No,Mailed check,20.1,223.6,0
2263-SFSQZ,Male,No,Yes,Yes,51,Yes,Yes,No,No,No,No,No,No,No,Two year,Yes,Mailed check,24.95,1222.25,0
3657-COGMW,Female,Yes,No,No,52,Yes,Yes,Fiber optic,Yes,Yes,Yes,No,Yes,Yes,Month-to-month,No,Credit card (automatic),108.1,5839.3,0
7663-CUXZB,Male,No,Yes,No,59,Yes,Yes,Fiber optic,Yes,Yes,Yes,Yes,Yes,Yes,Two year,No,Electronic check,113.75,6561.25,0
0402-CQAJN,Female,No,No,No,37,Yes,Yes,Fiber optic,No,Yes,Yes,No,Yes,Yes,Month-to-month,Yes,Bank transfer (automatic),101.9,3545.35,1
6840-RESVB,Male,No,Yes,Yes,24,Yes,Yes,DSL,Yes,No,Yes,Yes,Yes,Yes,One year,Yes,Mailed check,84.8,1990.5,0
8327-WKMIE,Male,No,No,No,37,Yes,No,No,No,No,No,No,No,No,One year,No,Credit card (automatic),20.15,785.75,0
3452-GWUIN,Female,Yes,Yes,No,19,Yes,Yes,Fiber optic,No,No,No,No,Yes,Yes,Month-to-month,Yes,Electronic check,94.95,1760.25,0
5930-GBIWP,Male,No,No,No,69,Yes,Yes,DSL,Yes,Yes,Yes,Yes,No,Yes,Two year,Yes,Credit card (automatic),81.5,5553.25,0
0181-RITDD,Male,No,Yes,Yes,62,Yes,No,Fiber optic,Yes,Yes,Yes,Yes,Yes,Yes,Two year,No,Mailed check,108.15,6825.65,0
8124-NZVGJ,Female,No,No,No,6,No,No,DSL,No,No,No,Yes,Yes,Yes,One year,Yes,Mailed check,49.25,255.6,0
1984-GPTEH,Female,No,No,No,29,Yes,Yes,No,No,No,No,No,No,No,Month-to-month,No,Electronic check,25.15,702.0,0
3855-ONCAR,Female,No,Yes,Yes,4,Yes,No,Fiber optic,No,No,No,No,Yes,No,Month-to-month,Yes,Mailed check,78.9,299.75,0
3227-WLKLI,Female,No,Yes,Yes,65,Yes,Yes,DSL,Yes,Yes,Yes,Yes,Yes,Yes,Two year,No,Bank transfer (automatic),91.55,5963.95,0
2719-BDAQO,Male,No,No,No,17,Yes,No,Fiber optic,Yes,No,No,No,Yes,Yes,Month-to-month,No,Electronic check,93.85,1625.65,1
0811-GSDTP,Female,No,No,Yes,13,No,No,DSL,No,Yes,No,No,No,No,Month-to-month,No,Electronic check,30.15,382.2,0
5955-ERIHD,Male,No,Yes,No,18,Yes,Yes,Fiber optic,No,No,No,No,Yes,Yes,Month-to-month,Yes,Electronic check,94.7,1687.95,1
7675-OZCZG,Female,Yes,No,No,3,Yes,No,DSL,No,No,No,No,No,No,Month-to-month,No,Electronic check,45.0,127.1,1
5204-HMGYF,Female,No,Yes,Yes,49,Yes,No,DSL,Yes,Yes,Yes,Yes,Yes,Yes,One year,Yes,Mailed check,87.2,4345.0,0
3721-CNEYS,Female,No,No,No,2,Yes,No,Fiber optic,No,No,No,No,No,No,Month-to-month,Yes,Electronic check,70.95,137.95,1
7268-WNTCP,Male,No,Yes,Yes,62,Yes,No,No,No,No,No,No,No,No,Two year,No,Bank transfer (automatic),20.45,1297.35,0
0374-AACSZ,Female,No,No,No,1,Yes,No,DSL,Yes,No,No,No,No,No,Month-to-month,No,Electronic check,50.15,50.15,0
7803-XOCCZ,Female,No,Yes,Yes,52,Yes,No,Fiber optic,Yes,No,Yes,Yes,No,No,Month-to-month,Yes,Bank transfer (automatic),84.05,4326.8,0
1431-CYWMH,Female,No,Yes,Yes,22,Yes,No,No,No,No,No,No,No,No,Month-to-month,No,Bank transfer (automatic),19.05,454.05,0
4950-BDEUX,Male,No,No,No,35,No,No,DSL,No,No,Yes,No,Yes,Yes,Month-to-month,No,Electronic check,49.2,1701.65,0
4753-PADAS,Female,No,Yes,No,67,Yes,Yes,Fiber optic,No,Yes,Yes,No,Yes,Yes,One year,Yes,Bank transfer (automatic),105.7,6816.95,0
7508-SMHXL,Female,Yes,No,No,15,Yes,Yes,Fiber optic,No,Yes,No,No,Yes,No,Month-to-month,No,Credit card (automatic),89.0,1288.3,0
6728-WYQBC,Male,No,No,No,1,Yes,No,No,No,No,No,No,No,No,Month-to-month,No,Bank transfer (automatic),20.95,20.95,0
9588-YRFHY,Male,No,No,No,49,Yes,No,No,No,No,No,No,No,No,Two year,Yes,Credit card (automatic),19.9,1022.6,0
2190-PHBHR,Female,No,Yes,No,72,Yes,Yes,Fiber optic,Yes,Yes,No,No,No,Yes,Two year,Yes,Credit card (automatic),94.45,6921.7,0
5639-NTUPK,Male,No,No,Yes,13,Yes,No,DSL,Yes,No,No,No,No,No,Month-to-month,Yes,Credit card (automatic),52.1,670.65,0
4021-RQSNY,Male,Yes,Yes,No,29,Yes,Yes,Fiber optic,No,No,Yes,No,Yes,Yes,Month-to-month,Yes,Electronic check,98.5,3004.15,1
6870-ECSHE,Female,No,No,No,2,Yes,No,No,No,No,No,No,No,No,One year,No,Mailed check,20.45,34.8,0
4159-NAAIX,Female,No,No,No,63,Yes,Yes,Fiber optic,No,Yes,No,No,Yes,Yes,Two year,No,Bank transfer (automatic),97.45,6253.0,0
2037-XJFUP,Male,No,Yes,No,33,Yes,No,Fiber optic,No,No,Yes,No,Yes,Yes,One year,Yes,Electronic check,95.8,3036.75,1
8976-OQHGT,Female,No,Yes,Yes,4,Yes,No,DSL,No,Yes,No,Yes,No,No,Month-to-month,No,Mailed check,56.5,235.1,1
5948-UJZLF,Male,No,No,No,2,Yes,No,DSL,No,Yes,No,No,No,No,Month-to-month,No,Mailed check,49.25,97.0,0
4905-JEFDW,Male,No,No,No,11,No,No,DSL,No,No,Yes,No,Yes,No,One year,Yes,Electronic check,41.6,470.6,1
4906-ZHGPK,Male,No,Yes,Yes,54,Yes,Yes,DSL,No,Yes,No,Yes,Yes,No,One year,Yes,Electronic check,70.7,3770.0,0
4546-FOKWR,Female,No,No,No,16,Yes,Yes,Fiber optic,No,No,No,No,No,No,Month-to-month,Yes,Credit card (automatic),74.75,1129.35,0
6214-EDAKZ,Female,No,Yes,Yes,22,Yes,No,DSL,No,Yes,No,Yes,No,No,Month-to-month,No,Electronic check,55.15,1206.05,1
4806-DXQCE,Female,Yes,Yes,No,70,Yes,Yes,Fiber optic,Yes,Yes,Yes,Yes,Yes,Yes,Two year,Yes,Electronic check,113.65,7714.65,0
1541-ETJZO,Male,No,No,No,1,Yes,Yes,DSL,No,No,Yes,Yes,No,No,Month-to-month,No,Mailed check,62.05,62.05,1
6286-SUUWT,Male,No,No,No,1,Yes,No,No,No,No,No,No,No,No,Month-to-month,No,Mailed check,19.95,19.95,0
2460-NGXBJ,Male,Yes,Yes,Yes,11,Yes,Yes,Fiber optic,No,No,No,No,No,No,Month-to-month,Yes,Credit card (automatic),75.2,775.3,0
2323-ARSVR,Male,No,Yes,No,67,Yes,No,Fiber optic,Yes,Yes,Yes,Yes,Yes,Yes,Two year,Yes,Electronic check,111.05,7321.05,0
8417-GSODA,Male,No,Yes,Yes,28,Yes,Yes,Fiber optic,No,No,No,No,Yes,Yes,One year,No,Bank transfer (automatic),92.2,2568.15,0
6243-OZGFH,Female,No,No,No,23,No,No,DSL,No,No,No,No,Yes,Yes,Month-to-month,Yes,Electronic check,44.95,996.85,0
4030-VPZBD,Female,No,No,No,2,No,No,DSL,No,No,No,Yes,No,No,Month-to-month,Yes,Electronic check,30.9,59.05,1
6356-ELRKD,Female,No,No,No,1,Yes,No,Fiber optic,Yes,No,No,No,Yes,Yes,Month-to-month,Yes,Electronic check,95.6,95.6,1
2235-ZGKPT,Female,No,Yes,Yes,4,Yes,Yes,DSL,No,No,No,No,No,No,Month-to-month,No,Mailed check,50.85,239.55,1
5240-CAOYT,Female,No,No,No,57,Yes,Yes,Fiber optic,Yes,Yes,No,Yes,No,No,Month-to-month,Yes,Bank transfer (automatic),87.55,4884.85,0
7017-VFHAY,Female,No,Yes,Yes,61,Yes,Yes,Fiber optic,Yes,Yes,Yes,Yes,Yes,Yes,Two year,No,Credit card (automatic),115.1,7008.15,0
3138-BKYAV,Male,No,No,No,6,Yes,No,Fiber optic,No,Yes,No,No,Yes,No,Month-to-month,Yes,Electronic check,85.35,489.45,1
9124-LHCJQ,Female,No,No,No,1,Yes,Yes,Fiber optic,No,No,No,No,No,Yes,Month-to-month,Yes,Mailed check,85.45,85.45,1
3902-FOIGH,Male,Yes,Yes,No,12,Yes,Yes,Fiber optic,No,Yes,No,No,Yes,Yes,Month-to-month,Yes,Electronic check,101.35,1218.55,1
5701-SVCWR,Female,No,No,Yes,1,Yes,Yes,No,No,No,No,No,No,No,Month-to-month,No,Mailed check,24.0,24.0,0
4931-TRZWN,Female,No,No,No,13,Yes,No,DSL,Yes,No,No,No,Yes,Yes,Month-to-month,Yes,Electronic check,71.95,923.85,0
0750-EKNGL,Male,No,No,No,7,Yes,No,No,No,No,No,No,No,No,Month-to-month,No,Mailed check,20.75,141.1,0
6585-WCEWR,Male,No,Yes,Yes,72,Yes,No,No,No,No,No,No,No,No,Two year,No,Electronic check,20.35,1354.4,0
5641-DMBFJ,Female,No,Yes,No,58,Yes,Yes,DSL,Yes,No,Yes,Yes,Yes,Yes,Two year,Yes,Electronic check,84.3,4916.4,0
6961-MJKBO,Male,No,No,No,47,Yes,No,No,No,No,No,No,No,No,Two year,No,Bank transfer (automatic),20.45,943.0,0
7537-CBQUZ,Male,Yes,No,No,63,Yes,Yes,Fiber optic,Yes,Yes,Yes,No,Yes,Yes,Month-to-month,Yes,Bank transfer (automatic),109.4,7031.45,0
6352-GIGGQ,Male,No,No,No,67,Yes,Yes,DSL,Yes,Yes,Yes,Yes,Yes,Yes,One year,Yes,Bank transfer (automatic),88.8,5903.15,0
8053-WWDRO,Female,No,Yes,No,6,Yes,No,No,No,No,No,No,No,No,Month-to-month,No,Bank transfer (automatic),19.5,146.3,1
2454-RPBRZ,Female,Yes,Yes,No,12,Yes,Yes,Fiber optic,No,Yes,Yes,No,Yes,No,Month-to-month,Yes,Electronic check,98.1,1060.2,1
9746-MDMBK,Male,No,Yes,Yes,47,Yes,Yes,Fiber optic,Yes,Yes,Yes,Yes,Yes,Yes,One year,Yes,Bank transfer (automatic),113.45,5317.8,0
9389-ACWBI,Female,No,Yes,Yes,5,Yes,No,Fiber optic,No,No,No,No,No,No,Month-to-month,No,Credit card (automatic),69.95,320.4,0
6092-QZVPP,Male,No,No,No,36,Yes,No,DSL,Yes,No,Yes,Yes,Yes,Yes,Month-to-month,Yes,Credit card (automatic),79.2,2854.95,0
1261-FWTTE,Male,Yes,No,No,23,No,No,DSL,No,No,No,No,No,Yes,Month-to-month,Yes,Bank transfer (automatic),34.65,768.45,0
9661-ACXBS,Female,No,No,No,42,Yes,Yes,Fiber optic,Yes,No,Yes,No,Yes,Yes,Month-to-month,Yes,Electronic check,105.2,4400.75,1
6651-RLGGM,Male,No,Yes,Yes,67,Yes,Yes,No,No,No,No,No,No,No,Two year,No,Mailed check,26.3,1688.9,0
5143-EGQFK,Female,Yes,No,No,10,No,No,DSL,No,No,No,Yes,No,No,Month-to-month,Yes,Electronic check,29.65,291.4,1
0564-MUUQK,Female,No,Yes,Yes,20,Yes,Yes,Fiber optic,No,No,Yes,Yes,No,Yes,Month-to-month,Yes,Bank transfer (automatic),95.5,1916.2,0
2750-BJLSB,Female,No,No,No,47,Yes,No,Fiber optic,Yes,No,Yes,Yes,Yes,Yes,One year,Yes,Electronic check,103.7,4730.6,0
2320-YKQBO,Female,No,No,No,7,Yes,No,No,No,No,No,No,No,No,Month-to-month,No,Mailed check,19.3,144.95,0
9025-AOMKI,Female,No,No,No,6,Yes,Yes,Fiber optic,No,No,No,No,Yes,Yes,Month-to-month,Yes,Bank transfer (automatic),93.55,536.4,1
5813-UECBU,Male,Yes,No,No,33,Yes,Yes,Fiber optic,No,Yes,Yes,No,No,No,Month-to-month,Yes,Credit card (automatic),83.85,2716.3,1
1469-LBJQJ,Female,No,Yes,No,66,Yes,Yes,Fiber optic,No,Yes,Yes,No,Yes,Yes,Month-to-month,Yes,Electronic check,105.2,6936.85,0
4587-NUKOX,Female,No,No,No,3,Yes,No,Fiber optic,Yes,Yes,No,No,No,No,Month-to-month,Yes,Electronic check,79.1,246.5,1
0386-CWRGM,Female,No,Yes,Yes,46,Yes,No,No,No,No,No,No,No,No,Two year,No,Mailed check,19.4,967.85,0
3424-NMNBO,Male,Yes,Yes,No,58,Yes,Yes,Fiber optic,Yes,Yes,Yes,No,Yes,Yes,One year,Yes,Electronic check,108.85,6287.25,1
8205-OTCHB,Male,No,No,No,22,No,No,DSL,No,Yes,Yes,No,No,Yes,One year,Yes,Bank transfer (automatic),43.75,903.6,1
9798-OPFEM,Female,No,No,No,46,Yes,No,No,No,No,No,No,No,No,Two year,Yes,Electronic check,21.1,937.1,0
5917-RYRMG,Male,Yes,No,No,32,Yes,No,No,No,No,No,No,No,No,One year,No,Credit card (automatic),19.8,587.7,0
1302-TPUBN,Male,No,No,No,66,Yes,No,No,No,No,No,No,No,No,Two year,No,Bank transfer (automatic),19.35,1240.8,0
3847-BAERP,Female,No,No,No,10,Yes,No,No,No,No,No,No,No,No,Month-to-month,Yes,Mailed check,20.9,247.0,0
7641-TQFHN,Male,No,No,Yes,39,Yes,Yes,Fiber optic,No,No,No,Yes,Yes,Yes,Two year,No,Mailed check,100.55,3895.35,0
7801-KICAO,Female,No,No,No,18,Yes,Yes,Fiber optic,No,No,No,No,No,No,Month-to-month,Yes,Electronic check,74.15,1345.75,0
9436-ZBZCT,Male,No,No,No,14,Yes,Yes,Fiber optic,No,No,No,Yes,Yes,No,Month-to-month,Yes,Electronic check,89.95,1178.4,1
4694-PHWFW,Female,No,No,Yes,8,Yes,No,No,No,No,No,No,No,No,Month-to-month,No,Mailed check,19.95,170.9,0
9474-PHLYD,Female,No,No,No,15,Yes,No,DSL,No,No,Yes,No,No,Yes,Month-to-month,Yes,Electronic check,59.45,892.65,1
0475-RIJEP,Male,No,No,No,43,Yes,Yes,Fiber optic,No,Yes,No,No,No,No,Month-to-month,Yes,Electronic check,77.85,3365.85,1
1222-KJNZD,Male,No,Yes,Yes,40,Yes,No,No,No,No,No,No,No,No,Month-to-month,Yes,Bank transfer (automatic),20.4,745.3,0
4374-YMUSQ,Male,No,No,No,34,Yes,Yes,Fiber optic,Yes,Yes,Yes,Yes,Yes,Yes,One year,No,Credit card (automatic),116.25,3899.05,0
9904-EHEVJ,Female,Yes,Yes,Yes,32,Yes,Yes,Fiber optic,No,No,Yes,No,Yes,No,Month-to-month,Yes,Mailed check,91.35,2896.55,0
4945-RVMTE,Female,No,No,No,28,Yes,No,DSL,No,No,Yes,No,Yes,No,Month-to-month,Yes,Bank transfer (automatic),59.55,1646.45,0
1187-WILMM,Male,No,Yes,Yes,63,Yes,Yes,DSL,Yes,Yes,Yes,Yes,Yes,Yes,Two year,Yes,Credit card (automatic),89.4,5597.65,0
2851-MMUTZ,Female,No,No,No,27,Yes,No,DSL,No,Yes,No,Yes,No,No,Month-to-month,Yes,Mailed check,56.15,1439.35,0
8085-MSNLK,Female,No,Yes,No,62,Yes,Yes,Fiber optic,Yes,Yes,Yes,Yes,Yes,Yes,Two year,No,Mailed check,113.95,6891.4,0
1635-HDGFT,Female,No,No,Yes,19,Yes,No,No,No,No,No,No,No,No,Two year,No,Mailed check,20.5,398.55,0
3133-PZNSR,Male,No,Yes,Yes,72,Yes,Yes,Fiber optic,Yes,Yes,No,Yes,No,Yes,Two year,Yes,Credit card (automatic),97.75,6991.6,0
8622-ZLFKO,Female,No,Yes,No,6,Yes,Yes,Fiber optic,No,Yes,No,No,No,Yes,Month-to-month,Yes,Electronic check,90.75,512.25,0
5061-PBXFW,Female,No,Yes,Yes,32,Yes,No,DSL,Yes,Yes,No,Yes,No,No,Month-to-month,No,Bank transfer (automatic),61.4,1864.65,0
0017-DINOC,Male,No,No,No,54,No,No,DSL,Yes,No,No,Yes,Yes,No,Two year,No,Credit card (automatic),45.2,2460.55,0
6743-HHQPF,Male,No,Yes,No,42,No,No,DSL,No,No,No,No,No,No,Month-to-month,Yes,Credit card (automatic),25.1,1097.15,0
5482-NUPNA,Female,No,No,No,4,Yes,No,DSL,Yes,Yes,No,Yes,No,No,Month-to-month,Yes,Mailed check,60.4,272.15,1
1728-CXQBE,Male,Yes,Yes,No,64,Yes,Yes,Fiber optic,No,Yes,Yes,No,No,Yes,Month-to-month,Yes,Electronic check,94.25,6081.4,0
9483-GCPWE,Male,No,No,Yes,9,Yes,No,No,No,No,No,No,No,No,One year,No,Mailed check,20.1,190.25,0
3410-MHHUM,Female,No,Yes,Yes,44,Yes,Yes,Fiber optic,No,Yes,Yes,No,No,Yes,One year,No,Electronic check,94.4,4295.35,0
9256-JTBNZ,Female,No,No,No,11,Yes,No,No,No,No,No,No,No,No,Month-to-month,No,Bank transfer (automatic),20.3,246.3,0
7503-ZGUZJ,Male,No,No,No,1,Yes,Yes,Fiber optic,No,No,No,No,Yes,No,Month-to-month,Yes,Mailed check,84.65,84.65,1
3164-YAXFY,Male,No,No,No,57,No,No,DSL,Yes,No,Yes,No,Yes,Yes,Month-to-month,Yes,Electronic check,53.75,3196.0,0
1036-GUDCL,Male,No,Yes,Yes,60,Yes,No,DSL,Yes,Yes,No,Yes,Yes,Yes,Month-to-month,Yes,Credit card (automatic),79.05,4663.4,0
9546-CQJSU,Female,No,No,No,2,Yes,Yes,Fiber optic,No,No,Yes,No,Yes,No,Month-to-month,Yes,Electronic check,91.4,193.6,1
1179-INLAT,Male,No,No,No,3,Yes,No,No,No,No,No,No,No,No,One year,Yes,Mailed check,19.45,69.25,0
7868-BGSZA,Male,No,Yes,No,43,Yes,Yes,DSL,Yes,No,Yes,No,Yes,Yes,One year,Yes,Electronic check,80.2,3581.6,0
4094-NSEDU,Female,Yes,No,No,21,Yes,Yes,Fiber optic,No,No,No,No,Yes,Yes,Month-to-month,Yes,Electronic check,94.25,1973.75,1
3976-BWUCK,Female,No,Yes,No,30,Yes,Yes,Fiber optic,No,Yes,No,Yes,Yes,No,Month-to-month,Yes,Credit card (automatic),94.1,2804.45,1
0423-UDIJQ,Male,Yes,No,No,9,Yes,No,DSL,No,No,No,Yes,No,No,Month-to-month,No,Mailed check,49.2,447.9,0
0228-MAUWC,Male,No,No,No,19,Yes,Yes,DSL,No,No,Yes,Yes,No,No,Month-to-month,No,Electronic check,59.55,1144.6,0
1414-YADCW,Male,No,Yes,No,70,Yes,No,Fiber optic,Yes,Yes,No,Yes,No,No,Two year,No,Bank transfer (automatic),84.6,5706.2,0
1596-BBVTG,Male,No,No,No,35,Yes,Yes,Fiber optic,No,No,No,No,No,No,Month-to-month,No,Credit card (automatic),75.35,2636.05,1
8597-CTXVJ,Male,No,No,Yes,70,Yes,Yes,DSL,Yes,Yes,No,Yes,No,No,One year,No,Bank transfer (automatic),64.95,4551.5,0
7529-ZDFXI,Male,Yes,Yes,No,57,Yes,Yes,Fiber optic,No,Yes,No,No,No,Yes,Month-to-month,Yes,Electronic check,89.85,4925.35,0
0248-IPDFW,Female,No,No,No,1,Yes,Yes,DSL,No,No,No,No,No,No,Month-to-month,Yes,Electronic check,50.1,50.1,0
4635-EJYPD,Male,No,Yes,Yes,32,Yes,No,No,No,No,No,No,No,No,Two year,No,Mailed check,18.95,613.95,0
9661-MHUMO,Male,Yes,Yes,Yes,1,Yes,No,DSL,No,No,No,Yes,No,No,Month-to-month,Yes,Credit card (automatic),49.25,49.25,1
0864-FVJNJ,Female,No,Yes,Yes,64,Yes,Yes,Fiber optic,Yes,Yes,Yes,Yes,Yes,Yes,One year,No,Electronic check,113.35,7222.75,0
5697-GOMBF,Female,Yes,Yes,Yes,28,No,No,DSL,No,No,No,No,Yes,No,Month-to-month,Yes,Electronic check,35.9,973.65,0
7614-QVWQL,Male,No,Yes,Yes,49,No,No,DSL,No,Yes,No,No,Yes,Yes,One year,Yes,Bank transfer (automatic),51.8,2541.25,1
1755-RMCXH,Male,No,Yes,Yes,2,Yes,No,No,No,No,No,No,No,No,Month-to-month,No,Mailed check,20.3,40.25,0
8917-FAEMR,Female,No,No,No,37,Yes,No,No,No,No,No,No,No,No,Two year,No,Mailed check,19.85,784.25,0
6878-GGDWG,Female,No,Yes,No,32,Yes,No,No,No,No,No,No,No,No,Month-to-month,No,Bank transfer (automatic),19.4,641.15,0
0326-VDYXE,Female,No,Yes,No,70,Yes,Yes,Fiber optic,No,No,Yes,No,Yes,Yes,One year,Yes,Electronic check,97.65,6982.5,0
4581-SSPWD,Female,No,No,No,3,Yes,Yes,Fiber optic,No,No,No,No,No,No,Month-to-month,Yes,Electronic check,75.8,246.3,1
3533-UVMOM,Male,No,Yes,No,68,Yes,No,DSL,Yes,Yes,Yes,No,No,Yes,Two year,No,Bank transfer (automatic),70.95,4741.45,0
5027-QPKTE,Male,No,Yes,No,7,Yes,No,Fiber optic,No,No,No,No,No,No,Month-to-month,Yes,Electronic check,69.35,451.1,1
4826-XTSOH,Male,Yes,Yes,No,1,Yes,Yes,Fiber optic,No,No,No,No,Yes,No,Month-to-month,Yes,Electronic check,86.05,86.05,1
9351-LZYGF,Female,No,Yes,No,42,Yes,Yes,DSL,Yes,Yes,No,Yes,No,No,Month-to-month,Yes,Credit card (automatic),66.4,2727.8,0
7779-ORAEL,Male,Yes,Yes,No,45,Yes,Yes,DSL,Yes,No,Yes,Yes,No,Yes,Two year,No,Credit card (automatic),75.15,3480.35,0
7964-ZRKKG,Male,No,Yes,No,67,Yes,Yes,Fiber optic,No,Yes,No,No,Yes,No,One year,Yes,Bank transfer (automatic),88.4,5798.3,0
2282-YGNOR,Female,No,No,No,29,Yes,No,DSL,Yes,No,Yes,Yes,No,No,One year,No,Credit card (automatic),58.0,1734.5,0
7905-TVXTA,Female,No,No,No,5,Yes,No,DSL,Yes,No,No,Yes,Yes,No,Month-to-month,Yes,Electronic check,64.35,352.65,0
0961-ZWLVI,Male,No,No,Yes,49,Yes,Yes,Fiber optic,Yes,Yes,Yes,No,Yes,Yes,One year,Yes,Credit card (automatic),109.2,5290.45,0
8409-WQJUX,Female,No,No,No,25,No,No,DSL,No,No,Yes,Yes,Yes,Yes,One year,No,Electronic check,54.2,1423.15,0
7398-SKNQZ,Female,No,Yes,No,3,Yes,Yes,Fiber optic,No,No,No,No,Yes,Yes,Month-to-month,No,Electronic check,94.9,273.2,0
5027-XWQHA,Male,No,No,No,6,Yes,No,DSL,No,No,No,No,No,No,Month-to-month,No,Electronic check,44.75,270.95,1
1307-ATKGB,Male,No,No,No,24,Yes,No,Fiber optic,No,Yes,Yes,No,No,Yes,Month-to-month,Yes,Electronic check,89.55,2187.15,0
8231-BSWXX,Male,No,No,No,71,Yes,Yes,Fiber optic,No,Yes,No,No,No,No,One year,Yes,Credit card (automatic),79.05,5552.5,0
7479-NITWS,Male,No,No,No,7,Yes,Yes,Fiber optic,No,No,Yes,No,Yes,No,Month-to-month,Yes,Credit card (automatic),89.35,631.85,1
8967-SZQAS,Female,No,No,No,14,Yes,No,DSL,No,Yes,No,No,No,No,Month-to-month,No,Electronic check,50.45,765.45,0
9507-EXLTT,Female,No,Yes,No,1,Yes,No,Fiber optic,No,No,No,No,Yes,No,Month-to-month,Yes,Bank transfer (automatic),79.35,79.35,1
0407-BDJKB,Male,No,Yes,No,60,Yes,Yes,Fiber optic,No,Yes,Yes,No,Yes,No,Month-to-month,Yes,Electronic check,95.75,5742.9,1
7277-OZCGZ,Female,No,No,No,22,Yes,No,Fiber optic,Yes,No,No,Yes,No,Yes,Month-to-month,Yes,Electronic check,89.05,1886.25,0
1910-FMXJM,Female,No,Yes,No,36,Yes,No,Fiber optic,No,No,No,No,No,Yes,Month-to-month,No,Electronic check,80.4,2937.65,0
3331-HQDTW,Female,No,No,No,34,Yes,Yes,Fiber optic,Yes,Yes,Yes,No,Yes,Yes,Month-to-month,Yes,Mailed check,109.8,3587.25,1
6377-WHAOX,Female,No,Yes,No,60,Yes,Yes,Fiber optic,No,Yes,Yes,No,Yes,Yes,Month-to-month,Yes,Electronic check,106.15,6411.25,0
0788-DXBFY,Male,No,Yes,Yes,58,Yes,No,No,No,No,No,No,No,No,One year,Yes,Electronic check,19.55,1108.8,0
7369-TRPFD,Male,No,No,No,19,Yes,No,No,No,No,No,No,No,No,One year,No,Mailed check,18.8,279.2,0
5899-OUVKV,Male,No,No,No,31,Yes,No,Fiber optic,No,Yes,No,No,Yes,Yes,Month-to-month,Yes,Electronic check,94.5,2979.2,0
8035-PWSEV,Female,No,No,No,6,Yes,No,Fiber optic,No,No,Yes,Yes,No,Yes,Month-to-month,Yes,Electronic check,89.25,487.05,0
8464-EETCQ,Male,No,No,No,57,Yes,No,No,No,No,No,No,No,No,Two year,No,Credit card (automatic),18.8,1094.35,0
5844-QVTAT,Female,No,Yes,Yes,33,Yes,No,DSL,Yes,Yes,Yes,No,No,No,One year,Yes,Mailed check,58.45,1955.4,0
8178-EYZUO,Male,No,No,No,46,Yes,Yes,Fiber optic,Yes,Yes,No,No,No,Yes,Month-to-month,Yes,Electronic check,93.7,4154.8,1
5248-KWLAR,Male,No,Yes,Yes,71,Yes,Yes,DSL,Yes,Yes,Yes,Yes,Yes,Yes,Two year,No,Electronic check,90.35,6325.25,0
3411-WLRSQ,Female,Yes,Yes,No,3,Yes,No,Fiber optic,No,Yes,No,No,No,No,Month-to-month,Yes,Bank transfer (automatic),74.6,239.05,0
3243-ZHOHY,Female,No,No,No,16,Yes,No,No,No,No,No,No,No,No,One year,No,Mailed check,20.1,296.15,0
4342-HFXWS,Female,No,Yes,Yes,48,Yes,No,DSL,Yes,No,Yes,Yes,Yes,No,One year,No,Bank transfer (automatic),69.7,3023.65,0
9172-ANCRX,Female,No,No,No,10,Yes,Yes,Fiber optic,Yes,No,No,No,Yes,Yes,Month-to-month,Yes,Electronic check,98.7,973.25,1
5522-JBWMO,Male,No,No,Yes,1,Yes,No,DSL,No,No,No,No,No,No,Month-to-month,No,Electronic check,44.0,44.0,0
2153-MREFK,Female,No,Yes,No,37,Yes,Yes,Fiber optic,Yes,No,Yes,Yes,No,Yes,One year,Yes,Electronic check,99.2,3754.6,1
5198-EFNBM,Male,Yes,Yes,No,57,Yes,No,Fiber optic,No,Yes,Yes,No,Yes,No,One year,Yes,Electronic check,90.65,5199.8,0
0305-SQECB,Female,No,No,Yes,11,No,No,DSL,Yes,No,No,Yes,No,No,One year,Yes,Mailed check,36.05,402.6,0
1360-XFJMR,Female,No,Yes,No,67,Yes,Yes,Fiber optic,No,Yes,Yes,Yes,Yes,Yes,One year,Yes,Credit card (automatic),109.7,7344.45,0
3208-YPIOE,Male,No,No,No,39,Yes,Yes,Fiber optic,No,No,No,No,No,No,Month-to-month,No,Electronic check,75.25,3017.65,1
5590-ZSKRV,Female,No,Yes,Yes,8,Yes,No,DSL,Yes,Yes,No,No,No,No,Month-to-month,No,Mailed check,54.65,482.25,0
2061-VVFST,Female,No,Yes,No,37,Yes,No,No,No,No,No,No,No,No,Month-to-month,No,Bank transfer (automatic),19.5,805.2,0
6289-CPNLD,Male,No,Yes,Yes,33,Yes,No,DSL,No,No,Yes,Yes,Yes,Yes,One year,Yes,Mailed check,73.9,2405.05,1
8457-XIGKN,Male,No,No,No,20,Yes,No,No,No,No,No,No,No,No,Month-to-month,Yes,Credit card (automatic),19.6,356.15,0
2947-DOMLJ,Male,No,No,Yes,1,Yes,No,DSL,Yes,No,No,No,No,No,Month-to-month,No,Mailed check,50.6,50.6,1
5154-VEKBL,Female,No,No,No,9,No,No,DSL,Yes,No,Yes,Yes,Yes,Yes,Month-to-month,No,Mailed check,58.5,539.85,1
1116-DXXDF,Male,No,No,No,39,Yes,No,Fiber optic,Yes,No,Yes,No,Yes,Yes,Two year,Yes,Electronic check,100.45,3801.7,0
6184-DYUOB,Female,No,Yes,No,3,Yes,No,No,No,No,No,No,No,No,Month-to-month,Yes,Mailed check,19.6,55.25,0
3092-IGHWF,Male,No,Yes,Yes,67,Yes,Yes,Fiber optic,No,Yes,Yes,No,No,No,One year,No,Electronic check,87.4,5918.8,1
4289-DTDKW,Male,No,Yes,No,40,Yes,Yes,Fiber optic,No,Yes,No,No,Yes,Yes,Month-to-month,Yes,Electronic check,101.3,4113.1,1
7876-DNYAP,Female,No,Yes,Yes,69,Yes,No,No,No,No,No,No,No,No,Two year,No,Credit card (automatic),19.8,1436.95,0
5365-LLFYV,Female,No,No,No,2,Yes,No,DSL,No,No,No,No,No,No,Month-to-month,Yes,Mailed check,45.85,105.6,0
1792-UXAFY,Female,Yes,No,No,17,Yes,No,Fiber optic,No,Yes,Yes,No,Yes,No,Month-to-month,Yes,Electronic check,89.15,1496.9,1
9867-JCZSP,Female,No,Yes,Yes,17,Yes,No,No,No,No,No,No,No,No,One year,No,Mailed check,20.75,418.25,0
1730-VFMWO,Female,No,Yes,No,34,Yes,No,DSL,No,No,No,Yes,No,No,Month-to-month,No,Bank transfer (automatic),50.2,1815.3,0
7274-RTAPZ,Male,No,No,No,1,Yes,No,Fiber optic,No,No,No,No,Yes,Yes,Month-to-month,Yes,Electronic check,90.55,90.55,1
5727-MYATE,Male,No,Yes,Yes,72,Yes,Yes,DSL,Yes,Yes,Yes,Yes,Yes,Yes,Two year,Yes,Credit card (automatic),90.8,6397.6,0
6060-DRTNL,Female,Yes,No,No,5,Yes,No,Fiber optic,No,No,Yes,No,Yes,No,Month-to-month,Yes,Mailed check,84.85,415.55,1
1053-MXTTK,Female,No,Yes,Yes,72,Yes,No,Fiber optic,Yes,Yes,Yes,Yes,Yes,Yes,Two year,Yes,Bank transfer (automatic),108.65,7726.35,0
7838-LAZFO,Male,No,Yes,No,45,Yes,No,DSL,Yes,Yes,Yes,No,Yes,Yes,One year,No,Bank transfer (automatic),78.8,3597.5,0
4795-WRNVT,Female,No,No,No,40,Yes,No,DSL,Yes,Yes,No,No,Yes,No,Month-to-month,No,Mailed check,65.1,2586.0,0
3910-MRQOY,Female,No,Yes,No,72,Yes,No,No,No,No,No,No,No,No,Two year,No,Bank transfer (automatic),19.4,1496.45,0
3640-PHQXK,Female,No,No,No,31,Yes,Yes,Fiber optic,No,No,Yes,No,No,Yes,Month-to-month,Yes,Electronic check,89.9,2806.9,1
3538-WZPHD,Male,No,No,No,3,No,No,DSL,No,Yes,No,No,No,No,Month-to-month,Yes,Electronic check,29.6,79.45,1
8884-ADFVN,Male,Yes,Yes,No,7,Yes,Yes,Fiber optic,No,No,Yes,No,Yes,Yes,Month-to-month,Yes,Electronic check,101.95,700.85,1
9965-YOKZB,Male,Yes,No,No,9,Yes,Yes,Fiber optic,No,No,No,No,No,Yes,Month-to-month,Yes,Electronic check,83.85,790.15,1
4628-WQCQQ,Male,No,No,Yes,35,Yes,No,Fiber optic,No,No,Yes,No,Yes,No,One year,Yes,Electronic check,85.15,3030.6,1
8532-UEFWH,Male,No,Yes,Yes,52,Yes,Yes,No,No,No,No,No,No,No,Two year,No,Mailed check,25.75,1345.85,0
5442-PPTJY,Male,No,Yes,Yes,12,Yes,No,No,No,No,No,No,No,No,Two year,No,Mailed check,19.7,258.35,0
6599-RCLCJ,Male,No,Yes,No,47,Yes,Yes,Fiber optic,No,Yes,Yes,Yes,Yes,Yes,Month-to-month,Yes,Electronic check,109.55,5124.55,1
3059-NGMXB,Male,No,Yes,Yes,14,Yes,Yes,DSL,Yes,Yes,No,No,No,Yes,Month-to-month,No,Mailed check,69.2,944.65,0
5934-TSSAU,Female,No,Yes,Yes,23,Yes,No,Fiber optic,No,No,Yes,No,No,No,Month-to-month,Yes,Credit card (automatic),75.3,1702.9,0
4013-GUXND,Male,No,No,No,1,Yes,No,No,No,No,No,No,No,No,Month-to-month,No,Mailed check,20.8,20.8,0
9688-YGXVR,Female,No,No,No,44,Yes,No,Fiber optic,No,Yes,Yes,No,Yes,No,Month-to-month,Yes,Credit card (automatic),88.15,3973.2,0
6432-TWQLB,Male,No,Yes,No,5,Yes,Yes,Fiber optic,No,Yes,No,Yes,No,No,Month-to-month,Yes,Electronic check,85.4,401.1,1
5095-AESKG,Female,No,Yes,No,3,Yes,Yes,Fiber optic,No,Yes,No,No,No,Yes,Month-to-month,Yes,Credit card (automatic),91.5,242.95,1
0722-SVSFK,Female,No,No,No,7,Yes,No,Fiber optic,No,No,Yes,Yes,Yes,Yes,Month-to-month,Yes,Electronic check,100.4,715.0,0
3552-CTCYF,Male,No,Yes,Yes,63,Yes,Yes,Fiber optic,No,Yes,Yes,No,Yes,Yes,Two year,Yes,Bank transfer (automatic),104.8,6597.25,0
8676-OOQEJ,Male,No,No,No,4,No,No,DSL,No,No,No,Yes,No,No,Month-to-month,No,Electronic check,30.5,118.4,0
3621-CHYVB,Female,No,Yes,No,57,No,No,DSL,Yes,No,Yes,Yes,No,Yes,Month-to-month,Yes,Bank transfer (automatic),49.9,2782.4,0
2188-SXWVT,Female,No,No,No,34,Yes,No,DSL,Yes,Yes,No,No,No,No,One year,No,Mailed check,55.0,1885.15,0
0550-DCXLH,Male,No,No,No,13,Yes,No,DSL,No,Yes,No,Yes,Yes,Yes,Month-to-month,No,Mailed check,73.35,931.55,0
9715-WZCLW,Male,No,Yes,Yes,71,Yes,Yes,Fiber optic,Yes,No,No,No,Yes,Yes,Two year,Yes,Electronic check,97.2,6910.3,0
7285-KLOTR,Female,No,Yes,No,12,Yes,Yes,DSL,Yes,No,Yes,No,Yes,Yes,One year,No,Electronic check,78.85,876.75,0
9334-GWGOW,Male,Yes,Yes,No,7,Yes,Yes,Fiber optic,No,No,No,No,No,No,Month-to-month,Yes,Electronic check,74.85,485.25,0
2478-EEWWM,Male,No,Yes,No,59,No,No,DSL,No,No,No,No,Yes,Yes,Month-to-month,Yes,Electronic check,44.3,2666.75,0
0354-VXMJC,Male,No,Yes,Yes,23,Yes,No,No,No,No,No,No,No,No,Two year,No,Credit card (automatic),19.6,426.65,0
6810-VCAEX,Female,No,No,No,47,No,No,DSL,Yes,Yes,No,Yes,No,No,One year,No,Credit card (automatic),39.65,1798.65,0
5698-BQJOH,Female,No,No,No,9,Yes,Yes,Fiber optic,No,No,No,No,Yes,Yes,Month-to-month,No,Electronic check,94.4,857.25,1
8174-TBVCF,Female,No,Yes,No,70,Yes,Yes,DSL,Yes,Yes,Yes,Yes,Yes,Yes,Two year,Yes,Credit card (automatic),94.8,6859.05,0
0774-RMNUW,Female,No,Yes,Yes,71,No,No,DSL,Yes,Yes,No,Yes,Yes,Yes,Two year,No,Bank transfer (automatic),59.7,4122.65,0
4277-PVRAN,Female,No,No,No,8,Yes,No,Fiber optic,No,No,No,No,Yes,No,Month-to-month,Yes,Bank transfer (automatic),80.1,679.3,1
0224-HJAPT,Male,No,No,No,5,Yes,Yes,DSL,No,No,No,No,No,No,Month-to-month,No,Electronic check,47.15,223.15,1
2235-DWLJU,Female,Yes,No,No,6,No,No,DSL,No,No,No,No,Yes,Yes,Month-to-month,Yes,Electronic check,44.4,263.05,0
6867-ACCZI,Female,No,Yes,Yes,24,No,No,DSL,Yes,Yes,Yes,Yes,No,Yes,Two year,Yes,Mailed check,52.5,1208.15,0
2469-DTSGX,Female,Yes,No,No,72,Yes,Yes,Fiber optic,No,Yes,Yes,Yes,Yes,Yes,Two year,No,Electronic check,111.65,7943.45,0
5673-TIYIB,Male,No,No,No,2,No,No,DSL,No,Yes,Yes,Yes,No,No,Month-to-month,Yes,Credit card (automatic),40.4,77.15,1
2550-QHZGP,Male,No,No,No,7,Yes,No,No,No,No,No,No,No,No,One year,No,Mailed check,19.5,128.6,0
4800-CZMPC,Female,No,Yes,Yes,48,Yes,Yes,Fiber optic,Yes,Yes,No,No,Yes,Yes,One year,Yes,Credit card (automatic),103.25,5037.55,1
7129-ACFOG,Female,No,No,No,5,Yes,Yes,DSL,Yes,No,No,No,No,No,Month-to-month,Yes,Electronic check,53.8,283.95,0
5832-EXGTT,Male,No,Yes,Yes,29,Yes,No,DSL,Yes,No,No,No,No,Yes,Month-to-month,Yes,Mailed check,60.2,1834.15,0
9741-YLNTD,Male,No,No,No,6,Yes,Yes,Fiber optic,No,No,No,Yes,No,Yes,Month-to-month,Yes,Bank transfer (automatic),87.95,522.35,0
9576-SYUHJ,Male,No,No,No,37,Yes,Yes,Fiber optic,Yes,No,No,No,Yes,No,Month-to-month,Yes,Electronic check,91.15,3369.25,0
8894-JVDCV,Female,No,No,No,62,Yes,Yes,Fiber optic,Yes,Yes,Yes,Yes,Yes,Yes,One year,Yes,Credit card (automatic),115.05,7133.45,0
9626-VFRGG,Female,No,No,Yes,41,Yes,Yes,Fiber optic,No,Yes,No,No,Yes,No,Month-to-month,Yes,Bank transfer (automatic),88.5,3645.05,0
4895-TMWIR,Male,Yes,Yes,No,11,Yes,No,No,No,No,No,No,No,No,Month-to-month,No,Mailed check,19.95,214.75,1
6476-EPYZR,Male,No,Yes,Yes,12,Yes,No,No,No,No,No,No,No,No,Month-to-month,No,Mailed check,20.5,255.5,0
0020-INWCK,Female,No,Yes,Yes,71,Yes,Yes,Fiber optic,No,Yes,Yes,No,No,Yes,Two year,Yes,Credit card (automatic),95.75,6849.4,0
0274-JKUJR,Male,No,Yes,Yes,7,No,No,DSL,Yes,Yes,Yes,No,Yes,Yes,Month-to-month,No,Mailed check,58.85,465.7,0
1470-PSXNM,Male,No,Yes,Yes,49,Yes,Yes,Fiber optic,No,Yes,Yes,No,Yes,No,One year,Yes,Electronic check,93.65,4520.15,0
6231-WFGFH,Male,No,Yes,Yes,4,Yes,No,No,No,No,No,No,No,No,Month-to-month,Yes,Mailed check,20.5,77.6,0
7247-XOZPB,Male,No,Yes,No,53,Yes,Yes,DSL,Yes,No,Yes,Yes,Yes,No,One year,No,Bank transfer (automatic),77.4,4155.95,0
4559-UWIHT,Male,No,Yes,No,14,Yes,Yes,Fiber optic,No,Yes,Yes,No,No,No,Month-to-month,Yes,Electronic check,82.65,1185.0,0
3528-HFRIQ,Male,Yes,Yes,No,71,No,No,DSL,No,Yes,Yes,No,Yes,Yes,Month-to-month,Yes,Bank transfer (automatic),52.3,3765.05,0
5647-FXOTP,Female,Yes,Yes,No,60,Yes,Yes,Fiber optic,No,Yes,Yes,No,Yes,Yes,Month-to-month,Yes,Electronic check,105.9,6401.25,0
2123-VSCOT,Female,No,Yes,Yes,59,Yes,Yes,DSL,No,No,Yes,Yes,Yes,No,Two year,Yes,Bank transfer (automatic),72.1,4194.85,0
6332-FBZRI,Male,No,Yes,Yes,67,Yes,Yes,DSL,Yes,Yes,Yes,Yes,No,No,One year,Yes,Credit card (automatic),69.35,4653.25,0
1169-SAOCL,Male,No,No,No,49,Yes,Yes,Fiber optic,No,Yes,No,Yes,Yes,Yes,One year,Yes,Bank transfer (automatic),106.65,5168.1,0
1699-HPSBG,Male,No,No,No,12,Yes,No,DSL,No,No,No,Yes,Yes,No,One year,Yes,Electronic check,59.8,727.8,1
5088-QZLRL,Male,No,No,No,1,Yes,No,No,No,No,No,No,No,No,Month-to-month,No,Electronic check,20.65,20.65,0
2080-GKCWQ,Male,No,No,No,2,Yes,No,Fiber optic,No,Yes,No,No,No,No,Month-to-month,No,Electronic check,74.95,151.75,0
6345-FZOQH,Male,No,Yes,No,69,Yes,No,No,No,No,No,No,No,No,Two year,No,Mailed check,19.9,1363.45,0
0848-ZGQIJ,Female,No,Yes,No,16,Yes,No,Fiber optic,No,Yes,No,No,Yes,Yes,Month-to-month,Yes,Bank transfer (automatic),94.65,1461.15,0
3951-NJCVI,Female,Yes,Yes,No,42,Yes,Yes,Fiber optic,No,No,No,No,Yes,Yes,Month-to-month,Yes,Electronic check,95.05,3944.5,0
8272-ONJLV,Male,No,No,No,12,Yes,No,Fiber optic,No,No,Yes,No,Yes,Yes,One year,No,Electronic check,95.7,1184.0,0
1135-HIORI,Female,No,Yes,Yes,64,Yes,Yes,Fiber optic,No,Yes,Yes,Yes,Yes,Yes,One year,Yes,Electronic check,111.45,7266.95,0
7551-JOHTI,Female,No,No,No,1,Yes,No,No,No,No,No,No,No,No,Month-to-month,No,Mailed check,19.5,19.5,1
0384-LPITE,Male,No,No,No,40,No,No,DSL,Yes,Yes,Yes,No,Yes,Yes,One year,No,Credit card (automatic),62.05,2511.55,0
9919-YLNNG,Female,No,No,No,42,Yes,No,Fiber optic,No,Yes,Yes,Yes,Yes,Yes,Month-to-month,Yes,Bank transfer (automatic),103.8,4327.5,0
5356-CSVSQ,Female,No,No,No,3,Yes,Yes,DSL,No,No,No,Yes,Yes,No,Month-to-month,No,Electronic check,64.6,174.2,0
0929-HYQEW,Male,No,No,No,3,Yes,No,DSL,Yes,No,No,No,No,No,Month-to-month,Yes,Mailed check,50.15,160.85,0
9392-XBGTD,Male,No,No,Yes,27,Yes,No,No,No,No,No,No,No,No,Two year,No,Mailed check,20.6,581.85,0
0708-LGSMF,Male,No,Yes,No,13,Yes,Yes,DSL,Yes,No,No,No,No,Yes,Month-to-month,Yes,Electronic check,65.85,902.25,0
1809-DMJHQ,Female,No,No,Yes,5,Yes,No,DSL,No,No,No,No,No,No,Month-to-month,No,Mailed check,46.0,221.7,1
0667-NSRGI,Female,No,Yes,No,48,Yes,Yes,DSL,No,No,Yes,Yes,No,Yes,One year,Yes,Mailed check,69.55,3435.6,0
0233-FTHAV,Female,No,No,No,60,Yes,Yes,Fiber optic,No,No,Yes,No,No,No,One year,Yes,Bank transfer (automatic),79.2,4765.0,0
0461-CVKMU,Female,No,Yes,Yes,23,Yes,No,Fiber optic,No,Yes,Yes,Yes,No,No,Month-to-month,No,Electronic check,83.8,1900.25,1
9108-EQPNQ,Female,No,Yes,Yes,10,Yes,Yes,No,No,No,No,No,No,No,Two year,No,Credit card (automatic),26.1,225.55,0
7356-AYNJP,Female,No,No,No,4,Yes,Yes,No,No,No,No,No,No,No,One year,No,Electronic check,23.9,97.5,0
4077-HWUYD,Male,No,Yes,Yes,72,Yes,Yes,DSL,Yes,Yes,Yes,Yes,Yes,Yes,Two year,Yes,Bank transfer (automatic),87.55,6463.15,0
1043-YCUTE,Male,No,Yes,No,56,Yes,Yes,No,No,No,No,No,No,No,Two year,Yes,Credit card (automatic),25.15,1327.15,1
8242-PDSGJ,Male,No,Yes,No,70,No,No,DSL,Yes,No,Yes,Yes,No,No,Two year,Yes,Credit card (automatic),39.15,2692.75,0
3308-JSGML,Male,Yes,Yes,No,59,No,No,DSL,Yes,No,Yes,Yes,Yes,Yes,Two year,Yes,Credit card (automatic),64.05,3886.85,0
9063-ZGTUY,Female,No,Yes,Yes,61,Yes,No,No,No,No,No,No,No,No,Month-to-month,Yes,Mailed check,19.4,1182.55,1
8410-BGQXN,Male,No,No,No,4,Yes,No,No,No,No,No,No,No,No,Month-to-month,No,Mailed check,19.4,93.4,0
2200-DSAAL,Female,No,No,No,68,Yes,Yes,DSL,No,Yes,Yes,No,Yes,Yes,Two year,Yes,Electronic check,80.65,5330.2,0
0562-FGDCR,Female,No,Yes,Yes,72,Yes,Yes,DSL,Yes,Yes,No,Yes,Yes,No,Two year,No,Mailed check,74.55,5430.65,0
2082-OJVTK,Male,No,Yes,Yes,29,Yes,Yes,Fiber optic,No,No,Yes,No,No,Yes,Month-to-month,Yes,Electronic check,89.2,2698.35,1
2325-NBPZG,Female,No,No,No,3,Yes,No,Fiber optic,Yes,No,No,No,No,No,Month-to-month,Yes,Electronic check,74.55,233.65,0
1153-GNOLC,Male,No,No,No,33,No,No,DSL,No,Yes,No,No,Yes,No,One year,Yes,Electronic check,39.1,1309.0,0
5220-AGAAX,Male,No,Yes,Yes,68,Yes,Yes,No,No,No,No,No,No,No,Two year,Yes,Bank transfer (automatic),24.0,1664.3,0
2111-DWYHN,Male,No,No,No,1,Yes,No,No,No,No,No,No,No,No,Month-to-month,No,Mailed check,21.1,21.1,0
1678-FYZOW,Female,No,No,No,3,Yes,No,Fiber optic,No,No,No,No,Yes,No,Month-to-month,Yes,Electronic check,79.4,244.65,1
2475-MROZF,Male,No,No,No,30,Yes,Yes,Fiber optic,Yes,Yes,Yes,Yes,No,No,Month-to-month,Yes,Credit card (automatic),95.0,2852.4,0
1474-JUWSM,Female,No,Yes,No,58,Yes,Yes,DSL,Yes,No,No,Yes,No,Yes,One year,Yes,Electronic check,68.4,3972.25,0
7716-YTYHG,Female,No,Yes,Yes,48,Yes,Yes,Fiber optic,No,No,No,No,No,Yes,One year,Yes,Mailed check,82.05,4029.95,1
9415-ZNBSX,Female,No,Yes,Yes,70,Yes,Yes,DSL,Yes,Yes,Yes,Yes,Yes,Yes,Two year,Yes,Bank transfer (automatic),89.0,6293.2,0
8821-KVZKQ,Female,No,Yes,Yes,70,No,No,DSL,No,Yes,Yes,Yes,Yes,Yes,One year,Yes,Bank transfer (automatic),58.4,4113.15,0
0993-OSGPT,Female,Yes,Yes,No,68,Yes,No,DSL,No,Yes,Yes,Yes,No,No,One year,Yes,Bank transfer (automatic),60.65,3975.9,0
3914-FDRHP,Male,No,No,No,9,Yes,No,Fiber optic,No,No,No,Yes,Yes,No,Month-to-month,No,Electronic check,86.25,770.5,0
8782-NUUOL,Male,No,No,No,60,Yes,No,DSL,Yes,No,Yes,Yes,Yes,Yes,One year,No,Mailed check,79.0,4801.1,0
9710-ZUSHQ,Female,Yes,No,No,37,Yes,Yes,Fiber optic,Yes,Yes,No,No,Yes,Yes,Month-to-month,Yes,Bank transfer (automatic),106.75,4056.75,1
4369-HTUIF,Male,Yes,No,No,6,Yes,No,Fiber optic,Yes,No,No,No,Yes,No,Month-to-month,Yes,Bank transfer (automatic),85.15,503.6,1
1818-ESQMW,Female,No,No,No,27,Yes,No,Fiber optic,No,No,Yes,Yes,No,Yes,Month-to-month,Yes,Electronic check,89.2,2383.6,0
1024-KPRBB,Female,No,No,No,38,Yes,No,Fiber optic,No,No,No,No,Yes,Yes,One year,Yes,Mailed check,89.1,3342.0,0
9555-SAHUZ,Female,No,Yes,Yes,38,Yes,No,DSL,Yes,Yes,No,No,No,No,Month-to-month,No,Electronic check,54.5,2076.05,0
2737-YNGYW,Female,No,No,No,2,Yes,No,Fiber optic,No,No,No,No,No,Yes,Month-to-month,No,Electronic check,80.55,184.1,1
6923-JHPMP,Female,No,No,No,2,Yes,No,Fiber optic,Yes,No,Yes,No,No,No,Month-to-month,Yes,Electronic check,80.45,137.1,0
3190-ITQXP,Female,No,Yes,Yes,46,Yes,No,No,No,No,No,No,No,No,Two year,No,Bank transfer (automatic),20.25,890.35,0
2100-BDNSN,Female,No,Yes,No,5,Yes,Yes,DSL,No,No,Yes,Yes,Yes,No,Month-to-month,No,Bank transfer (automatic),67.95,350.3,1
7527-QNRUS,Male,No,Yes,Yes,17,Yes,Yes,No,No,No,No,No,No,No,Two year,Yes,Mailed check,25.15,412.6,0
9572-MTILT,Male,No,Yes,No,59,Yes,Yes,Fiber optic,Yes,Yes,Yes,Yes,Yes,No,Month-to-month,Yes,Electronic check,106.75,6252.9,1
3345-JHUEO,Male,No,No,No,4,Yes,No,No,No,No,No,No,No,No,Month-to-month,Yes,Electronic check,20.2,55.7,0
5811-IWXYM,Female,No,Yes,Yes,52,Yes,Yes,Fiber optic,No,No,Yes,No,Yes,Yes,One year,No,Bank transfer (automatic),101.25,5301.1,0
3923-CSIHK,Female,Yes,Yes,No,50,Yes,No,Fiber optic,No,No,No,No,No,No,Month-to-month,Yes,Electronic check,71.05,3444.85,1
9496-IVVRP,Female,No,Yes,Yes,11,Yes,No,DSL,Yes,No,No,No,No,No,Month-to-month,No,Bank transfer (automatic),51.0,581.7,0
4825-XJGDM,Female,No,No,No,61,No,No,DSL,Yes,Yes,Yes,Yes,No,No,One year,No,Credit card (automatic),43.7,2696.55,0
6257-RJOHI,Male,No,No,No,4,Yes,No,DSL,No,No,No,Yes,No,No,Month-to-month,Yes,Mailed check,50.8,202.3,0
0529-ONKER,Male,Yes,No,No,15,Yes,Yes,Fiber optic,No,No,No,No,No,No,Month-to-month,No,Electronic check,75.65,1146.65,1
3890-RTCMS,Male,No,No,No,16,Yes,No,DSL,No,No,No,Yes,No,No,Month-to-month,Yes,Mailed check,49.45,799.0,0
7853-OETYL,Female,No,Yes,No,4,No,No,DSL,Yes,No,No,No,No,No,Month-to-month,Yes,Electronic check,29.05,129.6,0
5827-MWCZK,Male,No,Yes,Yes,56,Yes,Yes,Fiber optic,No,Yes,No,Yes,Yes,No,Month-to-month,Yes,Credit card (automatic),96.95,5432.2,0
8739-QOTTN,Female,No,Yes,No,2,Yes,No,No,No,No,No,No,No,No,Month-to-month,No,Mailed check,20.35,41.85,0
2676-SSLTO,Male,No,No,No,49,Yes,Yes,DSL,No,No,No,Yes,Yes,No,Two year,Yes,Bank transfer (automatic),66.15,3199.0,0
5002-GCQFH,Male,No,Yes,No,49,Yes,Yes,Fiber optic,Yes,Yes,No,No,Yes,No,Month-to-month,Yes,Bank transfer (automatic),93.85,4733.1,0
2236-HILPA,Male,No,Yes,Yes,62,Yes,No,No,No,No,No,No,No,No,Two year,No,Credit card (automatic),20.65,1218.45,0
3635-QQRQD,Male,No,No,No,62,Yes,No,No,No,No,No,No,No,No,Two year,Yes,Credit card (automatic),20.05,1201.65,0
8605-ITULD,Female,No,No,No,1,Yes,No,No,No,No,No,No,No,No,Month-to-month,No,Mailed check,19.55,19.55,0
9753-OYLBX,Female,No,No,No,1,Yes,No,No,No,No,No,No,No,No,Month-to-month,No,Mailed check,20.5,20.5,0
0744-GKNGE,Female,No,Yes,Yes,64,Yes,Yes,Fiber optic,Yes,No,No,Yes,No,No,Month-to-month,Yes,Bank transfer (automatic),86.8,5327.25,0
3144-KMTWZ,Male,No,Yes,No,71,Yes,Yes,Fiber optic,No,Yes,Yes,No,No,Yes,Month-to-month,Yes,Bank transfer (automatic),93.25,6669.45,0
1750-CSKKM,Male,No,No,Yes,9,Yes,No,DSL,No,No,No,No,Yes,No,Month-to-month,No,Electronic check,55.35,449.75,1
4819-HJPIW,Male,No,No,No,18,No,No,DSL,No,No,No,No,No,No,Month-to-month,No,Mailed check,25.15,476.8,0
0412-UCCNP,Male,No,No,No,55,Yes,No,DSL,Yes,No,Yes,Yes,No,No,Two year,Yes,Electronic check,59.2,3175.85,0
6922-NCEDI,Male,No,No,Yes,56,Yes,No,No,No,No,No,No,No,No,One year,Yes,Mailed check,21.2,1238.65,0
7176-WIONM,Female,No,Yes,No,12,No,No,DSL,No,No,Yes,No,Yes,Yes,Month-to-month,Yes,Bank transfer (automatic),49.85,617.15,0
9571-EDEBV,Male,No,Yes,No,71,Yes,Yes,Fiber optic,No,No,Yes,No,Yes,Yes,One year,Yes,Credit card (automatic),98.65,6962.85,0
4423-YLHDV,Female,No,Yes,No,21,Yes,Yes,Fiber optic,Yes,No,Yes,No,Yes,Yes,Month-to-month,Yes,Bank transfer (automatic),104.4,2200.25,1
6599-CEBNN,Female,No,No,No,34,Yes,No,Fiber optic,No,Yes,No,No,No,No,Month-to-month,Yes,Credit card (automatic),73.95,2524.45,1
3658-KIBGF,Female,No,No,No,1,Yes,No,DSL,Yes,Yes,No,No,No,No,Month-to-month,Yes,Electronic check,54.9,54.9,1
8883-ANODQ,Female,No,Yes,Yes,68,Yes,Yes,Fiber optic,No,Yes,Yes,No,No,No,Two year,Yes,Credit card (automatic),84.4,5746.75,0
3212-KXOCR,Male,No,No,No,52,Yes,No,No,No,No,No,No,No,No,Two year,No,Bank transfer (automatic),21.0,1107.2,0
8816-VXNZD,Female,No,No,No,1,Yes,Yes,Fiber optic,No,No,No,No,No,No,Month-to-month,Yes,Electronic check,75.1,75.1,1
6376-GAHQE,Male,No,No,No,4,Yes,No,Fiber optic,No,No,No,No,Yes,No,Month-to-month,No,Electronic check,77.85,299.2,1
5206-XZZQI,Male,No,No,No,53,Yes,No,Fiber optic,No,Yes,No,Yes,No,No,Month-to-month,Yes,Mailed check,80.6,4348.1,0
0565-JUPYD,Male,No,No,No,63,Yes,Yes,Fiber optic,Yes,Yes,Yes,Yes,Yes,No,One year,No,Credit card (automatic),104.5,6590.8,0
8404-FYDIB,Male,No,No,No,26,Yes,Yes,Fiber optic,Yes,Yes,No,No,No,No,Month-to-month,Yes,Credit card (automatic),86.65,2208.75,0
2754-VDLTR,Male,No,No,Yes,10,Yes,Yes,Fiber optic,No,No,No,No,Yes,Yes,Month-to-month,No,Electronic check,95.2,930.4,1
7130-CTCUS,Male,Yes,Yes,No,16,Yes,No,DSL,Yes,Yes,No,No,No,No,Month-to-month,Yes,Bank transfer (automatic),54.55,825.1,0
8149-RSOUN,Female,No,No,No,1,Yes,Yes,Fiber optic,No,No,No,No,Yes,Yes,Month-to-month,Yes,Electronic check,93.85,93.85,1
9992-RRAMN,Male,No,Yes,No,22,Yes,Yes,Fiber optic,No,No,No,No,No,Yes,Month-to-month,Yes,Electronic check,85.1,1873.7,1
4039-PIMHX,Male,Yes,Yes,No,49,Yes,No,DSL,No,Yes,No,No,No,No,Two year,No,Mailed check,49.8,2398.4,0
0817-HSUSE,Male,No,No,No,1,Yes,No,DSL,No,No,Yes,Yes,Yes,Yes,Month-to-month,Yes,Electronic check,75.5,75.5,0
3077-RSNTJ,Female,No,Yes,Yes,6,Yes,No,No,No,No,No,No,No,No,Month-to-month,No,Mailed check,19.7,113.5,0
7134-HBPBS,Female,Yes,No,No,72,Yes,Yes,Fiber optic,No,Yes,Yes,Yes,Yes,Yes,Two year,Yes,Bank transfer (automatic),108.1,7774.05,0
5495-GPSRW,Male,No,No,No,20,Yes,No,No,No,No,No,No,No,No,Two year,Yes,Mailed check,19.7,419.4,0
1894-IGFSG,Female,No,No,No,22,Yes,No,Fiber optic,No,No,No,No,Yes,Yes,Month-to-month,No,Electronic check,89.25,1907.85,1
8980-WQFWL,Female,No,No,No,35,Yes,No,DSL,No,No,Yes,No,No,Yes,Month-to-month,Yes,Electronic check,62.1,2096.1,0
6394-MFYNG,Female,No,No,No,48,Yes,Yes,Fiber optic,No,Yes,Yes,No,Yes,Yes,Month-to-month,Yes,Bank transfer (automatic),107.4,5121.3,1
2027-FECZV,Male,No,No,No,12,Yes,Yes,Fiber optic,No,Yes,Yes,No,Yes,Yes,Month-to-month,Yes,Electronic check,106.7,1253.9,1
6244-BESBM,Male,No,Yes,Yes,69,Yes,No,Fiber optic,No,No,No,Yes,Yes,Yes,Two year,Yes,Credit card (automatic),95.2,6671.7,0
6773-LQTVT,Female,Yes,Yes,Yes,29,No,No,DSL,No,Yes,Yes,No,No,No,Month-to-month,Yes,Mailed check,35.65,1025.15,0
8947-YRTDV,Male,No,Yes,Yes,32,Yes,No,Fiber optic,Yes,Yes,Yes,No,No,Yes,One year,No,Mailed check,94.8,3131.55,0
1754-GKYPY,Male,Yes,Yes,No,22,Yes,No,Fiber optic,No,No,No,No,Yes,Yes,Month-to-month,Yes,Bank transfer (automatic),89.75,1938.9,0
3458-IDMFK,Male,No,No,No,25,Yes,No,No,No,No,No,No,No,No,Two year,Yes,Mailed check,20.75,499.4,0
6925-BAYGL,Female,Yes,Yes,No,53,Yes,Yes,No,No,No,No,No,No,No,Two year,No,Credit card (automatic),25.1,1275.6,0
4365-MSDYN,Male,No,Yes,No,8,Yes,No,No,No,No,No,No,No,No,Month-to-month,Yes,Bank transfer (automatic),19.55,161.15,0
0178-SZBHO,Male,No,Yes,Yes,47,Yes,Yes,Fiber optic,No,Yes,No,No,Yes,No,Month-to-month,No,Electronic check,87.2,4017.45,0
1342-JPNKI,Male,No,No,No,10,Yes,Yes,Fiber optic,No,No,No,No,Yes,No,Month-to-month,Yes,Bank transfer (automatic),86.05,834.1,1
6348-SNFUS,Male,No,Yes,Yes,72,No,No,DSL,Yes,Yes,Yes,Yes,No,Yes,Two year,Yes,Credit card (automatic),55.45,4179.2,0
4785-FCIFB,Female,No,Yes,No,61,Yes,Yes,No,No,No,No,No,No,No,Two year,No,Mailed check,24.4,1417.9,0
9150-HEPMB,Male,No,No,No,56,Yes,No,DSL,Yes,No,Yes,No,No,No,One year,No,Mailed check,52.7,3019.7,0
5394-SVGJV,Male,No,No,No,37,Yes,Yes,Fiber optic,No,No,No,Yes,Yes,Yes,Month-to-month,No,Bank transfer (automatic),98.8,3475.55,1
3627-FHKBK,Female,No,No,No,1,Yes,No,Fiber optic,Yes,No,No,No,No,No,Month-to-month,No,Mailed check,75.3,75.3,1
9793-WECQC,Male,No,No,No,23,Yes,No,Fiber optic,No,Yes,No,No,Yes,Yes,Month-to-month,No,Mailed check,95.3,2192.9,0
2227-JRSJX,Female,No,No,No,21,Yes,No,Fiber optic,No,Yes,No,Yes,Yes,Yes,Month-to-month,Yes,Bank transfer (automatic),99.15,1956.4,0
8780-IXSTS,Female,No,No,No,6,Yes,Yes,Fiber optic,No,Yes,No,No,Yes,No,Month-to-month,Yes,Electronic check,90.1,521.3,1
1271-UODNO,Male,No,No,No,39,Yes,Yes,DSL,No,No,No,Yes,No,No,Two year,Yes,Credit card (automatic),53.85,2200.7,0
0235-KGSLC,Female,No,No,No,1,Yes,No,Fiber optic,No,No,Yes,No,Yes,No,Month-to-month,Yes,Credit card (automatic),85.55,85.55,1
1265-BCFEO,Female,No,Yes,No,71,Yes,Yes,DSL,No,No,Yes,Yes,Yes,Yes,Two year,Yes,Bank transfer (automatic),80.45,5662.25,0
3795-CAWEX,Male,No,Yes,Yes,70,Yes,Yes,Fiber optic,Yes,Yes,Yes,Yes,Yes,Yes,Two year,Yes,Credit card (automatic),116.55,8152.3,0
5311-IHLEI,Male,No,No,No,12,No,No,DSL,Yes,Yes,No,Yes,Yes,No,Month-to-month,Yes,Bank transfer (automatic),50.95,605.75,0
5227-JSCFE,Male,Yes,Yes,No,71,No,No,DSL,Yes,Yes,Yes,Yes,No,No,Two year,No,Credit card (automatic),46.35,3353.4,0
4625-XMOYM,Female,No,Yes,Yes,72,Yes,Yes,No,No,No,No,No,No,No,Two year,Yes,Bank transfer (automatic),26.25,1988.05,0
4692-NNQRU,Female,No,Yes,No,21,Yes,No,Fiber optic,No,No,Yes,Yes,No,No,One year,No,Electronic check,79.2,1742.45,0
2770-NSVDG,Male,No,Yes,No,24,No,No,DSL,No,No,Yes,No,No,No,Month-to-month,No,Electronic check,29.1,688.0,0
9172-JITSM,Female,No,Yes,Yes,26,Yes,No,Fiber optic,No,No,No,No,Yes,Yes,Month-to-month,Yes,Electronic check,90.8,2361.8,1
2957-JIRMN,Female,Yes,No,No,62,Yes,Yes,Fiber optic,No,No,No,No,Yes,No,One year,No,Electronic check,84.45,4959.15,0
5338-YHWYT,Male,No,No,Yes,37,Yes,No,DSL,Yes,Yes,No,Yes,No,No,Two year,No,Credit card (automatic),61.45,2302.35,0
2868-LLSKM,Female,No,Yes,Yes,68,Yes,Yes,Fiber optic,No,Yes,No,Yes,No,No,One year,Yes,Bank transfer (automatic),83.65,5733.4,0
5981-ZVXOT,Female,Yes,No,No,35,Yes,Yes,Fiber optic,Yes,Yes,Yes,No,Yes,Yes,One year,Yes,Electronic check,108.35,3726.15,0
8548-AWOFC,Male,No,Yes,No,66,Yes,Yes,DSL,No,No,No,Yes,No,Yes,Month-to-month,No,Electronic check,63.85,4264.6,0
9804-ICWBG,Male,No,No,No,1,Yes,No,Fiber optic,No,No,No,No,No,No,Month-to-month,Yes,Electronic check,69.9,69.9,1
5176-LDKUH,Female,No,No,No,48,Yes,No,Fiber optic,No,Yes,No,No,No,No,One year,No,Electronic check,75.15,3772.65,0
4685-ERGHK,Male,No,No,No,57,Yes,Yes,Fiber optic,No,No,No,No,Yes,No,One year,Yes,Electronic check,86.9,4939.25,0
7879-CGSFV,Male,No,No,No,55,Yes,No,Fiber optic,Yes,Yes,No,No,Yes,Yes,One year,Yes,Mailed check,100.9,5552.05,0
0607-DAAHE,Male,No,No,Yes,53,Yes,No,No,No,No,No,No,No,No,Two year,No,Bank transfer (automatic),19.75,1052.35,1
0867-MKZVY,Female,No,Yes,No,20,Yes,Yes,Fiber optic,Yes,No,No,No,No,No,Month-to-month,No,Electronic check,82.4,1592.35,1
6283-GITPX,Male,No,No,Yes,71,Yes,No,DSL,Yes,Yes,Yes,Yes,Yes,No,Two year,Yes,Credit card (automatic),76.9,5522.7,0
3174-RKMOW,Male,No,Yes,Yes,35,Yes,Yes,Fiber optic,No,Yes,Yes,Yes,Yes,Yes,Month-to-month,Yes,Electronic check,109.95,3782.4,0
4759-TRPLW,Male,No,No,No,1,Yes,No,Fiber optic,No,No,No,No,No,No,Month-to-month,No,Electronic check,70.4,70.4,1
4808-YNLEU,Female,No,Yes,No,35,Yes,No,DSL,Yes,No,No,No,Yes,No,One year,Yes,Bank transfer (automatic),62.15,2215.45,0
8402-OOOHJ,Female,No,No,No,41,Yes,No,No,No,No,No,No,No,No,Two year,No,Mailed check,20.65,835.15,0
4086-YQSNZ,Female,Yes,Yes,No,3,Yes,No,Fiber optic,No,No,No,No,Yes,No,Month-to-month,Yes,Electronic check,80.4,224.05,1
6103-LIANB,Male,No,Yes,Yes,59,Yes,Yes,Fiber optic,No,No,Yes,No,Yes,Yes,Two year,Yes,Credit card (automatic),99.5,5861.75,0
8267-ZNYVZ,Female,No,Yes,No,33,Yes,No,Fiber optic,Yes,No,Yes,Yes,Yes,Yes,One year,Yes,Electronic check,103.75,3361.05,1
0841-NULXI,Male,No,No,No,1,No,No,DSL,No,No,No,No,No,Yes,Month-to-month,Yes,Electronic check,35.55,35.55,1
2229-VWQJH,Female,No,No,No,24,Yes,No,DSL,No,No,Yes,No,No,No,Month-to-month,Yes,Credit card (automatic),49.3,1233.25,0
3363-EWLGO,Female,No,No,No,5,Yes,No,No,No,No,No,No,No,No,Month-to-month,No,Mailed check,19.95,109.6,0
3853-LYGAM,Male,No,No,No,17,Yes,Yes,Fiber optic,No,No,Yes,Yes,No,Yes,Month-to-month,Yes,Bank transfer (automatic),95.65,1640.0,0
4290-BSXUX,Male,No,Yes,No,3,Yes,Yes,Fiber optic,No,No,No,Yes,No,No,Month-to-month,Yes,Bank transfer (automatic),79.65,251.75,1
5884-GCYMI,Male,No,No,No,1,Yes,No,Fiber optic,No,No,No,No,No,No,Month-to-month,No,Mailed check,69.4,69.4,1
7673-BQGKU,Female,No,Yes,Yes,69,Yes,No,No,No,No,No,No,No,No,Two year,No,Bank transfer (automatic),20.15,1337.5,0
1776-SPBWV,Female,No,Yes,Yes,34,Yes,No,No,No,No,No,No,No,No,One year,Yes,Bank transfer (automatic),20.1,682.1,0
9367-WXLCH,Male,No,No,No,8,Yes,Yes,Fiber optic,No,No,No,No,No,Yes,Month-to-month,No,Bank transfer (automatic),84.5,662.65,1
5569-KGJHX,Female,No,Yes,Yes,9,Yes,Yes,Fiber optic,No,No,No,No,Yes,No,Month-to-month,Yes,Bank transfer (automatic),85.35,754.65,1
3865-ZFZIB,Male,No,No,No,19,Yes,No,No,No,No,No,No,No,No,Two year,No,Mailed check,19.65,358.15,0
8020-BWHYL,Female,Yes,No,No,15,Yes,No,Fiber optic,No,Yes,No,No,No,No,Month-to-month,Yes,Credit card (automatic),75.3,1147.45,1
4565-NLZBV,Female,No,Yes,No,71,Yes,Yes,No,No,No,No,No,No,No,Two year,Yes,Bank transfer (automatic),24.65,1710.15,0
8017-UVSZU,Female,No,Yes,No,40,Yes,Yes,DSL,No,Yes,No,No,No,No,Month-to-month,No,Credit card (automatic),56.6,2379.1,0
7598-UAASY,Male,No,Yes,No,2,Yes,No,Fiber optic,No,No,Yes,No,No,No,Month-to-month,No,Electronic check,76.4,151.8,1
4947-DSMXK,Male,No,Yes,Yes,34,Yes,Yes,Fiber optic,No,Yes,No,No,Yes,Yes,Month-to-month,Yes,Bank transfer (automatic),97.7,3410.0,0
8356-WUAOJ,Female,No,Yes,No,1,Yes,No,DSL,No,No,No,No,No,No,Month-to-month,Yes,Electronic check,45.0,45.0,0
3389-YGYAI,Female,Yes,No,No,8,Yes,Yes,Fiber optic,No,Yes,Yes,No,Yes,Yes,Month-to-month,Yes,Electronic check,105.5,829.55,1
4973-RLZVI,Female,No,No,No,30,Yes,No,DSL,Yes,Yes,Yes,Yes,Yes,No,One year,No,Credit card (automatic),74.65,2308.6,0
8884-FEEWR,Male,No,No,No,35,Yes,No,No,No,No,No,No,No,No,One year,No,Bank transfer (automatic),20.6,754.0,0
4116-TZAQJ,Female,No,No,No,9,Yes,No,Fiber optic,Yes,No,No,No,No,No,Month-to-month,Yes,Credit card (automatic),74.25,639.65,1
0899-LIIBW,Male,No,Yes,No,34,Yes,Yes,Fiber optic,No,No,Yes,No,Yes,Yes,Month-to-month,No,Electronic check,100.85,3527.3,0
6685-GBWJZ,Male,No,Yes,No,63,Yes,No,DSL,Yes,Yes,No,Yes,Yes,No,One year,No,Credit card (automatic),70.8,4448.8,0
2309-OSFEU,Male,No,No,No,10,No,No,DSL,No,No,No,No,No,Yes,Month-to-month,Yes,Mailed check,33.9,298.45,1
8755-OGKNA,Female,No,Yes,Yes,57,Yes,No,No,No,No,No,No,No,No,Two year,No,Bank transfer (automatic),19.5,1167.6,0
6769-DCQLI,Male,No,No,No,52,Yes,No,Fiber optic,No,Yes,Yes,Yes,Yes,Yes,One year,Yes,Bank transfer (automatic),105.0,5426.85,1
7929-SKFGK,Male,No,Yes,No,70,Yes,Yes,Fiber optic,Yes,Yes,Yes,Yes,Yes,Yes,Two year,No,Credit card (automatic),114.3,8244.3,0
1184-PJVDB,Male,No,Yes,No,10,Yes,No,Fiber optic,No,No,No,No,Yes,No,Month-to-month,Yes,Electronic check,79.95,857.2,1
9122-UMROB,Male,No,No,No,1,Yes,No,No,No,No,No,No,No,No,Month-to-month,No,Mailed check,20.3,20.3,0
5117-ZSMHQ,Female,No,Yes,Yes,71,Yes,Yes,DSL,Yes,Yes,Yes,Yes,Yes,Yes,Two year,No,Bank transfer (automatic),89.9,6342.7,0
1170-SASML,Female,No,Yes,No,69,Yes,Yes,Fiber optic,No,Yes,Yes,No,No,No,Month-to-month,Yes,Bank transfer (automatic),85.4,5869.4,0
5393-RXQSZ,Male,No,No,No,1,Yes,No,Fiber optic,No,No,No,No,No,Yes,Month-to-month,No,Electronic check,79.6,79.6,1
3323-CPBWR,Male,No,No,No,23,Yes,Yes,Fiber optic,No,No,Yes,Yes,Yes,No,Month-to-month,Yes,Credit card (automatic),96.9,2085.45,0
7622-FWGEW,Male,Yes,Yes,No,56,Yes,No,DSL,Yes,Yes,Yes,Yes,Yes,Yes,Two year,Yes,Bank transfer (automatic),85.65,4824.45,0
3506-OVLKD,Male,No,No,No,35,Yes,Yes,No,No,No,No,No,No,No,One year,No,Bank transfer (automatic),26.2,954.9,0
8071-SBTRN,Female,No,No,No,70,Yes,Yes,Fiber optic,Yes,Yes,Yes,No,Yes,Yes,Two year,Yes,Mailed check,111.15,7737.55,0
8023-QHAIO,Female,Yes,Yes,No,56,Yes,Yes,Fiber optic,No,No,No,Yes,No,No,Month-to-month,Yes,Bank transfer (automatic),76.85,4275.75,0
7319-ZNRTR,Male,No,Yes,Yes,25,Yes,No,No,No,No,No,No,No,No,One year,No,Electronic check,19.6,411.15,0
1689-YQBYY,Female,No,No,Yes,12,Yes,Yes,Fiber optic,No,No,No,No,No,No,Month-to-month,Yes,Electronic check,76.6,893.0,0
6579-JPICP,Male,No,No,No,1,Yes,No,No,No,No,No,No,No,No,Month-to-month,No,Mailed check,20.4,20.4,0
4468-YDOVK,Male,No,No,Yes,5,Yes,No,DSL,No,No,No,Yes,No,No,Month-to-month,Yes,Bank transfer (automatic),48.65,235.2,0
6242-SGYTS,Male,No,Yes,Yes,62,Yes,Yes,Fiber optic,Yes,Yes,No,No,Yes,No,One year,Yes,Credit card (automatic),94.95,5791.85,0
1465-VINDH,Female,No,Yes,Yes,10,Yes,Yes,Fiber optic,No,Yes,Yes,No,Yes,Yes,Month-to-month,Yes,Credit card (automatic),102.1,1068.85,1
1853-UDXBW,Male,No,Yes,Yes,1,Yes,No,Fiber optic,No,No,No,No,No,No,Month-to-month,Yes,Electronic check,70.0,70.0,1
8815-LMFLX,Male,No,Yes,Yes,25,Yes,Yes,No,No,No,No,No,No,No,Month-to-month,Yes,Bank transfer (automatic),25.4,546.85,0
1178-PZGAB,Female,No,No,No,19,Yes,No,No,No,No,No,No,No,No,One year,No,Credit card (automatic),20.25,383.65,0
7311-MQJCH,Female,No,No,No,5,Yes,No,No,No,No,No,No,No,No,One year,No,Electronic check,19.55,99.6,0
6048-UWKAL,Female,Yes,Yes,No,69,Yes,Yes,Fiber optic,No,Yes,No,Yes,Yes,Yes,Two year,No,Credit card (automatic),105.4,6998.95,0
0396-YCHWO,Male,No,Yes,No,36,Yes,Yes,Fiber optic,No,No,No,No,Yes,Yes,Month-to-month,Yes,Electronic check,95.4,3474.2,0
3932-CMDTD,Female,No,No,No,4,Yes,No,Fiber optic,No,Yes,Yes,Yes,Yes,Yes,One year,Yes,Electronic check,105.65,443.9,1
5566-SOEZD,Male,No,Yes,Yes,27,Yes,No,Fiber optic,Yes,Yes,No,No,No,No,One year,Yes,Credit card (automatic),80.65,2209.75,0
5858-EAFCZ,Male,No,No,No,1,Yes,No,DSL,No,No,No,No,No,No,Month-to-month,No,Mailed check,44.45,44.45,0
5922-ABDVO,Female,No,Yes,No,19,Yes,Yes,Fiber optic,No,No,Yes,No,No,Yes,Month-to-month,No,Mailed check,89.65,1761.05,1
5960-MVTUK,Male,No,No,No,3,No,No,DSL,No,No,No,Yes,No,No,Month-to-month,Yes,Electronic check,29.75,96.85,0
7284-BUYEC,Female,No,No,No,5,No,No,DSL,No,Yes,No,No,Yes,Yes,Month-to-month,Yes,Credit card (automatic),50.95,229.4,0
8623-ULFNQ,Female,Yes,No,No,26,Yes,Yes,DSL,No,No,No,Yes,No,Yes,Month-to-month,Yes,Electronic check,66.05,1652.4,0
5271-YNWVR,Male,No,Yes,Yes,68,Yes,Yes,Fiber optic,Yes,Yes,Yes,Yes,Yes,Yes,Two year,Yes,Electronic check,113.15,7856.0,1
2657-ALMWY,Female,Yes,Yes,No,26,Yes,No,Fiber optic,No,Yes,No,No,No,Yes,Month-to-month,No,Electronic check,84.95,2169.75,1
7207-RMRDB,Female,No,Yes,Yes,65,Yes,Yes,Fiber optic,No,Yes,Yes,No,Yes,Yes,Month-to-month,Yes,Electronic check,105.5,6985.65,1
5081-NWSUP,Female,No,No,No,10,Yes,No,DSL,No,Yes,No,Yes,No,Yes,One year,No,Mailed check,64.9,685.55,0
1452-KIOVK,Male,No,No,Yes,22,Yes,Yes,Fiber optic,No,Yes,No,No,Yes,No,Month-to-month,Yes,Credit card (automatic),89.1,1949.4,0
3793-MMFUH,Female,Yes,No,No,13,Yes,Yes,Fiber optic,No,No,No,No,Yes,Yes,Month-to-month,Yes,Electronic check,95.05,1290.0,1
5650-VDUDS,Female,No,No,No,4,No,No,DSL,No,No,No,No,No,No,Month-to-month,Yes,Mailed check,24.25,96.05,1
3946-MHCZW,Male,No,No,No,1,Yes,No,DSL,No,No,Yes,No,No,No,Month-to-month,No,Mailed check,50.9,50.9,1
3280-NMUVX,Male,No,Yes,Yes,34,Yes,No,No,No,No,No,No,No,No,One year,No,Credit card (automatic),19.6,678.8,0
9099-FTUHS,Female,No,No,No,23,Yes,Yes,DSL,Yes,No,No,No,No,No,Month-to-month,No,Electronic check,54.4,1249.25,0
9548-LERKT,Male,No,Yes,No,24,Yes,No,No,No,No,No,No,No,No,Two year,No,Mailed check,19.75,483.15,0
5572-ZDXHY,Female,No,No,No,22,Yes,No,Fiber optic,No,Yes,No,No,No,Yes,Month-to-month,Yes,Mailed check,84.3,1855.65,1
0508-SQWPL,Female,No,Yes,Yes,57,Yes,No,No,No,No,No,No,No,No,Two year,Yes,Bank transfer (automatic),20.1,1087.7,0
7235-NXZCP,Male,Yes,No,No,2,Yes,Yes,Fiber optic,No,No,No,No,No,No,Month-to-month,Yes,Mailed check,74.85,156.4,1
4176-RELJR,Male,Yes,No,No,67,Yes,Yes,No,No,No,No,No,No,No,Two year,No,Credit card (automatic),25.1,1672.15,0
9565-JSNFM,Male,No,No,No,38,Yes,No,Fiber optic,No,No,No,No,No,No,One year,Yes,Bank transfer (automatic),70.45,2597.6,1
6609-MXJHJ,Female,No,Yes,Yes,30,Yes,Yes,No,No,No,No,No,No,No,Two year,Yes,Mailed check,25.1,789.55,0
2800-QQUSO,Male,No,No,No,42,Yes,Yes,Fiber optic,No,No,No,Yes,Yes,Yes,Month-to-month,Yes,Electronic check,100.3,4222.95,0
4611-ANLQC,Female,No,Yes,No,60,No,No,DSL,Yes,Yes,Yes,No,No,Yes,One year,No,Electronic check,50.05,2911.5,0
8063-RJYNF,Male,No,No,No,16,Yes,No,Fiber optic,Yes,No,No,No,Yes,Yes,Month-to-month,Yes,Electronic check,94.25,1483.25,1
9488-FVZCC,Female,No,Yes,Yes,72,Yes,Yes,DSL,Yes,Yes,Yes,Yes,No,Yes,Two year,Yes,Bank transfer (automatic),79.5,5661.7,0
2897-DOVND,Male,No,No,No,2,Yes,No,Fiber optic,No,No,No,No,No,No,Month-to-month,Yes,Electronic check,69.8,146.65,0
3488-PGMQJ,Male,Yes,No,No,8,Yes,No,Fiber optic,No,Yes,No,No,No,No,Month-to-month,Yes,Electronic check,74.5,606.55,1
8160-HOWOX,Female,No,No,No,7,Yes,No,DSL,No,No,No,No,Yes,Yes,Month-to-month,Yes,Electronic check,66.85,458.1,0
8715-KKTFG,Female,No,Yes,No,61,Yes,Yes,Fiber optic,No,No,Yes,Yes,Yes,Yes,One year,Yes,Bank transfer (automatic),103.3,6518.35,0
2307-FYNNL,Male,Yes,No,No,65,Yes,Yes,Fiber optic,Yes,No,Yes,Yes,Yes,Yes,Two year,Yes,Electronic check,109.05,7108.2,0
1725-IQNIY,Male,No,Yes,No,54,Yes,No,Fiber optic,Yes,Yes,Yes,Yes,Yes,Yes,Two year,No,Bank transfer (automatic),109.75,6110.2,1
7389-KBFIT,Female,No,Yes,Yes,2,No,No,DSL,No,Yes,No,No,No,No,Month-to-month,Yes,Mailed check,30.25,63.75,0
1472-TNCWL,Male,No,No,Yes,36,Yes,No,Fiber optic,No,Yes,No,No,Yes,Yes,Month-to-month,Yes,Electronic check,94.7,3512.5,0
5269-NRGDP,Male,No,Yes,Yes,42,Yes,No,DSL,No,No,Yes,Yes,Yes,Yes,One year,No,Electronic check,73.15,3088.25,0
6137-NICCO,Female,No,Yes,Yes,6,Yes,Yes,Fiber optic,No,Yes,Yes,No,Yes,No,Month-to-month,Yes,Mailed check,94.05,518.75,0
3199-XGZCY,Female,No,No,No,8,Yes,Yes,Fiber optic,No,No,No,No,No,No,Month-to-month,Yes,Electronic check,75.25,576.7,0
5649-TJHOV,Male,Yes,Yes,No,27,No,No,DSL,No,No,No,No,No,Yes,Month-to-month,No,Bank transfer (automatic),36.5,1032.0,1
8465-SBRXP,Male,No,Yes,Yes,38,Yes,Yes,Fiber optic,No,No,Yes,Yes,Yes,No,Two year,Yes,Bank transfer (automatic),94.9,3616.25,0
3500-NSDOA,Male,No,Yes,Yes,68,Yes,Yes,DSL,No,Yes,No,Yes,No,Yes,Two year,No,Credit card (automatic),70.8,4859.95,0
7607-QKKTJ,Male,No,Yes,Yes,45,Yes,Yes,Fiber optic,No,Yes,Yes,No,No,Yes,One year,Yes,Credit card (automatic),95.0,4368.85,0
7989-CHGTL,Male,No,No,No,1,Yes,No,No,No,No,No,No,No,No,Month-to-month,Yes,Mailed check,19.6,19.6,1
1345-ZUKID,Male,No,No,No,14,Yes,No,No,No,No,No,No,No,No,One year,No,Mailed check,19.35,324.8,0
6061-PQHMK,Female,No,No,No,25,Yes,No,No,No,No,No,No,No,No,One year,No,Credit card (automatic),19.9,527.5,0
9214-EKVXR,Female,No,No,No,1,Yes,No,DSL,No,No,No,No,No,No,Month-to-month,Yes,Mailed check,44.0,44.0,0
1022-RKXDR,Female,No,No,No,41,Yes,Yes,No,No,No,No,No,No,No,One year,Yes,Mailed check,24.85,962.25,0
1730-ZMAME,Female,Yes,No,No,32,Yes,No,Fiber optic,No,No,No,No,No,Yes,Month-to-month,Yes,Electronic check,79.5,2665.0,0
2088-IEBAU,Female,No,No,No,68,Yes,Yes,DSL,Yes,Yes,Yes,Yes,Yes,Yes,Two year,Yes,Electronic check,88.15,6148.45,0
0936-NQLJU,Female,No,Yes,No,41,Yes,No,No,No,No,No,No,No,No,Two year,No,Credit card (automatic),20.65,875.55,0
8414-OOEEL,Male,No,No,Yes,66,Yes,No,DSL,No,Yes,Yes,Yes,Yes,Yes,Two year,Yes,Credit card (automatic),79.5,5196.1,0
6007-TCTST,Female,No,Yes,Yes,72,Yes,Yes,Fiber optic,Yes,Yes,Yes,Yes,Yes,Yes,Two year,Yes,Bank transfer (automatic),115.8,8476.5,0
2070-XYMFH,Female,Yes,No,No,23,Yes,Yes,Fiber optic,No,No,Yes,No,No,No,Month-to-month,Yes,Mailed check,79.35,1835.3,0
1987-AUELQ,Female,No,Yes,No,71,Yes,Yes,No,No,No,No,No,No,No,Two year,No,Credit card (automatic),25.05,1873.7,0
7120-RFMVS,Male,No,No,No,1,Yes,Yes,Fiber optic,No,No,No,No,Yes,No,Month-to-month,No,Electronic check,84.5,84.5,1
8735-IJJEG,Male,No,Yes,No,14,Yes,No,DSL,No,No,Yes,No,No,No,Month-to-month,No,Credit card (automatic),50.2,668.85,0
2558-BUOZZ,Male,No,No,No,47,Yes,Yes,Fiber optic,Yes,Yes,No,No,Yes,No,One year,No,Bank transfer (automatic),94.8,4535.85,0
7665-VIGUD,Male,No,No,No,10,Yes,No,No,No,No,No,No,No,No,One year,No,Mailed check,20.35,176.3,0
7852-LECYP,Male,Yes,Yes,No,13,Yes,Yes,Fiber optic,Yes,Yes,No,No,No,Yes,Month-to-month,No,Credit card (automatic),93.8,1261.0,0
9504-DSHWM,Male,No,No,No,20,Yes,Yes,DSL,Yes,No,No,Yes,No,No,Month-to-month,No,Bank transfer (automatic),59.2,1191.2,0
0533-BNWKF,Female,Yes,Yes,No,55,Yes,Yes,Fiber optic,No,Yes,Yes,No,No,No,Month-to-month,Yes,Electronic check,85.45,4874.7,1
5168-MSWXT,Male,No,Yes,Yes,8,Yes,No,Fiber optic,No,No,Yes,No,Yes,Yes,Month-to-month,Yes,Electronic check,94.75,759.55,0
6928-ONTRW,Female,No,Yes,Yes,72,Yes,No,No,No,No,No,No,No,No,Two year,No,Credit card (automatic),19.7,1379.8,0
0742-LAFQK,Male,No,Yes,No,72,Yes,Yes,Fiber optic,Yes,Yes,Yes,No,No,Yes,Two year,Yes,Electronic check,99.15,7422.1,0
3451-VAWLI,Female,No,Yes,Yes,35,Yes,No,No,No,No,No,No,No,No,Two year,No,Credit card (automatic),19.7,730.4,0
3806-YAZOV,Female,No,No,No,3,Yes,No,No,No,No,No,No,No,No,Month-to-month,No,Mailed check,18.8,56.0,0
7395-IGJOS,Male,Yes,Yes,No,17,Yes,No,Fiber optic,No,No,No,No,No,Yes,Month-to-month,No,Bank transfer (automatic),81.5,1329.2,1
1407-DIGZV,Female,No,Yes,Yes,3,Yes,No,No,No,No,No,No,No,No,Two year,No,Mailed check,19.1,52.0,0
6218-KNUBD,Male,No,No,No,6,Yes,No,DSL,No,Yes,No,No,Yes,No,Month-to-month,No,Electronic check,59.45,357.6,0
4298-OYIFC,Male,No,Yes,No,15,Yes,Yes,Fiber optic,No,No,Yes,Yes,Yes,Yes,Month-to-month,Yes,Electronic check,103.45,1539.8,0
0952-KMEEH,Male,No,No,No,13,Yes,Yes,Fiber optic,Yes,No,No,No,Yes,Yes,Month-to-month,No,Mailed check,98.15,1230.25,1
0439-IFYUN,Female,Yes,No,No,18,Yes,No,Fiber optic,No,Yes,No,No,No,No,Month-to-month,Yes,Electronic check,74.7,1294.6,0
5732-IKGQH,Male,Yes,Yes,No,52,Yes,No,Fiber optic,Yes,No,Yes,Yes,Yes,Yes,One year,Yes,Bank transfer (automatic),104.45,5481.25,0
0880-FVFWF,Male,No,No,No,56,Yes,Yes,Fiber optic,Yes,Yes,No,No,No,No,Month-to-month,Yes,Electronic check,86.4,4922.4,0
8100-HZZLJ,Female,No,No,Yes,43,Yes,No,DSL,Yes,Yes,No,No,No,Yes,Month-to-month,Yes,Electronic check,63.95,2737.05,0
4869-EPIUS,Male,No,Yes,No,56,Yes,No,Fiber optic,No,No,No,No,No,Yes,One year,Yes,Electronic check,80.9,4557.5,0
9332-GYWLO,Female,No,Yes,Yes,6,Yes,No,DSL,No,No,No,No,Yes,No,Month-to-month,No,Electronic check,54.85,355.1,0
0307-BCOPK,Female,No,No,No,16,Yes,No,No,No,No,No,No,No,No,One year,No,Mailed check,19.05,326.65,0
6898-MDLZW,Male,No,No,No,12,Yes,No,DSL,No,Yes,No,Yes,No,No,Month-to-month,Yes,Mailed check,53.75,648.65,0
8029-XYPWT,Male,Yes,Yes,No,71,Yes,Yes,Fiber optic,Yes,Yes,Yes,Yes,Yes,Yes,Two year,Yes,Bank transfer (automatic),115.05,8016.6,0
8840-DQLGN,Female,Yes,Yes,No,35,Yes,Yes,Fiber optic,Yes,Yes,No,Yes,Yes,No,Month-to-month,Yes,Bank transfer (automatic),100.5,3653.35,1
3088-FVYWK,Male,No,Yes,Yes,53,Yes,Yes,No,No,No,No,No,No,No,Two year,No,Credit card (automatic),25.55,1336.1,0
4199-QHJNM,Male,Yes,Yes,No,67,Yes,Yes,Fiber optic,No,Yes,No,Yes,Yes,Yes,Two year,No,Bank transfer (automatic),102.9,6989.7,0
8219-VYBVI,Male,No,No,Yes,39,Yes,Yes,No,No,No,No,No,No,No,Two year,No,Mailed check,25.0,1004.35,0
3131-NWVFJ,Female,No,Yes,Yes,14,Yes,No,No,No,No,No,No,No,No,One year,No,Mailed check,19.55,294.5,0
5447-VYTKW,Male,No,No,No,27,Yes,No,DSL,Yes,No,No,Yes,No,No,Month-to-month,No,Mailed check,53.45,1461.45,0
5382-SOYZL,Male,No,No,No,22,Yes,Yes,Fiber optic,No,No,No,No,Yes,Yes,Month-to-month,Yes,Electronic check,95.1,2162.6,0
5057-RKGLH,Female,No,Yes,Yes,9,Yes,No,No,No,No,No,No,No,No,Two year,No,Mailed check,20.35,191.1,0
4929-BSTRX,Female,No,No,No,1,Yes,No,DSL,No,No,No,No,Yes,No,Month-to-month,Yes,Mailed check,53.55,53.55,1
1335-HQMKX,Female,No,Yes,No,72,Yes,Yes,Fiber optic,No,Yes,Yes,No,Yes,Yes,One year,Yes,Electronic check,101.35,7323.15,0
7392-YYPYJ,Male,No,No,No,22,Yes,Yes,Fiber optic,No,Yes,No,No,Yes,Yes,Month-to-month,Yes,Electronic check,100.65,2415.95,0
2121-JAFOM,Female,No,Yes,No,72,Yes,Yes,Fiber optic,Yes,Yes,Yes,Yes,Yes,Yes,Two year,Yes,Credit card (automatic),115.55,8312.4,0
4851-BQDNX,Male,No,Yes,Yes,40,Yes,No,Fiber optic,No,No,Yes,No,Yes,No,One year,Yes,Electronic check,85.05,3355.65,0
1591-MQJTP,Male,Yes,Yes,No,51,Yes,Yes,Fiber optic,Yes,No,Yes,No,No,Yes,One year,Yes,Bank transfer (automatic),93.65,4839.15,0
4476-OSWTN,Male,Yes,Yes,No,69,Yes,Yes,Fiber optic,Yes,No,Yes,Yes,Yes,Yes,One year,Yes,Mailed check,110.55,7610.1,0
9313-CDOGY,Male,No,Yes,Yes,38,Yes,No,No,No,No,No,No,No,No,Month-to-month,No,Electronic check,19.6,717.3,0
4250-ZBWLV,Male,No,No,No,68,Yes,Yes,Fiber optic,No,Yes,Yes,Yes,Yes,Yes,One year,No,Electronic check,108.45,7176.55,1
7110-BDTWG,Female,No,Yes,No,71,No,No,DSL,No,No,Yes,Yes,No,Yes,Two year,Yes,Electronic check,47.05,3263.6,0
0685-MLYYM,Female,Yes,No,No,2,Yes,No,Fiber optic,No,No,No,No,No,No,Month-to-month,No,Electronic check,70.75,154.85,1
1841-YSJGV,Male,No,Yes,No,72,Yes,Yes,Fiber optic,Yes,Yes,No,Yes,Yes,Yes,Two year,Yes,Credit card (automatic),109.95,7852.4,0
5949-HGVJL,Female,No,Yes,No,26,Yes,No,DSL,No,Yes,No,Yes,Yes,Yes,Month-to-month,Yes,Electronic check,73.05,1959.5,0
0430-IHCDJ,Male,No,No,No,15,Yes,Yes,DSL,No,No,No,No,No,No,Month-to-month,Yes,Electronic check,49.0,749.25,0
4647-XXZAM,Female,No,Yes,Yes,6,Yes,No,DSL,No,No,No,No,No,No,Month-to-month,No,Mailed check,45.5,285.2,0
8645-KOMJQ,Male,No,Yes,Yes,69,Yes,Yes,DSL,No,Yes,Yes,Yes,Yes,Yes,Two year,Yes,Bank transfer (automatic),81.95,5601.4,0
4909-JOUPP,Male,Yes,Yes,No,72,Yes,Yes,Fiber optic,No,Yes,Yes,Yes,Yes,Yes,Two year,No,Credit card (automatic),109.7,7898.45,0
9699-UBQFS,Female,Yes,Yes,No,43,Yes,Yes,Fiber optic,Yes,Yes,No,No,Yes,No,Month-to-month,Yes,Electronic check,94.5,4156.8,0
5644-PDMZC,Female,Yes,No,No,2,Yes,Yes,Fiber optic,No,Yes,No,No,No,Yes,Month-to-month,No,Electronic check,89.5,161.5,1
2208-UGTGR,Male,No,No,No,56,Yes,Yes,Fiber optic,No,Yes,No,No,Yes,Yes,Month-to-month,No,Electronic check,98.6,5581.05,0
4686-UXDML,Female,No,No,No,21,Yes,Yes,Fiber optic,No,Yes,No,No,Yes,Yes,Month-to-month,Yes,Credit card (automatic),99.85,1992.55,0
9828-AOQLM,Female,No,Yes,Yes,1,Yes,No,DSL,No,No,No,No,No,No,Month-to-month,Yes,Electronic check,45.7,45.7,1
4439-YRNVD,Female,No,No,No,10,No,No,DSL,No,Yes,No,Yes,No,No,Month-to-month,No,Electronic check,36.25,374.0,0
8224-UAXBZ,Female,No,Yes,No,58,No,No,DSL,Yes,Yes,No,No,Yes,No,One year,Yes,Electronic check,45.35,2540.1,0
2081-VEYEH,Male,No,No,No,3,Yes,No,Fiber optic,No,Yes,Yes,Yes,Yes,Yes,Month-to-month,Yes,Electronic check,107.95,318.6,0
6305-YLBMM,Male,No,No,No,69,Yes,No,Fiber optic,No,Yes,Yes,Yes,Yes,Yes,One year,Yes,Bank transfer (automatic),104.05,7262.0,1
6648-INWPS,Male,No,Yes,Yes,16,Yes,No,No,No,No,No,No,No,No,Month-to-month,No,Electronic check,20.15,341.35,0
3639-XJHKQ,Female,No,No,Yes,19,Yes,No,DSL,Yes,Yes,Yes,No,No,No,Month-to-month,Yes,Electronic check,60.6,1297.8,0
2075-RMJIK,Female,No,Yes,Yes,5,Yes,No,DSL,Yes,No,No,No,No,No,Month-to-month,Yes,Mailed check,49.4,232.55,0
9073-ZZIAY,Male,No,Yes,Yes,62,Yes,No,DSL,Yes,Yes,Yes,Yes,Yes,Yes,Two year,No,Electronic check,86.1,5215.25,0
4915-BFSXL,Male,No,Yes,Yes,70,Yes,Yes,DSL,Yes,No,Yes,No,Yes,No,Two year,No,Credit card (automatic),68.95,4858.7,0
4712-AUQZO,Male,No,No,No,18,No,No,DSL,Yes,No,Yes,No,No,No,Month-to-month,No,Mailed check,33.6,550.35,0
3173-WSSUE,Female,No,Yes,Yes,71,Yes,No,No,No,No,No,No,No,No,Two year,No,Credit card (automatic),19.7,1415.85,0
4351-QLCSU,Female,No,No,No,1,Yes,No,DSL,No,No,No,No,Yes,No,Month-to-month,Yes,Credit card (automatic),55.0,55.0,1
2122-YWVYA,Female,No,No,No,18,Yes,No,Fiber optic,Yes,No,No,No,No,No,Month-to-month,Yes,Electronic check,75.4,1380.4,0
7109-CQYUZ,Male,No,No,No,52,Yes,Yes,DSL,Yes,Yes,Yes,Yes,Yes,Yes,Two year,Yes,Mailed check,89.25,4652.4,0
9950-MTGYX,Male,No,Yes,Yes,28,Yes,No,No,No,No,No,No,No,No,Two year,Yes,Credit card (automatic),20.3,487.95,0
8874-EJNSR,Male,No,Yes,Yes,39,Yes,Yes,No,No,No,No,No,No,No,Two year,No,Mailed check,25.2,987.95,0
1230-QAJDW,Male,No,No,No,3,Yes,Yes,DSL,No,No,No,Yes,Yes,No,Month-to-month,Yes,Mailed check,65.25,209.9,0
0365-GXEZS,Male,No,Yes,No,18,Yes,No,Fiber optic,No,No,Yes,Yes,No,No,Month-to-month,No,Electronic check,78.2,1468.75,0
8316-BBQAY,Female,No,No,No,65,No,No,DSL,Yes,No,Yes,Yes,Yes,Yes,Two year,No,Credit card (automatic),59.95,3921.1,0
7649-PHJVR,Male,No,No,No,11,Yes,No,No,No,No,No,No,No,No,One year,No,Mailed check,19.5,226.8,0
1936-UAFEH,Female,No,No,No,68,Yes,Yes,Fiber optic,Yes,Yes,No,Yes,Yes,Yes,Two year,No,Credit card (automatic),110.25,7279.35,0
7590-VHVEG,Female,No,Yes,No,1,No,No,DSL,No,Yes,No,No,No,No,Month-to-month,Yes,Electronic check,29.85,29.85,0
3870-MQAMG,Female,No,Yes,No,54,Yes,Yes,Fiber optic,No,Yes,Yes,Yes,Yes,Yes,One year,No,Electronic check,110.35,5893.15,1
5331-RGMTT,Male,Yes,Yes,No,54,Yes,Yes,Fiber optic,No,No,Yes,No,Yes,Yes,Month-to-month,Yes,Credit card (automatic),99.05,5295.7,0
4815-GBTCD,Female,No,Yes,No,4,No,No,DSL,No,No,No,No,No,No,Month-to-month,Yes,Electronic check,25.15,99.95,0
0348-SDKOL,Female,No,Yes,No,58,Yes,Yes,Fiber optic,No,No,Yes,Yes,Yes,Yes,Month-to-month,Yes,Credit card (automatic),102.1,5885.4,1
8849-AYPTR,Male,No,Yes,No,33,Yes,No,Fiber optic,No,No,No,No,Yes,Yes,Month-to-month,No,Electronic check,91.25,2964.05,0
0931-MHTEM,Female,No,No,No,54,Yes,No,Fiber optic,Yes,Yes,No,No,Yes,Yes,One year,Yes,Credit card (automatic),100.05,5299.65,0
3878-AVSOQ,Female,Yes,No,No,1,Yes,No,Fiber optic,No,No,No,No,No,No,Month-to-month,Yes,Electronic check,71.25,71.25,0
2126-GSEGL,Female,No,Yes,No,70,Yes,Yes,DSL,No,Yes,Yes,Yes,Yes,Yes,Two year,Yes,Bank transfer (automatic),84.8,5917.55,0
0581-BXBUB,Female,Yes,No,No,4,Yes,No,Fiber optic,No,Yes,No,No,No,No,Month-to-month,No,Electronic check,72.75,317.75,0
1096-ADRUX,Female,No,Yes,Yes,66,Yes,Yes,Fiber optic,No,No,No,No,No,No,One year,Yes,Bank transfer (automatic),74.25,4859.25,0
6344-SFJVH,Female,No,No,No,20,No,No,DSL,No,No,No,No,No,No,Month-to-month,No,Credit card (automatic),24.9,505.95,0
6968-GMKPR,Female,No,No,No,55,Yes,No,Fiber optic,No,Yes,Yes,No,No,No,Month-to-month,Yes,Electronic check,81.55,4509.5,0
4536-PLEQY,Male,No,Yes,No,12,Yes,No,Fiber optic,No,Yes,No,No,No,Yes,Month-to-month,Yes,Credit card (automatic),85.05,999.8,0
8070-AAWZP,Male,Yes,Yes,No,24,No,No,DSL,No,No,Yes,Yes,No,No,Month-to-month,No,Mailed check,34.25,828.2,0
4468-KAZHE,Female,Yes,Yes,No,20,Yes,No,DSL,No,Yes,No,No,No,Yes,Month-to-month,Yes,Electronic check,60.0,1259.35,0
9018-PCIOK,Female,No,No,No,55,Yes,No,DSL,No,Yes,Yes,No,No,Yes,Two year,Yes,Mailed check,64.75,3617.1,0
4139-JPIAM,Male,No,No,No,51,No,No,DSL,Yes,No,No,Yes,No,Yes,Month-to-month,Yes,Credit card (automatic),44.45,2181.55,0
1399-UBQIU,Male,No,No,No,11,Yes,No,DSL,No,No,Yes,No,Yes,Yes,Month-to-month,Yes,Electronic check,69.35,712.25,0
8695-ARGXZ,Male,Yes,Yes,No,34,Yes,Yes,Fiber optic,No,No,No,No,No,No,Month-to-month,Yes,Electronic check,75.55,2425.4,0
5232-NXPAY,Female,No,No,No,47,Yes,No,DSL,No,No,Yes,Yes,Yes,Yes,Two year,No,Mailed check,74.45,3510.3,0
8963-JLGJT,Male,No,No,Yes,3,Yes,No,DSL,Yes,No,Yes,No,No,No,Month-to-month,No,Mailed check,55.9,157.55,0
2961-VNFKL,Female,No,Yes,No,71,Yes,Yes,No,No,No,No,No,No,No,Two year,Yes,Credit card (automatic),25.95,1801.9,0
8198-RKSZG,Female,No,Yes,Yes,14,Yes,Yes,DSL,No,Yes,No,Yes,Yes,Yes,Month-to-month,No,Credit card (automatic),80.45,1137.05,0
4079-ULGFR,Male,No,No,No,16,Yes,No,No,No,No,No,No,No,No,Month-to-month,No,Mailed check,20.0,275.7,0
1218-VKFPE,Female,No,Yes,Yes,12,Yes,No,No,No,No,No,No,No,No,Month-to-month,No,Mailed check,19.0,233.55,1
9227-YBAXE,Female,No,Yes,Yes,65,Yes,Yes,DSL,Yes,Yes,No,Yes,Yes,Yes,Two year,Yes,Bank transfer (automatic),82.5,5215.1,0
3709-OIJEA,Male,No,No,No,26,Yes,No,Fiber optic,No,Yes,Yes,Yes,No,No,One year,Yes,Electronic check,85.2,2184.6,0
5281-BUZGT,Male,Yes,No,No,36,Yes,Yes,Fiber optic,Yes,No,No,No,Yes,No,Month-to-month,Yes,Electronic check,90.85,3186.7,1
1337-BOZWO,Male,No,Yes,Yes,18,No,No,DSL,No,Yes,Yes,No,Yes,No,One year,No,Credit card (automatic),46.4,812.4,0
4074-SJFFA,Female,No,No,No,1,Yes,No,DSL,No,No,No,No,No,Yes,Month-to-month,Yes,Mailed check,54.75,54.75,1
0206-OYVOC,Female,No,Yes,Yes,46,Yes,No,No,No,No,No,No,No,No,Two year,Yes,Mailed check,19.25,864.2,0
0428-AXXLJ,Male,No,No,No,25,Yes,No,No,No,No,No,No,No,No,One year,Yes,Bank transfer (automatic),19.5,516.3,0
6818-WOBHJ,Female,Yes,Yes,No,68,Yes,Yes,Fiber optic,No,Yes,No,No,No,Yes,Month-to-month,Yes,Bank transfer (automatic),89.6,6127.6,1
0843-WTBXE,Male,No,No,No,53,Yes,Yes,Fiber optic,No,No,No,No,Yes,No,Month-to-month,No,Bank transfer (automatic),85.45,4517.25,1
1608-GMEWB,Male,Yes,No,No,45,Yes,Yes,Fiber optic,No,No,No,No,Yes,Yes,Month-to-month,Yes,Bank transfer (automatic),93.9,4200.25,0
2311-QYMUQ,Female,No,Yes,Yes,16,Yes,No,Fiber optic,No,Yes,Yes,No,Yes,No,Month-to-month,Yes,Credit card (automatic),89.45,1430.25,1
3795-GWTRD,Female,No,Yes,Yes,63,Yes,No,DSL,Yes,Yes,Yes,Yes,Yes,No,Two year,No,Credit card (automatic),75.55,4707.85,0
2155-AMQRX,Female,No,No,No,28,Yes,Yes,DSL,No,No,No,Yes,No,No,Month-to-month,Yes,Credit card (automatic),54.9,1505.15,0
6645-MXQJT,Male,No,Yes,Yes,2,Yes,No,Fiber optic,Yes,No,No,No,Yes,Yes,Month-to-month,No,Electronic check,97.1,184.15,0
0825-CPPQH,Female,No,Yes,No,71,Yes,No,No,No,No,No,No,No,No,Two year,No,Credit card (automatic),19.1,1372.45,0
2273-QCKXA,Male,No,No,No,1,Yes,No,DSL,No,No,No,Yes,No,No,Month-to-month,No,Mailed check,49.05,49.05,0
3474-BAFSJ,Male,No,Yes,No,57,No,No,DSL,No,Yes,Yes,Yes,Yes,Yes,Two year,Yes,Bank transfer (automatic),57.5,3265.95,0
9361-YNQWJ,Female,No,No,No,64,Yes,Yes,No,No,No,No,No,No,No,One year,Yes,Bank transfer (automatic),24.4,1601.2,0
8467-WYNSR,Male,No,No,No,22,Yes,No,DSL,Yes,No,No,Yes,No,No,Month-to-month,No,Mailed check,55.1,1253.15,0
6096-EGVTU,Female,No,Yes,Yes,64,Yes,Yes,No,No,No,No,No,No,No,One year,No,Mailed check,24.9,1595.5,0
4607-CHPCA,Male,No,Yes,Yes,25,Yes,No,Fiber optic,No,No,No,No,Yes,Yes,One year,Yes,Electronic check,90.4,2178.6,1
4547-FZJWE,Male,No,Yes,Yes,55,Yes,No,DSL,Yes,No,No,No,No,Yes,One year,No,Credit card (automatic),59.45,3157.0,0
8969-PRHFK,Male,No,No,No,18,Yes,No,No,No,No,No,No,No,No,One year,No,Mailed check,19.65,411.25,0
5294-IMHHT,Male,No,Yes,No,53,Yes,Yes,Fiber optic,No,Yes,No,Yes,No,Yes,One year,No,Bank transfer (automatic),97.75,5043.2,0
6366-XIVKZ,Female,No,Yes,Yes,13,Yes,No,DSL,Yes,No,Yes,No,No,Yes,Month-to-month,Yes,Mailed check,63.15,816.8,0
1251-STYSZ,Female,Yes,No,No,4,Yes,Yes,Fiber optic,Yes,No,No,No,No,No,Month-to-month,Yes,Electronic check,80.25,303.7,0
8824-RWFXJ,Male,No,Yes,Yes,3,Yes,No,DSL,No,Yes,Yes,No,No,No,Month-to-month,Yes,Mailed check,56.15,168.15,1
6114-TCFID,Female,No,No,No,29,No,No,DSL,Yes,Yes,No,Yes,No,No,One year,No,Credit card (automatic),39.5,1082.75,0
0390-DCFDQ,Female,Yes,Yes,No,1,Yes,No,Fiber optic,No,No,No,No,No,No,Month-to-month,Yes,Mailed check,70.45,70.45,1
6752-APNJL,Male,No,Yes,Yes,42,Yes,No,DSL,Yes,Yes,No,No,No,No,Month-to-month,No,Mailed check,54.5,2301.15,0
1704-NRWYE,Female,Yes,No,No,9,Yes,No,Fiber optic,No,No,No,No,Yes,No,Month-to-month,Yes,Electronic check,80.85,751.65,1
8950-MTZNV,Male,No,No,No,1,Yes,No,DSL,No,No,No,No,No,No,Month-to-month,Yes,Mailed check,44.95,44.95,0
0655-YDGFJ,Male,No,No,No,29,Yes,No,DSL,No,No,Yes,No,No,No,Month-to-month,No,Bank transfer (automatic),48.95,1323.7,0
5159-YFPKQ,Female,No,No,No,2,Yes,No,Fiber optic,No,No,Yes,No,No,No,Month-to-month,Yes,Electronic check,75.8,160.75,1
8474-UMLNT,Female,No,No,No,13,Yes,No,DSL,Yes,Yes,No,Yes,No,Yes,Month-to-month,No,Bank transfer (automatic),67.8,842.25,0
9931-DCEZH,Male,No,No,Yes,28,Yes,No,DSL,No,Yes,No,Yes,No,No,One year,Yes,Credit card (automatic),54.4,1516.6,0
7030-NJVDP,Male,No,Yes,No,24,Yes,No,Fiber optic,Yes,No,No,Yes,No,Yes,Month-to-month,Yes,Electronic check,89.25,2210.2,0
7714-YXSMB,Female,No,No,No,26,Yes,Yes,Fiber optic,No,No,Yes,No,Yes,Yes,Month-to-month,Yes,Bank transfer (automatic),100.5,2599.95,0
2916-BQZLN,Male,No,No,No,19,Yes,Yes,Fiber optic,Yes,No,Yes,No,No,No,Month-to-month,Yes,Electronic check,84.75,1651.95,0
8277-RVRSV,Female,No,Yes,Yes,33,Yes,Yes,No,No,No,No,No,No,No,One year,No,Credit card (automatic),24.15,800.3,0
0022-TCJCI,Male,Yes,No,No,45,Yes,No,DSL,Yes,No,Yes,No,No,Yes,One year,No,Credit card (automatic),62.7,2791.5,1
4806-HIPDW,Female,No,Yes,No,1,Yes,No,Fiber optic,No,No,No,No,No,No,Month-to-month,Yes,Electronic check,68.95,68.95,1
3796-ENZGF,Male,No,Yes,No,63,Yes,Yes,DSL,No,Yes,No,Yes,No,Yes,Two year,No,Mailed check,67.25,4234.15,0
1394-SUIUH,Female,Yes,Yes,No,44,Yes,No,Fiber optic,Yes,Yes,No,Yes,No,No,Month-to-month,Yes,Electronic check,85.15,3670.5,0
1478-VPOAD,Female,No,No,No,1,Yes,No,DSL,No,No,No,No,No,No,Month-to-month,No,Electronic check,43.8,43.8,0
0265-PSUAE,Female,No,Yes,Yes,16,Yes,No,Fiber optic,Yes,No,Yes,No,Yes,Yes,Month-to-month,No,Bank transfer (automatic),100.7,1522.7,0
1576-PFZIW,Male,Yes,Yes,No,70,Yes,No,Fiber optic,Yes,Yes,Yes,No,Yes,Yes,Two year,No,Credit card (automatic),105.35,7511.9,0
5872-OEQNH,Female,No,No,No,60,No,No,DSL,Yes,No,Yes,No,No,Yes,One year,Yes,Electronic check,44.45,2773.9,0
0568-ONFPC,Male,No,Yes,Yes,5,Yes,Yes,No,No,No,No,No,No,No,Month-to-month,Yes,Bank transfer (automatic),25.9,135.0,1
0750-EBAIU,Male,No,No,No,52,Yes,No,Fiber optic,Yes,No,Yes,No,Yes,No,One year,No,Electronic check,91.25,4738.3,0
9705-IOVQQ,Male,Yes,Yes,Yes,61,Yes,Yes,Fiber optic,No,Yes,No,No,Yes,Yes,One year,No,Electronic check,99.0,5969.3,0
6424-ELEYH,Female,No,Yes,No,3,Yes,Yes,Fiber optic,No,No,No,No,No,No,Month-to-month,Yes,Credit card (automatic),74.75,229.5,1
6296-DDOOR,Female,No,No,No,19,Yes,No,DSL,No,Yes,No,No,Yes,No,One year,No,Electronic check,58.2,1045.25,0
3938-YFPXD,Male,No,No,No,72,Yes,Yes,DSL,Yes,No,Yes,Yes,Yes,Yes,Two year,No,Credit card (automatic),84.3,5997.1,0
8374-UULRV,Male,No,No,No,72,Yes,Yes,DSL,Yes,Yes,No,Yes,Yes,Yes,Two year,No,Credit card (automatic),86.05,6309.65,0
5299-RULOA,Female,No,Yes,Yes,10,Yes,Yes,Fiber optic,Yes,No,No,No,Yes,Yes,Month-to-month,Yes,Electronic check,100.25,1064.65,1
3392-EHMNK,Female,No,Yes,Yes,67,Yes,Yes,Fiber optic,No,Yes,No,Yes,Yes,No,Two year,No,Credit card (automatic),94.1,6302.8,0
5317-FLPJF,Female,No,No,No,66,No,No,DSL,Yes,No,Yes,Yes,Yes,Yes,Two year,Yes,Bank transfer (automatic),61.35,4193.4,0
1977-STDKI,Female,Yes,No,No,1,Yes,No,Fiber optic,No,Yes,No,No,No,No,Month-to-month,Yes,Electronic check,73.0,73.0,1
4979-HPRFL,Male,No,Yes,Yes,56,Yes,Yes,No,No,No,No,No,No,No,Two year,No,Bank transfer (automatic),24.15,1402.25,0
1904-WAJAA,Female,No,Yes,Yes,24,Yes,Yes,DSL,Yes,Yes,Yes,No,No,No,Two year,No,Electronic check,64.35,1558.65,0
5440-VHLUL,Male,No,No,No,69,Yes,Yes,Fiber optic,No,Yes,No,Yes,Yes,Yes,One year,Yes,Bank transfer (automatic),105.2,7386.05,0
6168-YBYNP,Male,No,No,No,59,Yes,Yes,Fiber optic,No,Yes,Yes,Yes,Yes,Yes,Month-to-month,Yes,Electronic check,111.35,6519.75,0
7014-ZZXAW,Female,No,Yes,No,71,Yes,Yes,No,No,No,No,No,No,No,Two year,Yes,Credit card (automatic),24.25,1732.95,0
3345-PBBFH,Male,No,Yes,No,8,Yes,No,DSL,No,Yes,No,No,No,No,Month-to-month,Yes,Bank transfer (automatic),49.55,393.45,0
2754-XBHTB,Female,No,No,No,9,Yes,No,Fiber optic,No,No,No,No,Yes,No,Month-to-month,Yes,Bank transfer (automatic),77.65,714.15,1
0577-WHMEV,Female,No,Yes,No,16,Yes,Yes,Fiber optic,Yes,Yes,Yes,No,No,No,Month-to-month,No,Electronic check,90.7,1374.9,0
6357-JJPQT,Female,No,No,No,3,Yes,No,Fiber optic,No,No,No,No,Yes,No,Month-to-month,Yes,Electronic check,80.5,232.35,0
1872-EBWSC,Female,No,No,No,29,Yes,No,No,No,No,No,No,No,No,One year,No,Mailed check,20.35,617.35,0
8046-DNVTL,Male,No,Yes,No,62,No,No,DSL,Yes,Yes,No,Yes,No,No,Two year,Yes,Credit card (automatic),38.6,2345.55,0
1501-SGHBW,Male,No,No,No,2,Yes,No,DSL,No,No,No,No,No,No,Month-to-month,No,Mailed check,45.85,81.0,1
5307-UVGNB,Female,No,Yes,Yes,53,No,No,DSL,Yes,Yes,Yes,No,No,Yes,Month-to-month,Yes,Bank transfer (automatic),48.7,2495.2,0
0048-LUMLS,Male,No,Yes,Yes,37,Yes,No,Fiber optic,No,No,No,No,Yes,Yes,One year,No,Credit card (automatic),91.2,3247.55,0
0541-FITGH,Female,No,Yes,No,2,Yes,No,DSL,Yes,No,No,No,No,Yes,Month-to-month,Yes,Mailed check,62.15,113.1,0
6234-RAAPL,Female,No,Yes,Yes,72,Yes,Yes,Fiber optic,Yes,Yes,No,Yes,Yes,No,Two year,No,Bank transfer (automatic),99.9,7251.7,0
5651-YLPRD,Female,No,Yes,Yes,32,Yes,No,Fiber optic,No,Yes,No,No,Yes,No,Month-to-month,Yes,Electronic check,86.1,2723.75,0
7572-KPVKK,Male,No,No,Yes,62,Yes,Yes,Fiber optic,No,No,Yes,Yes,Yes,Yes,Two year,Yes,Electronic check,104.05,6590.5,0
0722-TROQR,Female,Yes,No,No,4,Yes,Yes,Fiber optic,No,No,No,No,No,No,Month-to-month,Yes,Electronic check,74.9,321.75,1
4654-ULTTN,Male,No,Yes,No,70,Yes,Yes,DSL,Yes,No,Yes,Yes,No,Yes,Two year,Yes,Credit card (automatic),74.8,5315.8,0
3606-TWKGI,Male,Yes,No,No,13,Yes,Yes,Fiber optic,No,Yes,Yes,No,Yes,Yes,Month-to-month,Yes,Electronic check,106.9,1364.3,1
4304-TSPVK,Female,No,Yes,No,68,Yes,Yes,Fiber optic,Yes,Yes,Yes,Yes,Yes,Yes,Two year,No,Bank transfer (automatic),114.9,7843.55,0
4464-JCOLN,Male,No,Yes,Yes,2,Yes,No,No,No,No,No,No,No,No,One year,No,Mailed check,19.85,35.9,1
5609-CEBID,Female,Yes,No,No,20,Yes,Yes,Fiber optic,No,Yes,Yes,No,No,Yes,Month-to-month,Yes,Electronic check,94.1,1782.4,1
3223-WZWJM,Male,No,No,No,26,Yes,Yes,Fiber optic,No,No,No,No,No,Yes,Month-to-month,Yes,Electronic check,83.95,2254.2,1
0925-VYDLG,Female,No,No,No,3,Yes,Yes,Fiber optic,No,No,No,No,No,No,Month-to-month,No,Electronic check,75.25,242.0,1
4109-CYRBD,Male,Yes,Yes,No,29,Yes,Yes,DSL,No,No,No,No,No,No,Month-to-month,Yes,Electronic check,51.6,1442.0,0
2830-LEWOA,Male,No,Yes,Yes,61,Yes,No,Fiber optic,No,Yes,Yes,Yes,Yes,Yes,One year,No,Credit card (automatic),103.9,6449.15,0
6900-PXRMS,Male,Yes,Yes,Yes,26,Yes,Yes,Fiber optic,No,Yes,Yes,No,Yes,Yes,Month-to-month,No,Electronic check,105.75,2710.25,1
5816-JMLGY,Female,No,Yes,Yes,70,Yes,No,DSL,No,Yes,Yes,Yes,Yes,Yes,Two year,Yes,Bank transfer (automatic),80.4,5717.85,0
5575-TPIZQ,Male,No,No,No,46,Yes,Yes,Fiber optic,Yes,No,No,No,Yes,No,Month-to-month,Yes,Credit card (automatic),89.15,4245.55,0
0634-SZPQA,Female,No,No,No,23,Yes,Yes,Fiber optic,Yes,No,No,No,Yes,No,Month-to-month,Yes,Bank transfer (automatic),90.05,2169.8,1
1213-NGCUN,Female,No,No,No,6,Yes,No,DSL,No,No,No,Yes,No,No,Month-to-month,Yes,Bank transfer (automatic),49.65,267.35,1
6439-LAJXL,Male,No,Yes,No,9,Yes,No,DSL,Yes,Yes,No,Yes,Yes,No,Month-to-month,Yes,Mailed check,68.95,593.85,0
1985-MBRYP,Female,No,No,No,43,Yes,No,No,No,No,No,No,No,No,Two year,Yes,Bank transfer (automatic),19.65,779.25,0
0017-IUDMW,Female,No,Yes,Yes,72,Yes,Yes,Fiber optic,Yes,Yes,Yes,Yes,Yes,Yes,Two year,Yes,Credit card (automatic),116.8,8456.75,0
8035-BUYVG,Male,No,Yes,No,40,No,No,DSL,Yes,Yes,Yes,No,No,No,One year,Yes,Electronic check,42.35,1716.45,1
4193-IBKSW,Male,No,Yes,Yes,72,Yes,Yes,No,No,No,No,No,No,No,Two year,No,Bank transfer (automatic),24.75,1769.6,0
9500-IWPXQ,Female,No,Yes,Yes,61,Yes,Yes,DSL,Yes,Yes,Yes,Yes,No,Yes,One year,Yes,Electronic check,79.4,4820.55,0
6563-VNPMN,Female,Yes,No,No,45,Yes,No,Fiber optic,Yes,Yes,No,Yes,No,No,Month-to-month,Yes,Bank transfer (automatic),85.7,3778.1,0
4139-SUGLD,Male,No,Yes,Yes,31,No,No,DSL,Yes,No,No,Yes,No,No,Month-to-month,No,Bank transfer (automatic),35.4,1077.5,1
5777-ZPQNC,Female,No,No,No,12,Yes,No,No,No,No,No,No,No,No,One year,No,Electronic check,20.15,260.7,0
5022-JNQEQ,Female,No,Yes,Yes,9,Yes,No,Fiber optic,No,No,No,Yes,No,No,Month-to-month,Yes,Electronic check,75.85,647.5,0
3518-FSTWG,Male,Yes,Yes,No,72,Yes,Yes,Fiber optic,Yes,Yes,Yes,No,Yes,Yes,Two year,Yes,Bank transfer (automatic),109.55,7920.7,0
9489-UTFKA,Male,Yes,Yes,No,8,Yes,No,DSL,Yes,No,No,No,Yes,No,Month-to-month,No,Bank transfer (automatic),60.9,551.95,0
9107-UKCKY,Male,No,Yes,No,61,Yes,Yes,DSL,No,Yes,Yes,No,Yes,Yes,One year,Yes,Electronic check,79.8,4914.8,0
1642-HMARX,Female,No,Yes,No,68,Yes,Yes,DSL,Yes,Yes,Yes,Yes,Yes,Yes,Two year,Yes,Electronic check,91.7,6424.7,0
7321-ZNSLA,Male,No,Yes,Yes,13,No,No,DSL,Yes,Yes,No,Yes,No,No,Two year,No,Mailed check,40.55,590.35,0
9761-XUJWD,Male,No,No,No,5,Yes,No,DSL,No,Yes,No,Yes,No,Yes,Month-to-month,Yes,Bank transfer (automatic),65.6,339.9,0
4726-DLWQN,Male,Yes,No,No,50,Yes,Yes,DSL,Yes,Yes,No,No,Yes,No,Month-to-month,Yes,Bank transfer (automatic),70.35,3454.6,0
7083-YNSKY,Female,No,No,No,15,Yes,Yes,No,No,No,No,No,No,No,Month-to-month,Yes,Credit card (automatic),25.4,399.6,1
7729-XBTWX,Male,No,Yes,Yes,66,Yes,No,No,No,No,No,No,No,No,Two year,Yes,Mailed check,19.75,1344.5,0
2519-ERQOJ,Male,Yes,No,No,33,No,No,DSL,No,No,Yes,Yes,Yes,Yes,Month-to-month,Yes,Electronic check,54.6,1803.7,0
8819-ZBYNA,Female,No,Yes,No,58,Yes,Yes,Fiber optic,Yes,Yes,No,Yes,Yes,Yes,Two year,Yes,Credit card (automatic),109.1,6393.65,0
2676-OXPPQ,Male,No,No,No,6,Yes,No,DSL,Yes,Yes,No,No,No,No,Month-to-month,Yes,Bank transfer (automatic),55.7,335.65,0
4803-AXVYP,Female,Yes,No,No,38,Yes,Yes,Fiber optic,No,No,No,Yes,Yes,Yes,Month-to-month,Yes,Electronic check,99.55,3734.25,1
7762-URZQH,Male,No,Yes,No,66,Yes,Yes,Fiber optic,Yes,No,Yes,No,Yes,Yes,Two year,Yes,Credit card (automatic),106.05,6981.35,1
4188-FRABG,Male,No,Yes,No,57,Yes,Yes,Fiber optic,Yes,Yes,Yes,Yes,Yes,No,Month-to-month,Yes,Electronic check,103.05,5925.75,0
1090-PYKCI,Female,No,Yes,Yes,69,Yes,Yes,Fiber optic,Yes,Yes,Yes,Yes,Yes,No,One year,Yes,Credit card (automatic),105.1,7234.8,0
4116-IQRFR,Male,No,Yes,Yes,4,Yes,Yes,No,No,No,No,No,No,No,One year,No,Credit card (automatic),24.1,73.1,0
7054-LGEQW,Female,No,No,No,1,Yes,No,DSL,No,No,No,No,No,No,Month-to-month,No,Mailed check,45.95,45.95,1
5712-PTIWW,Male,No,No,No,2,Yes,No,Fiber optic,No,No,Yes,Yes,No,No,Month-to-month,Yes,Electronic check,79.85,152.45,1
6595-COKXZ,Female,No,No,No,1,Yes,No,DSL,No,No,No,No,No,No,Month-to-month,Yes,Mailed check,44.45,44.45,1
5067-WJEUN,Male,No,Yes,Yes,67,Yes,No,DSL,Yes,Yes,No,No,No,No,Two year,Yes,Bank transfer (automatic),54.2,3838.2,0
8993-PHFWD,Female,No,No,No,3,No,No,DSL,No,No,No,No,No,No,Month-to-month,No,Electronic check,25.25,58.9,1
2675-DHUTR,Male,Yes,Yes,No,58,Yes,Yes,Fiber optic,No,Yes,No,No,Yes,Yes,Month-to-month,Yes,Electronic check,98.9,5780.7,0
1194-SPVSP,Male,No,No,No,1,Yes,No,No,No,No,No,No,No,No,Month-to-month,No,Bank transfer (automatic),19.65,19.65,0
6693-FRIRW,Male,No,No,No,18,Yes,No,Fiber optic,No,Yes,Yes,No,Yes,Yes,Month-to-month,No,Credit card (automatic),101.3,1794.65,0
5614-DNZCE,Female,No,No,No,58,Yes,No,DSL,Yes,Yes,Yes,Yes,No,No,Two year,Yes,Credit card (automatic),64.9,3795.45,0
0690-SRQID,Male,No,No,No,4,Yes,No,No,No,No,No,No,No,No,Month-to-month,Yes,Mailed check,19.65,67.55,0
6180-YBIQI,Male,No,No,No,5,No,No,DSL,No,No,No,No,No,No,Month-to-month,No,Mailed check,24.3,100.2,0
3604-WLABM,Female,No,No,No,10,Yes,No,DSL,No,No,Yes,Yes,No,No,Month-to-month,No,Electronic check,54.25,583.0,0
5616-PRTNT,Male,No,No,Yes,20,Yes,No,No,No,No,No,No,No,No,Month-to-month,Yes,Electronic check,19.4,374.5,1
4322-RCYMT,Male,No,Yes,Yes,68,Yes,Yes,DSL,No,Yes,Yes,Yes,No,Yes,One year,Yes,Bank transfer (automatic),75.8,5293.95,1
1135-LMECX,Female,No,No,No,1,Yes,No,No,No,No,No,No,No,No,Month-to-month,No,Mailed check,19.85,19.85,0
1471-GIQKQ,Female,No,No,No,1,Yes,No,DSL,No,Yes,No,No,No,No,Month-to-month,No,Electronic check,49.95,49.95,0
1270-XKUCC,Female,No,Yes,Yes,30,Yes,No,No,No,No,No,No,No,No,Two year,No,Mailed check,19.7,599.25,0
3927-NLNRY,Male,No,Yes,No,53,Yes,No,Fiber optic,No,Yes,No,No,Yes,Yes,One year,Yes,Bank transfer (automatic),94.25,4867.95,1
0839-QNXME,Female,No,No,No,30,Yes,No,No,No,No,No,No,No,No,Two year,No,Credit card (automatic),19.4,578.5,0
6892-BOGQE,Female,No,Yes,No,71,Yes,No,No,No,No,No,No,No,No,Two year,Yes,Bank transfer (automatic),20.9,1493.2,0
2372-HWUHI,Male,No,No,No,2,Yes,No,DSL,No,No,No,No,No,No,Month-to-month,No,Electronic check,44.35,81.25,1
3417-TSCIC,Male,No,No,No,29,No,No,DSL,No,No,No,No,No,No,One year,Yes,Mailed check,24.85,788.05,0
2225-ZRGSG,Female,No,Yes,Yes,70,Yes,Yes,Fiber optic,Yes,Yes,Yes,Yes,No,No,Two year,No,Bank transfer (automatic),93.9,6579.05,1
8570-KLJYJ,Female,No,No,No,36,Yes,Yes,DSL,Yes,No,No,No,No,No,One year,No,Mailed check,54.45,1893.5,0
7971-HLVXI,Male,No,Yes,Yes,72,Yes,Yes,Fiber optic,No,No,No,No,No,Yes,Two year,Yes,Credit card (automatic),84.5,6130.85,0
7766-CLTIC,Female,No,No,No,10,Yes,No,DSL,No,No,No,Yes,No,Yes,Month-to-month,Yes,Mailed check,60.95,629.55,0
2176-OSJUV,Male,No,Yes,No,71,Yes,Yes,DSL,Yes,Yes,No,Yes,No,No,Two year,No,Bank transfer (automatic),65.15,4681.75,0
9862-KJTYK,Male,No,No,Yes,19,No,No,DSL,No,No,No,No,No,No,Month-to-month,Yes,Credit card (automatic),25.35,566.1,0
9513-DXHDA,Male,No,No,No,27,Yes,No,DSL,Yes,No,Yes,Yes,Yes,Yes,One year,No,Electronic check,81.7,2212.55,0
4526-RMTLL,Male,No,Yes,Yes,8,Yes,Yes,DSL,Yes,Yes,No,Yes,No,Yes,Two year,Yes,Credit card (automatic),76.15,645.8,0
2890-WFBHU,Female,No,No,No,59,Yes,Yes,DSL,Yes,Yes,Yes,Yes,No,Yes,One year,No,Credit card (automatic),79.85,4786.1,0
2887-JPYLU,Female,No,No,Yes,41,Yes,No,DSL,No,No,No,No,No,No,Month-to-month,No,Bank transfer (automatic),45.2,1841.9,0
4007-NHVHI,Female,Yes,No,No,56,Yes,Yes,Fiber optic,Yes,Yes,No,No,No,Yes,Month-to-month,Yes,Electronic check,96.85,5219.65,0
5451-MHQOF,Male,No,Yes,Yes,56,Yes,Yes,No,No,No,No,No,No,No,One year,Yes,Mailed check,24.45,1431.65,0
2001-MCUUW,Male,No,No,No,46,Yes,Yes,Fiber optic,No,Yes,Yes,Yes,Yes,Yes,Two year,No,Electronic check,108.65,4903.2,0
3148-AOIQT,Female,No,Yes,No,69,Yes,Yes,No,No,No,No,No,No,No,Two year,Yes,Credit card (automatic),24.95,1718.35,0
7682-AZNDK,Male,No,Yes,Yes,34,Yes,No,Fiber optic,No,Yes,Yes,No,Yes,No,Month-to-month,Yes,Electronic check,89.85,3091.75,0
3982-JGSFD,Male,No,No,No,36,Yes,No,No,No,No,No,No,No,No,One year,Yes,Credit card (automatic),20.35,695.85,0
2580-ATZSQ,Female,No,Yes,Yes,65,Yes,No,DSL,Yes,Yes,Yes,No,No,No,One year,No,Bank transfer (automatic),61.35,3874.1,0
5759-RCVCB,Female,No,No,No,3,No,No,DSL,No,No,No,No,Yes,No,Month-to-month,No,Credit card (automatic),35.2,108.95,1
3753-TSEMP,Female,No,Yes,No,15,Yes,No,Fiber optic,No,No,No,No,Yes,Yes,Month-to-month,No,Electronic check,88.15,1390.6,1
5141-ZUVBH,Female,No,No,Yes,9,Yes,No,Fiber optic,Yes,No,Yes,Yes,No,Yes,Month-to-month,No,Bank transfer (automatic),93.0,870.25,0
8727-XDPUD,Male,No,No,No,37,No,No,DSL,No,No,No,No,Yes,No,Two year,No,Credit card (automatic),35.8,1316.9,0
3399-BMLVW,Male,No,Yes,Yes,51,Yes,No,DSL,Yes,Yes,No,Yes,No,No,Two year,No,Credit card (automatic),60.5,3121.45,0
2101-RANCD,Female,No,No,No,55,Yes,Yes,Fiber optic,No,No,No,No,No,No,Month-to-month,Yes,Electronic check,73.1,4144.9,0
5373-SFODM,Male,Yes,Yes,No,36,Yes,Yes,Fiber optic,No,No,No,No,No,Yes,Month-to-month,Yes,Credit card (automatic),85.25,3132.75,1
9675-ICXCT,Male,No,Yes,Yes,72,Yes,No,DSL,Yes,No,Yes,Yes,Yes,Yes,Two year,Yes,Electronic check,80.8,5728.55,0
7825-GKXMW,Female,No,No,No,1,Yes,No,DSL,No,No,No,No,No,No,Month-to-month,No,Electronic check,45.8,45.8,1
1666-JZPZT,Male,No,No,No,27,Yes,Yes,DSL,No,No,No,No,No,No,Month-to-month,No,Mailed check,49.0,1291.35,0
8111-BKVDS,Female,No,No,No,10,No,No,DSL,Yes,Yes,Yes,No,No,No,Month-to-month,No,Bank transfer (automatic),40.7,449.3,0
5829-NVSQN,Female,No,Yes,No,23,Yes,No,DSL,Yes,No,Yes,Yes,No,Yes,One year,Yes,Bank transfer (automatic),68.75,1689.45,0
0754-EEBDC,Male,No,Yes,Yes,4,Yes,No,No,No,No,No,No,No,No,Two year,No,Mailed check,19.9,76.65,0
1448-CYWKC,Female,No,Yes,Yes,58,Yes,Yes,Fiber optic,No,Yes,Yes,No,Yes,Yes,One year,Yes,Credit card (automatic),105.2,6225.4,0
1866-NXPSP,Female,No,No,No,36,Yes,No,DSL,Yes,Yes,Yes,Yes,No,Yes,One year,Yes,Mailed check,75.55,2680.15,0
3913-FCUUW,Female,No,Yes,Yes,72,Yes,Yes,DSL,Yes,Yes,Yes,Yes,No,No,Two year,Yes,Bank transfer (automatic),70.45,5165.7,0
1116-FRYVH,Female,No,Yes,Yes,48,No,No,DSL,Yes,Yes,No,Yes,No,No,Two year,No,Mailed check,39.4,1978.65,0
6734-PSBAW,Male,No,Yes,No,72,Yes,Yes,No,No,No,No,No,No,No,Two year,Yes,Bank transfer (automatic),23.55,1723.95,0
1867-TJHTS,Female,No,No,No,58,Yes,Yes,Fiber optic,Yes,No,No,No,No,No,Month-to-month,Yes,Bank transfer (automatic),79.8,4526.85,0
0868-VJRDR,Male,No,Yes,No,64,Yes,No,Fiber optic,Yes,Yes,No,Yes,Yes,Yes,Two year,Yes,Credit card (automatic),104.05,6605.55,0
6029-WTIPC,Male,Yes,No,No,37,Yes,Yes,Fiber optic,No,No,Yes,No,Yes,Yes,Month-to-month,Yes,Electronic check,101.1,3744.05,1
1051-GEJLJ,Female,No,No,No,2,Yes,No,No,No,No,No,No,No,No,Month-to-month,No,Mailed check,19.5,27.55,0
6345-HOVES,Male,No,No,No,34,No,No,DSL,No,No,No,No,No,No,Month-to-month,Yes,Bank transfer (automatic),25.05,852.7,0
3001-UNBTL,Male,Yes,Yes,Yes,29,Yes,Yes,Fiber optic,No,No,Yes,No,Yes,Yes,Month-to-month,Yes,Electronic check,103.95,2964.8,0
9819-FBNSV,Male,Yes,Yes,No,37,Yes,No,Fiber optic,No,No,No,No,No,No,Month-to-month,Yes,Bank transfer (automatic),72.25,2575.45,0
4913-EHYUI,Male,Yes,Yes,Yes,56,Yes,Yes,Fiber optic,Yes,No,Yes,No,Yes,Yes,One year,Yes,Bank transfer (automatic),104.55,5794.65,1
1597-LHYNC,Female,Yes,No,No,26,Yes,Yes,Fiber optic,Yes,Yes,No,No,No,Yes,Month-to-month,Yes,Electronic check,95.0,2497.2,1
6100-QQHEB,Male,No,Yes,Yes,17,Yes,Yes,Fiber optic,No,No,No,No,Yes,Yes,Month-to-month,Yes,Electronic check,92.55,1515.1,1
3259-FDWOY,Male,No,Yes,Yes,71,Yes,Yes,Fiber optic,No,Yes,Yes,No,Yes,Yes,Two year,Yes,Bank transfer (automatic),106.0,7723.7,1
5871-DGTXZ,Male,No,No,No,32,Yes,No,No,No,No,No,No,No,No,One year,No,Mailed check,19.8,607.7,0
4295-YURET,Female,Yes,Yes,Yes,56,Yes,No,DSL,Yes,No,No,Yes,Yes,Yes,Two year,Yes,Credit card (automatic),72.6,4084.35,0
4140-MUHUG,Female,Yes,No,No,3,Yes,No,Fiber optic,No,No,Yes,No,Yes,No,Month-to-month,Yes,Electronic check,86.85,220.95,1
7508-DQAKK,Female,No,No,No,64,Yes,Yes,DSL,Yes,Yes,Yes,Yes,Yes,Yes,Two year,Yes,Credit card (automatic),86.4,5442.05,0
9912-GVSEQ,Female,Yes,Yes,No,26,Yes,Yes,Fiber optic,No,Yes,Yes,No,No,Yes,Month-to-month,Yes,Electronic check,93.85,2381.55,1
9229-RQABD,Male,No,No,No,18,Yes,Yes,No,No,No,No,No,No,No,One year,No,Mailed check,23.75,424.5,0
4525-VZCZG,Male,No,No,Yes,54,Yes,No,Fiber optic,Yes,Yes,No,Yes,Yes,Yes,One year,Yes,Electronic check,105.85,5826.65,0
2499-AJYUA,Female,Yes,Yes,No,72,Yes,Yes,Fiber optic,No,Yes,Yes,Yes,Yes,Yes,Two year,Yes,Credit card (automatic),110.8,7882.25,0
0678-RLHVP,Female,No,No,No,53,Yes,Yes,Fiber optic,No,Yes,Yes,No,Yes,Yes,Two year,No,Electronic check,105.55,5682.25,0
4195-NZGTA,Female,No,No,No,1,No,No,DSL,No,No,No,No,No,No,Month-to-month,No,Electronic check,25.25,25.25,0
4220-TINQT,Female,No,Yes,No,61,Yes,Yes,Fiber optic,No,No,Yes,Yes,Yes,Yes,Month-to-month,Yes,Electronic check,106.35,6751.35,0
3104-OWCGK,Male,No,Yes,Yes,60,Yes,No,Fiber optic,No,Yes,Yes,No,Yes,No,One year,No,Electronic check,90.95,5453.4,1
3022-BEXHZ,Male,No,Yes,Yes,67,Yes,Yes,Fiber optic,No,Yes,Yes,Yes,Yes,Yes,Two year,Yes,Bank transfer (automatic),111.2,7530.8,0
9139-WQQDY,Female,No,Yes,Yes,49,Yes,Yes,Fiber optic,No,Yes,No,No,Yes,Yes,One year,No,Mailed check,100.45,4941.8,1
4373-VVHQL,Male,No,No,No,1,Yes,No,DSL,No,No,No,No,No,No,Month-to-month,Yes,Electronic check,44.75,44.75,0
6202-JVYEU,Male,No,No,No,9,Yes,No,No,No,No,No,No,No,No,One year,Yes,Electronic check,19.9,164.6,0
2876-VBBBL,Female,No,No,No,1,Yes,No,No,No,No,No,No,No,No,Month-to-month,Yes,Mailed check,20.25,20.25,1
2739-CACDQ,Female,Yes,No,No,17,Yes,Yes,Fiber optic,No,No,Yes,No,No,No,Month-to-month,Yes,Credit card (automatic),82.65,1470.05,0
6229-UOLQL,Male,No,Yes,Yes,56,No,No,DSL,Yes,Yes,No,Yes,Yes,No,One year,Yes,Mailed check,52.0,2884.9,0
9873-MNDKV,Female,No,No,No,11,Yes,No,DSL,No,No,No,No,No,No,Month-to-month,Yes,Mailed check,44.65,472.25,0
2882-DDZPG,Female,No,No,No,12,Yes,No,No,No,No,No,No,No,No,Month-to-month,No,Bank transfer (automatic),19.45,227.45,0
1442-OKRJE,Male,No,Yes,Yes,66,Yes,No,Fiber optic,Yes,Yes,Yes,No,Yes,Yes,One year,Yes,Bank transfer (automatic),103.15,7031.3,0
1557-EMYVT,Female,No,No,No,43,Yes,Yes,Fiber optic,Yes,Yes,Yes,Yes,Yes,Yes,Two year,No,Credit card (automatic),115.05,4895.1,0
5696-JVVQY,Female,No,Yes,Yes,48,Yes,No,DSL,Yes,Yes,Yes,No,No,Yes,Two year,Yes,Credit card (automatic),70.1,3238.4,0
1925-LFCZZ,Male,Yes,No,No,55,No,No,DSL,No,No,Yes,No,Yes,Yes,One year,Yes,Bank transfer (automatic),50.05,2743.45,0
3750-RNQKR,Female,No,No,No,12,Yes,No,No,No,No,No,No,No,No,Month-to-month,No,Mailed check,19.45,246.25,0
4277-UDIEF,Male,No,Yes,Yes,24,Yes,Yes,DSL,Yes,No,No,Yes,Yes,Yes,Month-to-month,No,Bank transfer (automatic),81.0,1923.85,0
6194-HBGQN,Male,No,No,No,51,Yes,Yes,DSL,Yes,Yes,Yes,Yes,Yes,No,One year,Yes,Credit card (automatic),81.15,4126.2,0
5318-YKDPV,Male,No,Yes,Yes,43,Yes,No,DSL,Yes,No,Yes,Yes,Yes,Yes,Two year,Yes,Credit card (automatic),79.15,3566.6,0
5153-RTHKF,Female,No,No,No,34,Yes,Yes,Fiber optic,No,No,No,No,Yes,No,Month-to-month,No,Electronic check,85.35,2896.6,0
0128-MKWSG,Female,No,No,Yes,26,No,No,DSL,Yes,No,No,Yes,No,Yes,Month-to-month,No,Mailed check,45.8,1147.0,0
6313-GIDIT,Male,Yes,No,No,53,No,No,DSL,No,Yes,Yes,No,Yes,Yes,Month-to-month,Yes,Electronic check,54.45,2854.55,1
7926-IJOOU,Male,No,No,No,1,Yes,No,No,No,No,No,No,No,No,Month-to-month,No,Credit card (automatic),19.3,19.3,0
3006-XIMLN,Female,No,No,Yes,2,Yes,Yes,Fiber optic,No,No,No,No,Yes,Yes,Month-to-month,Yes,Bank transfer (automatic),94.2,193.8,1
6094-ZIVKX,Female,No,No,No,68,Yes,No,DSL,Yes,No,Yes,No,No,No,One year,Yes,Credit card (automatic),54.45,3674.95,0
8060-HIWJJ,Male,No,No,No,64,Yes,Yes,DSL,No,Yes,Yes,Yes,Yes,Yes,Two year,No,Credit card (automatic),86.55,5632.55,0
1226-JZNKR,Female,No,Yes,Yes,8,Yes,No,No,No,No,No,No,No,No,One year,No,Electronic check,19.8,160.05,0
6284-AHOOQ,Male,Yes,No,No,22,Yes,Yes,Fiber optic,No,No,No,Yes,Yes,No,Month-to-month,Yes,Bank transfer (automatic),90.5,1910.6,1
0263-FJTQO,Male,No,Yes,Yes,50,Yes,Yes,DSL,Yes,No,No,Yes,Yes,No,Two year,Yes,Credit card (automatic),70.5,3486.65,0
5726-CVNYA,Female,No,Yes,Yes,8,Yes,No,No,No,No,No,No,No,No,Two year,Yes,Mailed check,19.85,146.6,0
2725-KXXWT,Male,No,Yes,No,1,Yes,No,Fiber optic,No,No,No,No,Yes,Yes,Month-to-month,Yes,Electronic check,90.75,90.75,1
2192-CKRLV,Female,No,Yes,No,72,No,No,DSL,Yes,Yes,Yes,No,No,Yes,Two year,Yes,Electronic check,49.2,3580.95,0
5180-UCIIQ,Male,Yes,Yes,Yes,22,No,No,DSL,Yes,No,No,No,No,Yes,Month-to-month,No,Mailed check,40.05,880.2,1
2455-USLMV,Female,No,No,No,31,Yes,Yes,Fiber optic,Yes,No,Yes,No,No,No,Month-to-month,Yes,Credit card (automatic),84.75,2613.4,0
1104-FEJAM,Male,No,Yes,Yes,28,Yes,Yes,DSL,No,Yes,No,No,No,Yes,Month-to-month,No,Electronic check,64.4,1802.15,0
6630-UJZMY,Female,Yes,Yes,No,4,Yes,Yes,Fiber optic,No,No,No,No,Yes,No,Month-to-month,Yes,Electronic check,83.25,308.05,0
2267-WTPYD,Female,Yes,Yes,No,57,Yes,Yes,Fiber optic,No,Yes,Yes,No,No,Yes,Month-to-month,No,Credit card (automatic),94.0,5438.95,0
1830-GGFNM,Male,No,Yes,Yes,65,Yes,Yes,Fiber optic,Yes,Yes,Yes,Yes,No,No,Two year,No,Credit card (automatic),94.55,6078.75,0
0212-ISBBF,Female,No,No,No,22,No,No,DSL,No,Yes,No,No,Yes,Yes,Month-to-month,Yes,Electronic check,50.35,1098.85,0
1453-RZFON,Female,No,No,Yes,1,Yes,No,DSL,Yes,No,No,No,No,No,Month-to-month,No,Mailed check,49.9,49.9,0
5055-MGMGF,Female,No,Yes,No,65,Yes,Yes,Fiber optic,Yes,No,Yes,No,Yes,Yes,Month-to-month,Yes,Electronic check,105.05,6914.95,0
6127-IYJOZ,Male,Yes,No,No,1,Yes,No,DSL,No,No,No,No,No,No,Month-to-month,Yes,Mailed check,45.85,45.85,0
5366-OBVMR,Female,No,Yes,No,18,Yes,No,DSL,No,No,No,Yes,No,No,Month-to-month,Yes,Mailed check,50.3,908.75,0
8937-RDTHP,Male,No,No,No,1,Yes,No,Fiber optic,Yes,No,No,No,No,Yes,Month-to-month,Yes,Mailed check,84.6,84.6,1
4062-HBMOS,Male,No,No,No,52,Yes,Yes,Fiber optic,No,Yes,Yes,No,Yes,Yes,Month-to-month,Yes,Electronic check,103.05,5364.8,0
9644-UMGQA,Male,No,Yes,Yes,6,Yes,No,DSL,Yes,No,No,No,No,No,Month-to-month,Yes,Electronic check,49.15,295.65,0
2927-QRRQV,Male,No,Yes,No,46,Yes,Yes,Fiber optic,No,Yes,Yes,No,Yes,No,One year,Yes,Electronic check,94.65,4312.5,0
4415-WNGVR,Female,Yes,Yes,No,12,Yes,No,DSL,Yes,No,Yes,Yes,Yes,Yes,One year,Yes,Electronic check,79.2,943.85,0
8752-STIVR,Female,No,No,No,4,Yes,No,Fiber optic,No,No,No,No,Yes,No,Month-to-month,Yes,Electronic check,79.0,303.15,1
2957-LOLHO,Male,No,No,No,12,Yes,No,DSL,No,No,No,No,No,No,Month-to-month,Yes,Bank transfer (automatic),45.4,518.9,1
5624-RYAMH,Female,No,No,No,9,Yes,No,No,No,No,No,No,No,No,Month-to-month,Yes,Electronic check,19.5,178.85,0
7036-ZZKBD,Male,No,Yes,No,31,Yes,No,DSL,No,No,Yes,Yes,No,Yes,Month-to-month,Yes,Credit card (automatic),66.4,2019.8,0
7250-EQKIY,Female,No,Yes,Yes,1,Yes,No,DSL,No,No,Yes,No,No,No,Month-to-month,No,Mailed check,50.45,50.45,1
1319-YLZJG,Male,No,Yes,No,12,Yes,No,Fiber optic,Yes,Yes,Yes,No,No,No,Month-to-month,Yes,Electronic check,84.6,959.9,0
5519-YLDGW,Female,No,Yes,No,21,Yes,Yes,Fiber optic,Yes,No,Yes,No,Yes,Yes,Month-to-month,Yes,Electronic check,103.9,2254.2,1
2894-QOJRX,Female,No,Yes,No,25,No,No,DSL,No,No,No,No,Yes,No,Month-to-month,Yes,Bank transfer (automatic),34.0,853.0,1
4291-HPAXL,Male,No,No,Yes,1,Yes,No,No,No,No,No,No,No,No,Month-to-month,No,Mailed check,19.85,19.85,0
7932-WPTDS,Female,Yes,Yes,No,1,No,No,DSL,No,No,No,No,No,No,Month-to-month,Yes,Electronic check,24.8,24.8,1
2229-DPMBI,Female,No,Yes,Yes,8,Yes,No,No,No,No,No,No,No,No,Two year,No,Mailed check,19.5,162.15,0
7140-ADSMJ,Male,No,No,No,8,Yes,No,No,No,No,No,No,No,No,Month-to-month,Yes,Credit card (automatic),20.45,162.3,0
0898-XCGTF,Male,No,Yes,No,61,Yes,Yes,Fiber optic,No,No,No,No,Yes,Yes,One year,Yes,Bank transfer (automatic),96.5,5673.7,0
4902-OHLSK,Female,Yes,No,No,29,Yes,Yes,Fiber optic,No,No,No,Yes,Yes,Yes,Month-to-month,No,Electronic check,98.65,2862.75,1
2045-BMBTJ,Female,Yes,No,No,33,No,No,DSL,Yes,Yes,Yes,No,Yes,Yes,Month-to-month,Yes,Bank transfer (automatic),59.45,1884.65,0
7008-LZVOZ,Male,No,Yes,Yes,66,Yes,Yes,No,No,No,No,No,No,No,Two year,Yes,Credit card (automatic),25.3,1672.35,0
8445-DNBAE,Male,No,No,Yes,1,Yes,Yes,DSL,No,No,No,No,No,No,Month-to-month,Yes,Electronic check,50.05,50.05,0
6135-OZQVA,Female,No,No,No,7,Yes,Yes,DSL,Yes,No,No,No,No,No,Month-to-month,Yes,Electronic check,53.65,404.35,0
5038-ETMLM,Female,No,Yes,No,72,Yes,Yes,Fiber optic,Yes,Yes,Yes,Yes,Yes,Yes,Two year,Yes,Bank transfer (automatic),113.65,8182.75,0
9281-OFDMF,Male,Yes,No,No,39,Yes,Yes,Fiber optic,No,Yes,No,No,No,Yes,Month-to-month,No,Electronic check,90.7,3413.25,0
1272-ILHFG,Male,No,Yes,Yes,15,Yes,No,No,No,No,No,No,No,No,One year,No,Mailed check,19.65,332.65,0
7677-SJJJK,Male,No,Yes,Yes,8,Yes,No,No,No,No,No,No,No,No,One year,No,Credit card (automatic),19.9,153.95,0
4311-QTTAI,Female,No,No,No,16,Yes,No,No,No,No,No,No,No,No,One year,No,Credit card (automatic),19.35,295.55,0
7030-FZTFM,Male,No,Yes,Yes,72,Yes,Yes,Fiber optic,No,Yes,Yes,Yes,Yes,Yes,Two year,No,Credit card (automatic),110.9,7922.75,0
6821-BUXUX,Female,No,No,No,13,Yes,Yes,Fiber optic,Yes,Yes,No,No,Yes,No,Month-to-month,Yes,Electronic check,96.65,1244.5,1
0769-MURVM,Female,No,Yes,Yes,72,No,No,DSL,Yes,Yes,Yes,Yes,Yes,Yes,Two year,No,Bank transfer (automatic),65.7,4575.35,0
3090-QFUVD,Female,No,No,No,1,Yes,No,No,No,No,No,No,No,No,Month-to-month,No,Credit card (automatic),20.3,20.3,0
5118-MUEYH,Female,No,Yes,No,48,Yes,Yes,Fiber optic,No,Yes,No,Yes,Yes,Yes,Month-to-month,Yes,Credit card (automatic),105.1,5083.55,0
0842-IWYCP,Female,No,No,No,46,Yes,No,DSL,No,No,No,No,No,No,Month-to-month,No,Bank transfer (automatic),44.95,2168.9,0
4452-ROHMO,Female,No,No,No,15,Yes,No,No,No,No,No,No,No,No,Two year,No,Mailed check,19.6,331.6,0
2977-CEBSX,Female,No,No,No,66,Yes,Yes,DSL,Yes,Yes,Yes,Yes,Yes,Yes,Two year,Yes,Credit card (automatic),90.05,5965.95,0
5950-AAAGJ,Male,No,No,No,18,Yes,Yes,Fiber optic,No,No,No,No,Yes,No,Month-to-month,No,Bank transfer (automatic),84.3,1537.9,0
9415-DPEWS,Female,No,No,No,18,Yes,Yes,Fiber optic,No,No,No,Yes,Yes,No,Month-to-month,Yes,Electronic check,88.35,1639.3,1
3214-IYUUQ,Female,No,Yes,No,61,Yes,No,Fiber optic,Yes,Yes,No,Yes,No,Yes,One year,No,Bank transfer (automatic),93.7,5860.7,0
2930-UOTMB,Female,No,No,No,31,Yes,Yes,DSL,Yes,No,Yes,Yes,No,No,Month-to-month,No,Credit card (automatic),65.25,1994.3,1
3520-FJGCV,Male,No,Yes,Yes,72,Yes,Yes,Fiber optic,Yes,Yes,Yes,Yes,Yes,Yes,Two year,Yes,Credit card (automatic),112.6,8126.65,0
4933-BSAIP,Female,No,Yes,No,40,Yes,No,No,No,No,No,No,No,No,Two year,No,Mailed check,19.1,780.1,0
0188-GWFLE,Male,No,No,No,2,Yes,No,No,No,No,No,No,No,No,Month-to-month,No,Mailed check,20.05,33.7,0
2685-SREOM,Female,No,Yes,Yes,25,Yes,Yes,Fiber optic,No,No,Yes,No,No,Yes,Month-to-month,Yes,Electronic check,89.1,2368.4,1
3359-DSRKA,Female,No,Yes,Yes,58,Yes,No,No,No,No,No,No,No,No,Two year,Yes,Mailed check,19.85,1158.85,0
2845-HSJCY,Female,No,Yes,Yes,14,Yes,Yes,Fiber optic,No,No,Yes,No,No,Yes,Month-to-month,Yes,Electronic check,87.25,1258.6,1
0337-CNPZE,Female,No,No,No,41,Yes,Yes,Fiber optic,No,Yes,Yes,No,Yes,Yes,Month-to-month,Yes,Electronic check,106.3,4443.45,1
5876-QMYLD,Female,No,Yes,Yes,23,Yes,No,No,No,No,No,No,No,No,One year,No,Mailed check,20.05,415.1,0
5879-SESNB,Female,No,No,No,11,Yes,Yes,Fiber optic,No,No,No,No,No,No,Month-to-month,No,Electronic check,75.25,888.65,0
4922-CVPDX,Female,No,Yes,No,26,Yes,No,DSL,No,Yes,Yes,No,Yes,Yes,Two year,Yes,Credit card (automatic),73.5,1905.7,0
6599-GZWCM,Female,No,No,No,13,Yes,No,Fiber optic,No,Yes,No,No,No,No,One year,Yes,Mailed check,74.65,966.25,0
0254-FNMCI,Female,No,No,No,72,Yes,No,Fiber optic,Yes,Yes,Yes,Yes,Yes,Yes,Two year,Yes,Electronic check,109.9,7624.2,0
5740-YHGTW,Male,No,Yes,Yes,70,Yes,Yes,Fiber optic,Yes,Yes,No,No,Yes,No,Month-to-month,Yes,Credit card (automatic),97.55,6669.05,0
1320-GVNHT,Male,No,Yes,Yes,72,Yes,Yes,Fiber optic,Yes,Yes,Yes,No,Yes,Yes,Two year,Yes,Credit card (automatic),108.4,7767.25,0
8190-ZTQFB,Male,No,No,No,41,No,No,DSL,No,No,Yes,No,Yes,Yes,One year,Yes,Electronic check,51.35,2075.1,0
6828-HMKWP,Male,No,Yes,Yes,12,Yes,No,No,No,No,No,No,No,No,Two year,No,Bank transfer (automatic),21.05,262.05,0
9921-EZKBY,Male,No,No,Yes,33,Yes,Yes,Fiber optic,Yes,No,Yes,No,No,Yes,Month-to-month,Yes,Bank transfer (automatic),95.3,3275.15,0
9840-DVNDC,Male,No,No,No,6,Yes,No,Fiber optic,No,No,No,No,Yes,No,Month-to-month,Yes,Credit card (automatic),80.5,463.05,1
5797-APWZC,Female,No,No,No,1,Yes,No,Fiber optic,No,No,No,No,Yes,Yes,Month-to-month,No,Electronic check,90.6,90.6,1
4760-THGOT,Female,No,Yes,No,43,Yes,Yes,Fiber optic,Yes,Yes,No,No,No,Yes,Month-to-month,Yes,Electronic check,94.1,4107.3,0
2267-FPIMA,Male,No,Yes,No,50,Yes,Yes,Fiber optic,Yes,Yes,No,No,No,Yes,Month-to-month,Yes,Credit card (automatic),94.4,4914.9,0
1063-DHQJF,Male,No,Yes,Yes,69,Yes,No,Fiber optic,No,Yes,No,Yes,Yes,No,Two year,Yes,Mailed check,92.15,6480.9,0
2043-WVTQJ,Male,No,Yes,No,1,Yes,No,DSL,Yes,No,Yes,No,No,No,Month-to-month,No,Mailed check,55.7,55.7,0
8929-KSWIH,Male,No,No,No,25,Yes,No,Fiber optic,No,No,Yes,Yes,Yes,Yes,Two year,No,Bank transfer (automatic),99.3,2513.5,0
6734-GMPVK,Male,No,No,No,5,Yes,Yes,Fiber optic,No,Yes,Yes,No,Yes,Yes,Month-to-month,No,Electronic check,105.3,550.6,0
6848-YLDFR,Male,No,Yes,Yes,58,Yes,No,DSL,No,Yes,No,Yes,Yes,Yes,One year,Yes,Credit card (automatic),75.2,4300.8,0
8782-LKFPK,Male,No,No,No,44,Yes,Yes,Fiber optic,No,No,Yes,No,No,Yes,Month-to-month,Yes,Mailed check,90.4,4063.0,0
5552-ZNFSJ,Male,No,No,No,1,Yes,No,DSL,No,No,No,No,No,No,Month-to-month,No,Electronic check,45.3,45.3,1
0442-TDYUO,Male,No,Yes,No,48,Yes,No,No,No,No,No,No,No,No,Two year,Yes,Mailed check,20.05,1036.0,0
7860-KSUGX,Male,No,Yes,Yes,72,Yes,Yes,DSL,Yes,Yes,Yes,No,No,No,Two year,No,Credit card (automatic),64.45,4720.0,0
6625-FLENO,Male,No,Yes,No,58,Yes,No,No,No,No,No,No,No,No,Two year,No,Mailed check,20.75,1185.95,0
8922-NPKBJ,Male,No,Yes,Yes,42,Yes,No,No,No,No,No,No,No,No,Two year,No,Mailed check,19.35,867.3,0
5337-IIWKZ,Male,No,Yes,Yes,34,No,No,DSL,No,No,Yes,Yes,Yes,No,Month-to-month,Yes,Electronic check,44.85,1442.6,0
0178-CIIKR,Female,No,No,No,3,Yes,No,No,No,No,No,No,No,No,Month-to-month,No,Mailed check,19.95,58.0,0
4697-LUPSU,Male,No,Yes,Yes,2,Yes,No,No,No,No,No,No,No,No,One year,No,Mailed check,20.2,34.75,0
1964-SVLEA,Male,No,No,No,20,Yes,No,No,No,No,No,No,No,No,One year,Yes,Mailed check,19.7,415.9,0
6347-DCUIK,Male,No,No,No,10,Yes,Yes,Fiber optic,No,No,No,No,No,No,Month-to-month,Yes,Mailed check,74.15,811.8,1
6713-OKOMC,Female,No,No,No,10,No,No,DSL,Yes,No,No,No,No,No,Month-to-month,No,Mailed check,29.75,301.9,0
1734-ZMNTZ,Female,No,Yes,Yes,11,Yes,Yes,No,No,No,No,No,No,No,Two year,No,Mailed check,25.0,300.7,0
7465-ZZRVX,Male,No,No,No,1,Yes,No,Fiber optic,No,No,No,No,No,No,Month-to-month,Yes,Electronic check,70.35,70.35,0
4137-BTIKL,Male,No,No,No,2,Yes,Yes,Fiber optic,Yes,No,No,No,No,Yes,Month-to-month,No,Mailed check,90.75,174.75,0
4667-OHGKG,Male,No,No,No,1,Yes,No,No,No,No,No,No,No,No,Month-to-month,Yes,Mailed check,19.3,19.3,1
6877-TJMBR,Male,No,Yes,No,1,Yes,No,Fiber optic,No,No,No,Yes,Yes,No,Month-to-month,Yes,Electronic check,84.8,84.8,1
5859-HZYLF,Male,No,Yes,Yes,26,Yes,No,No,No,No,No,No,No,No,Two year,Yes,Credit card (automatic),19.15,515.75,0
9242-TKFSV,Male,No,Yes,Yes,72,No,No,DSL,Yes,Yes,Yes,Yes,Yes,Yes,Two year,Yes,Credit card (automatic),65.1,4754.3,0
1731-TVIUK,Female,No,No,No,4,Yes,Yes,Fiber optic,No,Yes,No,Yes,No,Yes,Month-to-month,Yes,Electronic check,93.5,362.2,1
5438-QMDDL,Female,No,Yes,No,19,Yes,No,DSL,No,Yes,No,No,No,Yes,Month-to-month,Yes,Mailed check,59.8,1130.85,0
0679-IDSTG,Female,Yes,Yes,Yes,1,Yes,No,Fiber optic,No,No,No,No,No,No,Month-to-month,Yes,Electronic check,69.25,69.25,1
3279-DYZQM,Male,No,Yes,Yes,71,Yes,No,No,No,No,No,No,No,No,Two year,No,Mailed check,19.45,1378.45,0
9624-EGDEQ,Female,No,No,No,37,Yes,No,No,No,No,No,No,No,No,Two year,No,Mailed check,19.8,813.3,0
4781-ZXYGU,Male,No,Yes,Yes,1,Yes,No,No,No,No,No,No,No,No,Month-to-month,Yes,Bank transfer (automatic),20.15,20.15,0
3859-CVCET,Female,No,No,No,4,Yes,No,DSL,No,No,No,No,No,No,Month-to-month,No,Mailed check,45.65,191.05,1
8711-LOBKY,Male,No,Yes,Yes,59,Yes,No,No,No,No,No,No,No,No,Two year,No,Mailed check,19.85,1188.25,0
6615-ZGEDR,Male,No,No,No,1,Yes,No,No,No,No,No,No,No,No,Month-to-month,No,Mailed check,19.7,19.7,1
9553-DLCLU,Female,No,No,Yes,13,Yes,Yes,DSL,Yes,Yes,Yes,Yes,Yes,Yes,Two year,No,Credit card (automatic),88.95,1161.75,0
8565-HBFNN,Male,No,Yes,No,69,Yes,Yes,Fiber optic,Yes,Yes,Yes,Yes,No,Yes,One year,Yes,Credit card (automatic),107.2,7317.1,0
1682-VCOIO,Male,No,No,No,23,Yes,No,No,No,No,No,No,No,No,One year,No,Mailed check,20.45,481.1,0
8065-QBYTO,Female,Yes,No,No,71,Yes,Yes,Fiber optic,Yes,Yes,No,Yes,Yes,No,One year,Yes,Credit card (automatic),99.65,7181.25,0
2616-FLVQC,Male,No,No,No,64,Yes,No,No,No,No,No,No,No,No,Two year,No,Mailed check,19.55,1240.15,0
4585-HETAI,Female,No,Yes,Yes,4,Yes,No,Fiber optic,No,No,Yes,No,No,No,Month-to-month,Yes,Electronic check,73.75,325.45,1
7459-RRWQZ,Female,No,No,No,15,Yes,Yes,DSL,Yes,No,No,No,No,Yes,Month-to-month,Yes,Bank transfer (automatic),64.65,994.55,1
1685-VAYJF,Male,No,No,No,11,Yes,No,DSL,No,No,No,No,No,No,Month-to-month,No,Credit card (automatic),45.2,492.0,0
7131-ZQZNK,Female,No,Yes,Yes,60,No,No,DSL,Yes,No,Yes,Yes,Yes,Yes,Two year,No,Credit card (automatic),59.85,3590.2,0
6490-FGZAT,Male,No,No,No,6,Yes,No,No,No,No,No,No,No,No,Month-to-month,No,Mailed check,20.65,109.3,0
3393-FMZPV,Female,No,No,No,25,Yes,Yes,Fiber optic,No,Yes,No,No,Yes,Yes,Month-to-month,Yes,Electronic check,100.25,2387.75,1
7636-XUHWW,Male,No,No,No,2,Yes,No,No,No,No,No,No,No,No,Month-to-month,Yes,Credit card (automatic),19.9,33.7,0
0679-TDGAK,Male,No,Yes,Yes,50,Yes,No,DSL,Yes,No,No,Yes,Yes,Yes,One year,No,Electronic check,75.5,4025.6,0
8975-SKGRX,Male,No,Yes,No,71,Yes,Yes,Fiber optic,Yes,Yes,Yes,Yes,Yes,Yes,Two year,Yes,Bank transfer (automatic),116.1,8310.55,0
6916-HIJSE,Female,No,No,No,65,Yes,No,DSL,Yes,Yes,Yes,Yes,Yes,Yes,Two year,Yes,Bank transfer (automatic),84.85,5459.2,0
5915-ANOEI,Male,No,Yes,No,70,Yes,Yes,DSL,Yes,Yes,Yes,Yes,Yes,No,Two year,No,Mailed check,79.15,5536.5,0
2432-TFSMK,Male,No,No,No,18,Yes,Yes,Fiber optic,No,No,Yes,No,Yes,No,One year,Yes,Credit card (automatic),89.6,1633.0,0
0913-XWSCN,Male,No,Yes,Yes,55,Yes,Yes,Fiber optic,No,No,No,No,No,Yes,Month-to-month,No,Bank transfer (automatic),85.5,4713.4,0
9708-HPXWZ,Male,Yes,No,No,5,No,No,DSL,No,No,Yes,Yes,Yes,No,Month-to-month,No,Credit card (automatic),45.4,214.75,0
7560-QJAVJ,Female,No,No,No,70,Yes,No,DSL,Yes,No,Yes,Yes,Yes,Yes,Two year,No,Bank transfer (automatic),79.6,5589.45,0
5845-BZZIB,Male,No,Yes,Yes,35,Yes,No,No,No,No,No,No,No,No,Two year,No,Mailed check,20.1,655.3,0
1429-UYJSV,Female,No,No,No,12,Yes,No,No,No,No,No,No,No,No,One year,No,Mailed check,19.7,260.9,0
0771-CHWSK,Male,No,No,No,66,Yes,Yes,DSL,Yes,Yes,Yes,No,No,Yes,Two year,Yes,Credit card (automatic),74.6,4798.4,0
8498-XXGWA,Female,No,Yes,No,65,Yes,No,DSL,Yes,No,Yes,No,No,No,Month-to-month,Yes,Mailed check,55.15,3673.15,0
3352-RICWQ,Female,No,Yes,Yes,9,Yes,No,No,No,No,No,No,No,No,Two year,No,Mailed check,19.75,210.65,0
3496-LFSZU,Male,No,Yes,No,4,Yes,No,Fiber optic,No,No,No,No,No,No,Month-to-month,No,Electronic check,70.5,294.2,0
3523-QRQLL,Female,No,Yes,Yes,22,Yes,No,DSL,No,Yes,No,No,Yes,Yes,One year,Yes,Bank transfer (automatic),69.5,1498.2,1
2888-ADFAO,Female,No,Yes,Yes,47,Yes,No,No,No,No,No,No,No,No,Two year,Yes,Bank transfer (automatic),21.3,1041.8,0
4815-YOSUK,Male,No,Yes,Yes,72,Yes,Yes,Fiber optic,Yes,Yes,Yes,Yes,No,Yes,One year,Yes,Credit card (automatic),104.9,7537.5,0
5678-VFNEQ,Female,No,Yes,No,71,Yes,Yes,Fiber optic,Yes,No,Yes,No,Yes,Yes,One year,Yes,Credit card (automatic),104.1,7412.25,0
6434-TTGJP,Male,No,Yes,Yes,10,No,No,DSL,Yes,Yes,Yes,Yes,No,Yes,Two year,No,Credit card (automatic),53.7,521.0,0
4992-LTJNE,Male,No,Yes,Yes,72,Yes,Yes,DSL,Yes,No,No,No,No,No,Two year,No,Bank transfer (automatic),55.3,3983.6,0
6292-TOSSS,Male,No,No,No,50,Yes,Yes,No,No,No,No,No,No,No,Two year,No,Bank transfer (automatic),24.9,1195.25,0
1215-EXRMO,Male,No,Yes,No,50,Yes,No,No,No,No,No,No,No,No,Two year,No,Mailed check,20.55,1067.65,0
4940-KHCWD,Female,No,Yes,No,60,No,No,DSL,Yes,Yes,No,Yes,No,No,Two year,No,Bank transfer (automatic),37.7,2288.7,0
6013-BHCAW,Male,No,Yes,Yes,61,Yes,Yes,DSL,No,No,Yes,Yes,Yes,Yes,Two year,Yes,Bank transfer (automatic),81.0,4976.15,0
9778-OGKQZ,Male,No,Yes,No,72,Yes,Yes,DSL,Yes,Yes,Yes,Yes,Yes,Yes,Two year,Yes,Credit card (automatic),92.0,6782.15,0
8212-DJRCH,Male,No,Yes,Yes,5,Yes,No,Fiber optic,Yes,No,Yes,No,No,Yes,Month-to-month,Yes,Mailed check,90.35,434.5,0
9633-DENPU,Female,No,Yes,No,47,Yes,No,DSL,No,Yes,No,No,Yes,No,Month-to-month,Yes,Bank transfer (automatic),58.6,2723.4,0
4682-BLBUC,Male,No,Yes,No,44,Yes,No,DSL,No,Yes,Yes,Yes,Yes,No,One year,Yes,Electronic check,70.95,3250.45,0
8608-OZTLB,Male,No,Yes,Yes,38,Yes,No,DSL,Yes,Yes,Yes,Yes,Yes,No,One year,No,Electronic check,74.05,2802.3,0
0795-GMVQO,Male,No,Yes,No,67,Yes,Yes,Fiber optic,Yes,Yes,Yes,No,Yes,Yes,One year,No,Credit card (automatic),109.9,7332.4,0
1771-OADNZ,Male,Yes,Yes,No,29,Yes,Yes,Fiber optic,No,Yes,Yes,No,No,Yes,Month-to-month,Yes,Electronic check,95.9,2745.2,1
2773-OVBPK,Male,No,Yes,No,67,Yes,Yes,Fiber optic,No,Yes,Yes,Yes,Yes,Yes,Two year,Yes,Bank transfer (automatic),111.3,7567.2,0
2865-TCHJW,Female,Yes,No,No,4,Yes,Yes,Fiber optic,No,No,Yes,No,Yes,No,Month-to-month,Yes,Electronic check,89.2,346.2,1
6766-HFKLA,Female,No,Yes,No,56,Yes,Yes,Fiber optic,No,No,Yes,Yes,Yes,Yes,Two year,No,Bank transfer (automatic),103.2,5744.35,0
0924-BJCRC,Female,Yes,Yes,No,60,Yes,Yes,Fiber optic,No,Yes,No,No,No,Yes,Month-to-month,No,Electronic check,89.45,5294.6,0
5781-RFZRP,Male,No,Yes,No,71,Yes,Yes,DSL,Yes,Yes,No,Yes,Yes,No,Two year,No,Credit card (automatic),73.5,5357.75,0
2696-RZVZW,Male,No,Yes,No,68,Yes,Yes,No,No,No,No,No,No,No,Two year,No,Credit card (automatic),25.05,1629.2,0
5493-SDRDQ,Male,No,No,No,2,Yes,No,DSL,Yes,No,Yes,No,No,No,Month-to-month,Yes,Mailed check,55.1,113.35,1
5035-BVCXS,Male,No,No,No,11,Yes,No,Fiber optic,No,Yes,No,No,No,No,Month-to-month,Yes,Mailed check,75.9,866.4,0
1596-OQSPS,Female,No,No,No,11,Yes,No,DSL,No,Yes,No,No,No,No,Month-to-month,No,Electronic check,51.1,531.15,0
3803-KMQFW,Female,No,Yes,Yes,1,Yes,No,No,No,No,No,No,No,No,Month-to-month,No,Mailed check,20.55,20.55,1
5054-IEXZT,Male,No,No,Yes,1,Yes,No,Fiber optic,No,Yes,No,No,No,No,Month-to-month,Yes,Electronic check,75.35,75.35,1
9907-SWKKF,Female,Yes,No,No,1,No,No,DSL,No,No,No,No,No,No,Month-to-month,No,Mailed check,25.05,25.05,1
0859-YGKFW,Male,No,Yes,Yes,18,Yes,No,No,No,No,No,No,No,No,One year,No,Bank transfer (automatic),20.05,345.9,0
8313-KTIHG,Male,No,No,No,4,Yes,No,DSL,No,No,No,Yes,Yes,No,Month-to-month,Yes,Electronic check,61.3,249.4,0
4822-YCXMX,Male,No,No,No,25,Yes,Yes,Fiber optic,No,No,No,No,No,Yes,Month-to-month,Yes,Electronic check,84.8,2043.45,1
5868-YWPDW,Male,Yes,Yes,No,6,Yes,No,Fiber optic,No,Yes,No,No,No,Yes,Month-to-month,Yes,Electronic check,84.2,519.15,1
8932-CZHRQ,Male,No,No,No,68,Yes,Yes,DSL,Yes,Yes,Yes,No,No,Yes,One year,No,Credit card (automatic),76.75,5233.25,0
6734-FQAJX,Male,Yes,No,No,67,Yes,No,Fiber optic,Yes,Yes,No,Yes,Yes,Yes,Two year,Yes,Electronic check,105.05,7171.7,0
7470-DYNOE,Male,No,No,No,53,Yes,No,DSL,No,No,Yes,No,No,Yes,One year,Yes,Electronic check,61.1,3357.9,0
7833-PKIHD,Male,No,Yes,Yes,51,Yes,No,DSL,Yes,No,No,Yes,Yes,Yes,One year,Yes,Bank transfer (automatic),76.4,3966.3,0
9795-NREXC,Female,No,Yes,No,64,Yes,Yes,DSL,Yes,No,Yes,Yes,Yes,Yes,Two year,Yes,Credit card (automatic),85.0,5484.4,0
9040-KZVWO,Male,No,No,No,26,Yes,No,Fiber optic,No,Yes,No,No,No,No,One year,No,Bank transfer (automatic),75.5,2018.1,0
9779-DPNEJ,Female,No,Yes,Yes,22,Yes,No,Fiber optic,No,No,No,No,No,Yes,Month-to-month,Yes,Electronic check,80.15,1790.65,0
4821-WQOYN,Female,No,Yes,Yes,72,Yes,No,No,No,No,No,No,No,No,Two year,Yes,Credit card (automatic),20.1,1326.25,0
1336-EZFZY,Female,No,No,No,4,Yes,No,No,No,No,No,No,No,No,Month-to-month,No,Mailed check,20.05,83.3,0
3317-VLGQT,Female,No,Yes,No,14,Yes,No,Fiber optic,No,No,No,No,No,Yes,Month-to-month,Yes,Electronic check,78.1,1122.4,0
3030-YDNRM,Male,No,No,No,8,Yes,Yes,Fiber optic,No,No,No,No,No,No,Month-to-month,Yes,Electronic check,74.85,572.45,0
7566-DSRLQ,Female,No,Yes,No,72,Yes,Yes,Fiber optic,No,Yes,Yes,Yes,Yes,Yes,Two year,Yes,Electronic check,110.15,7998.8,0
1543-LLLFT,Male,Yes,Yes,No,61,Yes,Yes,Fiber optic,No,Yes,Yes,Yes,Yes,No,One year,Yes,Mailed check,98.3,6066.55,0
2700-LUEVA,Male,No,No,No,1,Yes,No,No,No,No,No,No,No,No,Month-to-month,No,Credit card (automatic),20.75,20.75,0
4795-UXVCJ,Male,No,No,No,26,Yes,No,No,No,No,No,No,No,No,One year,No,Credit card (automatic),19.8,457.3,0
1248-DYXUB,Male,No,Yes,Yes,52,Yes,Yes,No,No,No,No,No,No,No,Two year,No,Mailed check,24.8,1229.1,0
2884-GBPFB,Female,No,Yes,No,35,Yes,No,Fiber optic,No,No,No,No,No,No,Month-to-month,Yes,Electronic check,70.3,2416.55,1
5322-ZSMZY,Male,No,Yes,Yes,31,Yes,Yes,No,No,No,No,No,No,No,Two year,No,Mailed check,25.75,755.6,0
9788-YTFGE,Male,No,No,No,7,Yes,No,No,No,No,No,No,No,No,Month-to-month,Yes,Mailed check,19.95,147.5,0
4301-VVZKA,Male,No,Yes,No,16,Yes,Yes,Fiber optic,No,No,No,No,No,No,Month-to-month,Yes,Electronic check,75.4,1189.4,0
5329-KRDTM,Male,Yes,Yes,No,72,Yes,Yes,DSL,No,Yes,Yes,Yes,Yes,No,Two year,No,Credit card (automatic),77.35,5396.25,0
5226-NOZFC,Male,No,No,No,26,Yes,No,Fiber optic,No,Yes,No,No,Yes,No,Month-to-month,Yes,Electronic check,85.75,2146.5,0
7576-ASEJU,Female,No,Yes,Yes,41,Yes,No,DSL,Yes,No,No,Yes,Yes,Yes,One year,Yes,Credit card (automatic),74.7,3187.65,0
0082-OQIQY,Male,No,No,No,29,Yes,No,Fiber optic,No,No,No,Yes,Yes,Yes,Month-to-month,Yes,Electronic check,94.2,2607.6,0
6917-FIJHC,Female,No,Yes,No,72,Yes,Yes,No,No,No,No,No,No,No,Two year,Yes,Mailed check,26.0,1776.0,0
7623-TRNQN,Male,No,No,Yes,1,Yes,No,DSL,No,No,No,Yes,No,No,Month-to-month,Yes,Mailed check,49.9,49.9,1
0379-DJQHR,Male,No,Yes,Yes,67,Yes,No,DSL,Yes,Yes,Yes,No,Yes,Yes,Two year,No,Credit card (automatic),81.35,5398.6,0
3312-ZWLGF,Male,Yes,Yes,No,29,Yes,Yes,Fiber optic,No,No,No,Yes,No,No,Month-to-month,Yes,Electronic check,79.3,2414.55,0
3061-BCKYI,Male,No,No,No,14,Yes,No,No,No,No,No,No,No,No,Month-to-month,No,Mailed check,19.9,283.75,0
0115-TFERT,Male,No,Yes,No,21,Yes,Yes,Fiber optic,No,Yes,Yes,Yes,Yes,Yes,Month-to-month,Yes,Electronic check,111.2,2317.1,1
2832-SCUCO,Female,No,No,No,2,Yes,No,No,No,No,No,No,No,No,Month-to-month,No,Electronic check,19.9,57.4,0
6121-TNHBO,Female,Yes,No,No,63,Yes,Yes,DSL,Yes,Yes,Yes,Yes,Yes,No,One year,No,Bank transfer (automatic),83.0,5243.05,0
3462-BJQQA,Female,No,No,No,6,Yes,Yes,Fiber optic,No,Yes,No,No,Yes,No,Month-to-month,Yes,Electronic check,89.75,552.65,0
0601-WZHJF,Male,No,Yes,No,14,No,No,DSL,No,No,No,No,Yes,Yes,Month-to-month,No,Electronic check,46.35,667.7,1
9385-NXKDA,Female,No,Yes,No,72,Yes,Yes,DSL,Yes,Yes,Yes,No,Yes,Yes,Two year,Yes,Credit card (automatic),82.65,5919.35,0
4063-EIKNQ,Male,No,Yes,Yes,11,Yes,No,No,No,No,No,No,No,No,Month-to-month,No,Bank transfer (automatic),20.95,267.35,0
0156-FVPTA,Male,No,Yes,No,22,Yes,No,DSL,Yes,No,No,Yes,No,No,Month-to-month,Yes,Electronic check,54.2,1152.7,1
8510-AWCXC,Female,Yes,No,No,13,Yes,Yes,Fiber optic,Yes,No,No,No,Yes,Yes,Month-to-month,Yes,Electronic check,100.8,1308.1,1
6400-BWQKW,Female,No,No,No,6,Yes,Yes,Fiber optic,Yes,No,No,No,No,No,Month-to-month,Yes,Electronic check,79.05,434.5,1
6937-GCDGQ,Male,No,Yes,Yes,19,Yes,No,DSL,Yes,No,No,No,No,No,One year,Yes,Bank transfer (automatic),48.95,955.6,0
0454-OKRCT,Male,No,No,No,33,Yes,No,Fiber optic,No,Yes,No,Yes,No,No,Two year,No,Bank transfer (automatic),80.6,2651.1,0
9842-EFSYY,Female,No,No,Yes,4,No,No,DSL,Yes,Yes,Yes,No,Yes,Yes,Month-to-month,Yes,Mailed check,57.2,223.75,0
6933-VLYFX,Male,No,Yes,Yes,31,No,No,DSL,Yes,No,Yes,Yes,Yes,Yes,One year,No,Electronic check,59.95,1848.8,0
0960-HUWBM,Male,No,Yes,Yes,65,Yes,Yes,Fiber optic,No,No,Yes,Yes,Yes,Yes,Two year,Yes,Bank transfer (automatic),104.1,6700.05,0
3585-ISXZP,Female,No,No,No,8,Yes,Yes,Fiber optic,No,No,No,No,Yes,Yes,Month-to-month,No,Bank transfer (automatic),95.65,778.1,1
9208-OLGAQ,Female,Yes,No,No,18,Yes,No,Fiber optic,No,No,Yes,No,No,Yes,Month-to-month,Yes,Electronic check,84.95,1443.65,0
7105-BENQF,Male,No,No,Yes,15,Yes,No,DSL,Yes,No,Yes,No,No,Yes,One year,No,Mailed check,64.85,950.75,0
4255-DDUOU,Female,No,Yes,Yes,1,Yes,No,No,No,No,No,No,No,No,Month-to-month,Yes,Mailed check,20.5,20.5,1
2017-CCBLH,Female,No,No,No,8,Yes,No,No,No,No,No,No,No,No,Two year,No,Mailed check,20.0,141.6,0
0036-IHMOT,Female,No,Yes,Yes,55,Yes,No,Fiber optic,No,Yes,Yes,Yes,Yes,Yes,One year,Yes,Bank transfer (automatic),103.7,5656.75,0
0613-WUXUM,Female,No,Yes,Yes,70,Yes,No,No,No,No,No,No,No,No,Two year,Yes,Mailed check,19.2,1401.4,0
9506-UXUSK,Male,No,No,No,13,Yes,No,Fiber optic,No,No,No,No,No,No,Month-to-month,Yes,Electronic check,70.15,931.75,0
4626-GYCZP,Male,No,No,No,7,Yes,Yes,Fiber optic,No,No,No,No,Yes,Yes,Month-to-month,Yes,Electronic check,93.85,635.6,1
3948-KXDUF,Male,No,No,No,66,Yes,Yes,DSL,Yes,Yes,Yes,Yes,No,No,Two year,No,Bank transfer (automatic),68.75,4447.55,0
3757-NJYBX,Male,Yes,Yes,No,32,Yes,Yes,Fiber optic,No,Yes,Yes,No,Yes,Yes,Month-to-month,No,Bank transfer (automatic),106.35,3520.75,1
7839-NUIAA,Female,No,Yes,Yes,61,Yes,Yes,DSL,Yes,Yes,No,No,No,No,Month-to-month,No,Electronic check,59.8,3641.5,0
3640-JQGJG,Male,No,Yes,Yes,13,Yes,No,DSL,No,No,No,No,No,No,Month-to-month,No,Bank transfer (automatic),44.8,559.2,0
0617-FHSGK,Male,No,No,Yes,49,Yes,Yes,Fiber optic,No,No,No,No,No,No,Month-to-month,No,Credit card (automatic),75.2,3678.3,1
4903-UYAVB,Male,No,Yes,No,5,Yes,No,No,No,No,No,No,No,No,Month-to-month,No,Mailed check,19.35,126.05,1
4816-JBHOV,Male,Yes,No,No,2,Yes,No,DSL,No,No,No,No,No,No,Month-to-month,Yes,Electronic check,44.7,93.7,1
8647-SDTWQ,Male,No,Yes,Yes,57,Yes,Yes,Fiber optic,No,No,No,No,No,No,Month-to-month,Yes,Electronic check,74.3,4018.35,0
7164-BPTUT,Male,No,No,Yes,57,Yes,Yes,DSL,Yes,Yes,Yes,Yes,Yes,Yes,Two year,No,Mailed check,89.55,5012.35,0
0384-RVBPI,Male,No,No,No,20,Yes,No,DSL,Yes,No,Yes,No,No,Yes,Month-to-month,No,Credit card (automatic),64.4,1398.6,0
4661-NJEUX,Male,No,No,No,1,Yes,No,No,No,No,No,No,No,No,Month-to-month,Yes,Mailed check,20.05,20.05,0
3721-WKIIL,Female,No,No,No,27,Yes,No,No,No,No,No,No,No,No,Two year,Yes,Mailed check,19.6,561.15,0
3563-SVYLG,Male,No,Yes,Yes,68,Yes,No,DSL,Yes,Yes,Yes,Yes,No,No,Two year,No,Credit card (automatic),62.65,4375.8,0
9667-EQRXU,Female,Yes,No,No,30,No,No,DSL,No,No,Yes,No,Yes,No,Month-to-month,Yes,Electronic check,40.3,1172.95,1
8364-TRMMK,Female,No,No,No,3,Yes,Yes,DSL,No,No,No,No,No,No,Month-to-month,Yes,Mailed check,50.65,151.3,1
6177-PEVRA,Female,No,No,No,48,Yes,No,DSL,Yes,Yes,No,No,No,No,Two year,No,Credit card (automatic),55.5,2627.35,0
3752-CQSJI,Female,No,Yes,Yes,13,Yes,No,No,No,No,No,No,No,No,Month-to-month,Yes,Mailed check,20.45,254.5,0
4724-WXVWF,Male,No,No,No,48,Yes,Yes,Fiber optic,Yes,No,No,Yes,No,Yes,Month-to-month,Yes,Electronic check,95.4,4445.3,0
6418-HNFED,Male,No,Yes,No,51,Yes,No,DSL,Yes,Yes,Yes,Yes,Yes,Yes,Two year,Yes,Credit card (automatic),83.25,4089.45,0
2003-CKLOR,Male,No,No,No,66,Yes,No,Fiber optic,No,Yes,Yes,No,Yes,Yes,Month-to-month,No,Electronic check,99.5,6710.5,1
2266-FUBDZ,Male,No,Yes,Yes,15,Yes,No,No,No,No,No,No,No,No,Two year,No,Mailed check,19.35,278.85,0
6618-RYATB,Female,No,No,No,1,Yes,Yes,Fiber optic,No,No,Yes,No,No,No,Month-to-month,Yes,Mailed check,79.55,79.55,1
3062-ICYZQ,Female,No,Yes,Yes,51,Yes,Yes,Fiber optic,Yes,Yes,No,No,No,Yes,Month-to-month,Yes,Electronic check,93.8,4539.35,0
3823-KYNQY,Male,No,No,No,12,Yes,Yes,No,No,No,No,No,No,No,One year,No,Credit card (automatic),24.95,280.4,0
0516-OOHAR,Male,No,Yes,Yes,28,Yes,No,Fiber optic,No,Yes,Yes,No,Yes,Yes,One year,No,Bank transfer (automatic),100.35,2799.0,0
8166-ORCHU,Male,Yes,Yes,No,33,Yes,No,Fiber optic,Yes,Yes,No,Yes,No,Yes,One year,Yes,Electronic check,93.55,3055.5,0
0080-EMYVY,Female,No,No,No,14,Yes,No,DSL,No,Yes,No,No,No,No,One year,No,Credit card (automatic),51.45,727.85,0
4472-VESGY,Female,No,Yes,Yes,52,Yes,Yes,Fiber optic,Yes,Yes,Yes,No,No,Yes,Month-to-month,No,Bank transfer (automatic),98.15,4993.4,0
7797-EJMDP,Female,No,No,No,8,Yes,No,DSL,Yes,No,No,Yes,No,Yes,Month-to-month,No,Bank transfer (automatic),66.05,574.5,0
4890-VMUAV,Male,No,No,No,63,Yes,Yes,DSL,Yes,Yes,Yes,Yes,No,No,One year,No,Electronic check,71.5,4576.3,0
3014-WJKSM,Male,No,Yes,No,29,Yes,No,Fiber optic,No,No,Yes,No,No,No,Month-to-month,Yes,Credit card (automatic),75.3,2263.4,0
0584-BJQGZ,Female,No,No,No,25,Yes,Yes,DSL,Yes,Yes,Yes,Yes,Yes,No,Month-to-month,Yes,Bank transfer (automatic),78.35,1837.9,0
6161-ERDGD,Male,No,Yes,Yes,71,Yes,Yes,DSL,Yes,No,Yes,Yes,Yes,Yes,One year,No,Electronic check,85.45,6300.85,0
9670-BPNXF,Female,No,No,No,45,Yes,No,DSL,Yes,Yes,No,Yes,No,No,One year,Yes,Credit card (automatic),62.55,2796.45,0
9253-QXKBE,Male,Yes,Yes,No,29,Yes,Yes,Fiber optic,No,No,No,No,Yes,Yes,Month-to-month,Yes,Electronic check,94.45,2653.65,1
7396-VJUZB,Male,No,Yes,Yes,4,Yes,No,DSL,No,No,No,No,No,No,Month-to-month,No,Mailed check,45.25,155.35,0
3194-ORPIK,Female,No,Yes,Yes,50,Yes,Yes,Fiber optic,No,No,No,No,Yes,No,Month-to-month,Yes,Bank transfer (automatic),84.4,4116.15,1
2259-OUUSZ,Male,No,No,No,7,No,No,DSL,No,No,Yes,Yes,No,No,One year,Yes,Credit card (automatic),35.5,249.55,0
3977-QCRSL,Female,No,No,No,5,Yes,No,No,No,No,No,No,No,No,Month-to-month,No,Mailed check,20.15,117.95,0
0301-KOBTQ,Male,No,No,No,32,Yes,No,No,No,No,No,No,No,No,Two year,Yes,Bank transfer (automatic),20.05,614.45,0
0277-BKSQP,Male,No,Yes,Yes,8,Yes,No,DSL,No,No,No,No,Yes,No,Month-to-month,Yes,Electronic check,54.4,475.1,0
2364-UFROM,Male,No,No,No,30,Yes,No,DSL,Yes,Yes,No,Yes,Yes,No,One year,No,Electronic check,70.4,2044.75,0
2408-TZMJL,Male,No,Yes,No,59,Yes,Yes,Fiber optic,Yes,Yes,Yes,No,Yes,Yes,One year,Yes,Electronic check,110.15,6448.05,1
9158-VCTQB,Female,No,Yes,No,41,Yes,Yes,Fiber optic,Yes,Yes,Yes,Yes,Yes,Yes,Month-to-month,Yes,Bank transfer (automatic),113.6,4594.95,1
4763-PGDPO,Female,No,No,No,4,Yes,No,Fiber optic,No,No,No,No,No,No,Month-to-month,No,Electronic check,70.4,281.0,1
5834-ASPWA,Male,No,No,No,1,Yes,Yes,Fiber optic,No,No,No,No,No,No,Month-to-month,Yes,Electronic check,75.45,75.45,1
9926-PJHDQ,Female,No,Yes,Yes,72,Yes,Yes,DSL,No,No,Yes,No,Yes,Yes,Two year,Yes,Bank transfer (automatic),76.8,5468.45,0
2812-REYAT,Female,No,Yes,No,49,Yes,No,No,No,No,No,No,No,No,One year,Yes,Bank transfer (automatic),20.05,923.1,0
5364-XYIRR,Male,No,Yes,No,51,Yes,Yes,Fiber optic,No,No,No,No,Yes,Yes,Month-to-month,Yes,Electronic check,94.65,4812.75,1
0983-TATYJ,Female,No,Yes,No,33,Yes,No,DSL,No,No,No,Yes,No,No,One year,Yes,Mailed check,51.45,1758.9,0
5966-EMAZU,Male,No,Yes,No,64,Yes,Yes,Fiber optic,Yes,No,Yes,Yes,Yes,Yes,One year,Yes,Mailed check,108.5,6880.85,0
6504-VBLFL,Male,No,Yes,No,55,Yes,No,DSL,Yes,Yes,Yes,No,No,No,Two year,No,Electronic check,58.6,3068.6,0
6051-PTVNS,Female,No,Yes,Yes,55,Yes,No,No,No,No,No,No,No,No,One year,No,Credit card (automatic),19.15,998.1,0
3016-KSVCP,Male,No,Yes,No,29,No,No,DSL,No,No,No,No,Yes,No,Month-to-month,No,Mailed check,33.75,1009.25,0
2777-PHDEI,Female,No,No,No,1,Yes,No,Fiber optic,No,No,No,No,Yes,No,Month-to-month,No,Electronic check,78.05,78.05,1
6484-LATFU,Male,No,No,No,68,Yes,Yes,No,No,No,No,No,No,No,Two year,No,Mailed check,24.55,1657.4,0
4614-NUVZD,Female,No,No,No,1,Yes,No,Fiber optic,No,No,No,No,No,Yes,Month-to-month,Yes,Electronic check,81.1,81.1,1
2451-YMUXS,Male,Yes,No,No,67,Yes,Yes,DSL,Yes,Yes,No,Yes,No,No,Two year,Yes,Bank transfer (automatic),64.55,4250.1,0
3766-EJLFL,Female,No,Yes,Yes,68,Yes,Yes,Fiber optic,Yes,No,Yes,Yes,Yes,Yes,Two year,Yes,Bank transfer (automatic),109.05,7508.55,0
2446-PLQVO,Male,No,No,No,1,Yes,No,Fiber optic,No,No,No,No,No,No,Month-to-month,Yes,Electronic check,70.3,70.3,1
2509-TFPJU,Male,No,Yes,No,72,Yes,Yes,No,No,No,No,No,No,No,Two year,No,Credit card (automatic),25.75,1864.2,0
3746-EUBYR,Male,No,Yes,No,1,Yes,Yes,Fiber optic,No,No,No,No,No,No,Month-to-month,Yes,Bank transfer (automatic),74.6,74.6,1
6567-HOOPW,Female,Yes,No,No,1,Yes,No,Fiber optic,No,No,No,No,Yes,No,Month-to-month,Yes,Electronic check,79.2,79.2,1
7351-KYHQH,Female,Yes,No,No,7,Yes,No,DSL,No,Yes,Yes,No,Yes,No,Month-to-month,Yes,Electronic check,64.95,493.65,0
0314-TKOSI,Female,No,No,No,6,Yes,No,DSL,Yes,Yes,No,No,No,No,Month-to-month,No,Mailed check,55.15,322.9,0
5542-DHSXL,Female,No,Yes,No,4,Yes,No,DSL,Yes,Yes,No,No,No,No,Month-to-month,No,Mailed check,54.7,235.05,0
4702-HDRKD,Male,No,No,No,67,No,No,DSL,Yes,No,Yes,Yes,Yes,No,One year,Yes,Bank transfer (automatic),49.35,3321.35,0
0464-WJTKO,Female,No,Yes,Yes,72,Yes,No,No,No,No,No,No,No,No,Two year,No,Bank transfer (automatic),20.1,1460.85,0
1956-YIFGE,Male,No,Yes,Yes,22,Yes,No,Fiber optic,No,Yes,Yes,No,Yes,Yes,One year,Yes,Mailed check,100.05,2090.25,0
3987-KQDDU,Male,No,No,No,9,Yes,No,Fiber optic,Yes,No,No,No,No,No,Month-to-month,No,Electronic check,75.6,661.55,0
2386-OWURY,Female,No,No,No,58,Yes,No,Fiber optic,No,No,No,Yes,Yes,Yes,Month-to-month,Yes,Electronic check,95.3,5817.7,0
4983-CCWMC,Male,No,No,No,3,Yes,No,Fiber optic,No,No,No,No,No,No,Month-to-month,Yes,Mailed check,69.6,207.4,0
6551-ZCOTS,Male,Yes,No,No,33,Yes,Yes,No,No,No,No,No,No,No,One year,Yes,Bank transfer (automatic),24.9,847.8,0
7520-HQWJU,Female,No,Yes,Yes,66,Yes,Yes,DSL,Yes,Yes,Yes,No,No,No,Month-to-month,Yes,Bank transfer (automatic),67.45,4508.65,0
6854-EXGSF,Female,No,No,No,8,Yes,Yes,DSL,Yes,Yes,Yes,No,No,No,Month-to-month,Yes,Bank transfer (automatic),65.5,573.15,0
0519-DRGTI,Female,No,Yes,Yes,20,Yes,No,No,No,No,No,No,No,No,Month-to-month,No,Mailed check,20.35,442.6,0
6899-PPEEA,Female,Yes,No,No,37,Yes,Yes,Fiber optic,No,No,No,No,Yes,Yes,Month-to-month,Yes,Electronic check,96.55,3580.3,1
6603-QWSPR,Female,No,No,No,46,Yes,No,Fiber optic,No,Yes,Yes,Yes,Yes,Yes,Two year,Yes,Bank transfer (automatic),104.4,4904.2,0
3546-GHEAE,Male,No,No,No,7,Yes,No,No,No,No,No,No,No,No,Two year,No,Mailed check,19.45,165.35,0
8908-SLFCJ,Female,No,No,No,21,Yes,No,No,No,No,No,No,No,No,Two year,Yes,Credit card (automatic),20.85,435.25,0
4695-VADHF,Male,No,Yes,Yes,18,Yes,No,DSL,No,No,Yes,No,No,Yes,Month-to-month,No,Electronic check,57.45,990.85,1
3049-NDXFL,Female,No,No,No,1,Yes,Yes,Fiber optic,No,No,No,No,No,Yes,Month-to-month,No,Mailed check,85.8,85.8,1
4143-OOBWZ,Male,No,Yes,No,5,Yes,Yes,Fiber optic,No,Yes,No,No,No,No,Month-to-month,Yes,Electronic check,81.3,416.3,1
5649-VUKMC,Female,No,No,No,12,Yes,No,Fiber optic,No,No,Yes,No,Yes,Yes,One year,No,Mailed check,95.5,1115.15,1
8216-AZUUZ,Female,No,Yes,Yes,42,Yes,No,Fiber optic,No,No,Yes,Yes,Yes,Yes,Two year,Yes,Electronic check,100.4,4303.65,0
5485-WUYWF,Male,Yes,No,No,2,Yes,No,DSL,Yes,No,Yes,No,Yes,No,Month-to-month,No,Bank transfer (automatic),66.4,94.55,1
1656-DRSMG,Female,No,No,No,63,Yes,Yes,Fiber optic,No,Yes,Yes,Yes,Yes,Yes,Month-to-month,Yes,Credit card (automatic),109.85,7002.95,0
7881-INRLC,Male,No,No,No,45,Yes,Yes,Fiber optic,No,Yes,No,No,Yes,Yes,Month-to-month,Yes,Credit card (automatic),100.85,4740.0,1
4323-ELYYB,Male,No,Yes,Yes,13,Yes,No,No,No,No,No,No,No,No,One year,No,Mailed check,20.0,218.55,0
4431-EDMIQ,Female,No,Yes,Yes,7,Yes,No,DSL,Yes,Yes,Yes,Yes,Yes,No,Month-to-month,Yes,Electronic check,75.7,554.05,0
3866-MDTUB,Female,No,No,No,2,Yes,No,DSL,Yes,No,No,No,Yes,Yes,Month-to-month,Yes,Electronic check,70.75,146.9,1
1216-BGTSP,Male,No,No,No,45,Yes,Yes,Fiber optic,Yes,No,Yes,Yes,Yes,Yes,Month-to-month,Yes,Credit card (automatic),108.45,4964.7,0
9327-QSDED,Male,No,No,No,8,Yes,No,DSL,No,No,No,No,No,No,Month-to-month,No,Mailed check,43.55,335.4,0
5924-IFQTT,Male,No,Yes,Yes,13,Yes,Yes,DSL,No,Yes,Yes,Yes,Yes,No,Month-to-month,Yes,Electronic check,72.8,930.05,0
6603-YRDCJ,Male,No,Yes,No,33,Yes,No,DSL,Yes,Yes,No,Yes,No,No,Two year,Yes,Mailed check,61.05,2018.4,0
4826-DXMUP,Male,No,No,Yes,35,Yes,No,DSL,No,No,No,Yes,Yes,Yes,One year,Yes,Mailed check,72.1,2495.15,0
1088-CNNKB,Male,No,Yes,No,63,Yes,Yes,DSL,Yes,Yes,Yes,Yes,No,Yes,One year,No,Credit card (automatic),80.0,5040.2,0
1200-TUZHR,Female,Yes,No,No,8,Yes,Yes,Fiber optic,No,No,No,No,No,Yes,Month-to-month,No,Electronic check,85.2,695.75,0
0218-QNVAS,Male,No,Yes,Yes,71,Yes,Yes,Fiber optic,No,Yes,No,No,Yes,Yes,One year,No,Bank transfer (automatic),100.55,7113.75,0
2013-SGDXK,Female,No,No,No,1,Yes,No,Fiber optic,No,Yes,No,No,Yes,No,Month-to-month,No,Electronic check,84.3,84.3,1
5760-FXFVO,Male,No,No,No,6,Yes,No,Fiber optic,Yes,Yes,No,No,No,No,Month-to-month,Yes,Electronic check,78.95,494.95,0
7739-LAXOG,Female,No,Yes,Yes,32,Yes,Yes,Fiber optic,No,No,Yes,No,No,Yes,Month-to-month,Yes,Bank transfer (automatic),91.05,2954.5,1
7619-ODSGN,Male,No,Yes,Yes,24,Yes,Yes,DSL,Yes,No,No,No,No,No,Month-to-month,No,Electronic check,54.75,1338.15,1
9163-GHAYE,Female,No,No,No,15,Yes,No,DSL,No,Yes,No,No,No,No,Month-to-month,No,Electronic check,48.85,736.8,0
5642-MHDQT,Female,No,Yes,Yes,53,Yes,No,No,No,No,No,No,No,No,One year,Yes,Bank transfer (automatic),19.85,1039.45,0
2831-EBWRN,Male,No,No,No,4,Yes,No,DSL,No,No,No,No,No,No,Month-to-month,Yes,Electronic check,45.9,199.75,0
0133-BMFZO,Female,No,No,No,2,Yes,No,Fiber optic,Yes,Yes,No,Yes,No,No,Month-to-month,Yes,Electronic check,86.25,181.65,1
0052-YNYOT,Female,No,No,No,67,Yes,No,No,No,No,No,No,No,No,One year,No,Electronic check,20.55,1343.4,0
9776-CLUJA,Female,Yes,Yes,No,51,Yes,Yes,Fiber optic,Yes,No,No,No,No,No,Month-to-month,Yes,Electronic check,77.5,3807.35,1
2075-PUEPR,Male,No,Yes,Yes,55,Yes,No,No,No,No,No,No,No,No,Two year,No,Bank transfer (automatic),19.35,1153.25,0
2834-SPCJV,Male,No,Yes,No,52,Yes,No,Fiber optic,Yes,No,No,No,Yes,No,Month-to-month,No,Electronic check,84.1,4348.65,1
1219-NNDDO,Female,No,No,No,9,Yes,Yes,Fiber optic,No,No,No,No,No,No,Month-to-month,Yes,Electronic check,76.85,663.55,0
8718-PTMEZ,Female,No,No,No,13,No,No,DSL,No,Yes,No,No,No,No,Month-to-month,Yes,Electronic check,31.05,347.25,1
5077-DXTCG,Female,No,No,No,1,Yes,No,DSL,No,No,No,No,No,No,Month-to-month,Yes,Electronic check,45.3,45.3,1
9565-DJPIB,Female,No,No,Yes,4,Yes,Yes,Fiber optic,No,Yes,No,No,Yes,No,Month-to-month,No,Mailed check,89.6,365.65,1
5193-QLVZB,Male,No,No,No,63,Yes,Yes,Fiber optic,No,Yes,Yes,No,Yes,Yes,Two year,Yes,Bank transfer (automatic),104.75,6536.5,0
3841-NFECX,Female,Yes,Yes,No,71,Yes,Yes,Fiber optic,Yes,Yes,Yes,Yes,No,No,Two year,Yes,Credit card (automatic),96.35,6766.95,0
6022-UGGSO,Female,Yes,No,No,32,Yes,No,Fiber optic,No,Yes,No,No,No,No,Month-to-month,Yes,Electronic check,74.4,2276.95,1
7318-EIVKO,Male,No,No,No,8,Yes,Yes,DSL,No,No,No,No,Yes,No,Month-to-month,Yes,Electronic check,59.25,436.6,0
1545-JFUML,Male,No,Yes,No,71,Yes,Yes,Fiber optic,Yes,Yes,Yes,No,Yes,No,Two year,Yes,Electronic check,99.0,6994.6,0
3633-CDBUW,Male,No,No,Yes,17,Yes,No,DSL,No,Yes,Yes,Yes,Yes,Yes,One year,No,Electronic check,80.85,1445.95,0
7404-JLKQG,Female,No,No,No,3,Yes,No,DSL,No,No,Yes,No,Yes,No,Month-to-month,No,Electronic check,57.55,161.45,0
1121-QSIVB,Female,No,No,Yes,44,Yes,Yes,DSL,No,Yes,No,No,Yes,Yes,One year,Yes,Mailed check,77.55,3471.1,0
0396-HUJBP,Female,No,No,No,2,Yes,No,No,No,No,No,No,No,No,Month-to-month,No,Mailed check,19.3,44.4,0
0067-DKWBL,Male,Yes,No,No,2,Yes,No,DSL,Yes,No,No,No,No,No,Month-to-month,Yes,Electronic check,49.25,91.1,1
3070-FNFZQ,Female,No,Yes,Yes,23,Yes,No,No,No,No,No,No,No,No,Two year,No,Bank transfer (automatic),20.4,478.75,0
3091-FYHKI,Male,No,No,No,1,No,No,DSL,No,No,No,No,No,Yes,Month-to-month,Yes,Electronic check,35.45,35.45,1
8679-LZBMD,Male,No,Yes,No,44,Yes,No,Fiber optic,No,No,No,No,Yes,Yes,One year,Yes,Bank transfer (automatic),90.65,3974.15,0
5789-LDFXO,Male,No,No,No,24,Yes,Yes,No,No,No,No,No,No,No,One year,No,Electronic check,24.6,592.65,0
3935-TBRZZ,Male,No,Yes,Yes,44,Yes,Yes,No,No,No,No,No,No,No,One year,No,Mailed check,25.7,1110.5,0
5076-YVXCM,Male,No,No,No,51,Yes,Yes,Fiber optic,No,No,No,No,No,Yes,Month-to-month,No,Bank transfer (automatic),83.4,4149.45,0
3973-SKMLN,Male,No,No,No,71,Yes,No,No,No,No,No,No,No,No,Two year,Yes,Credit card (automatic),19.9,1355.1,0
0374-IOEGQ,Female,No,No,No,3,Yes,No,DSL,No,No,No,No,No,No,Month-to-month,No,Electronic check,44.6,122.7,0
8000-REIQB,Female,Yes,No,No,1,Yes,No,Fiber optic,No,No,No,No,No,No,Month-to-month,Yes,Electronic check,69.95,69.95,1
3351-NGXYI,Female,Yes,No,No,16,Yes,Yes,DSL,Yes,No,No,No,No,No,Month-to-month,Yes,Electronic check,54.1,889.0,0
6339-TBELP,Male,No,No,No,71,Yes,Yes,Fiber optic,No,No,Yes,Yes,No,No,Two year,Yes,Credit card (automatic),86.4,6172.0,0
7945-HLKEA,Female,No,No,No,60,Yes,Yes,DSL,Yes,No,Yes,Yes,No,No,One year,No,Electronic check,64.75,4039.5,0
6521-YYTYI,Male,No,No,Yes,1,Yes,Yes,Fiber optic,No,No,No,No,Yes,Yes,Month-to-month,Yes,Electronic check,93.3,93.3,1
2662-NNTDK,Male,No,No,No,65,Yes,Yes,No,No,No,No,No,No,No,One year,No,Credit card (automatic),24.8,1600.95,0
7638-QVMVY,Female,No,No,No,7,Yes,No,Fiber optic,No,No,No,No,Yes,No,Month-to-month,Yes,Electronic check,79.0,522.95,1
0697-ZMSWS,Male,No,No,No,4,Yes,Yes,Fiber optic,No,No,No,No,No,Yes,Month-to-month,Yes,Electronic check,85.65,338.9,1
9889-TMAHG,Male,Yes,No,No,8,Yes,No,Fiber optic,Yes,No,No,Yes,Yes,Yes,Month-to-month,No,Credit card (automatic),100.3,832.35,1
1684-FLBGS,Female,No,Yes,Yes,23,Yes,Yes,DSL,No,Yes,No,Yes,Yes,No,Month-to-month,Yes,Credit card (automatic),69.5,1652.1,0
9494-BDNNC,Male,No,Yes,No,66,Yes,Yes,Fiber optic,No,Yes,Yes,No,No,Yes,One year,No,Electronic check,95.3,6273.4,0
8799-OXZMD,Female,No,No,No,28,No,No,DSL,No,No,Yes,No,No,No,Month-to-month,Yes,Mailed check,29.75,790.7,0
8259-DZLIZ,Female,No,Yes,Yes,64,Yes,Yes,DSL,No,Yes,No,No,No,No,One year,Yes,Bank transfer (automatic),53.85,3399.85,0
6999-CHVCF,Male,No,No,No,68,Yes,Yes,Fiber optic,Yes,Yes,Yes,No,No,Yes,Two year,Yes,Bank transfer (automatic),102.1,7149.35,0
8631-WUXGY,Female,No,No,Yes,46,Yes,No,Fiber optic,No,Yes,Yes,No,Yes,Yes,Month-to-month,Yes,Electronic check,99.8,4391.25,0
0774-IFUVM,Male,No,Yes,Yes,11,Yes,Yes,DSL,Yes,No,No,No,Yes,No,Month-to-month,Yes,Bank transfer (automatic),65.15,723.35,0
4534-WGCIR,Female,No,Yes,Yes,58,Yes,Yes,No,No,No,No,No,No,No,Two year,No,Credit card (automatic),25.15,1509.9,0
5734-EJKXG,Female,No,No,No,61,Yes,Yes,Fiber optic,Yes,Yes,Yes,Yes,Yes,Yes,One year,Yes,Electronic check,118.6,7365.7,0
9801-GDWGV,Female,No,No,No,39,Yes,Yes,Fiber optic,No,Yes,Yes,No,Yes,Yes,Month-to-month,Yes,Electronic check,103.45,3994.45,1
9489-JMTTN,Female,No,Yes,Yes,72,Yes,Yes,DSL,Yes,Yes,Yes,Yes,Yes,Yes,Two year,No,Credit card (automatic),89.75,6595.9,0
4707-MAXGU,Male,No,Yes,No,72,Yes,Yes,No,No,No,No,No,No,No,Two year,No,Credit card (automatic),25.85,1872.2,0
6641-XRPSU,Female,No,No,No,34,Yes,No,Fiber optic,No,No,No,No,No,No,Month-to-month,Yes,Credit card (automatic),70.0,2416.1,1
5136-GFPMB,Male,No,No,No,54,Yes,Yes,Fiber optic,No,No,Yes,No,No,Yes,Month-to-month,No,Credit card (automatic),89.4,4869.5,0
6175-IRFIT,Male,No,No,No,5,Yes,No,Fiber optic,No,No,No,No,No,Yes,Month-to-month,No,Mailed check,78.75,426.35,0
2253-KPMNB,Female,No,Yes,Yes,69,No,No,DSL,Yes,Yes,Yes,Yes,No,No,Two year,No,Bank transfer (automatic),46.25,3121.4,0
6101-IMRMM,Male,No,No,Yes,6,Yes,No,Fiber optic,No,No,Yes,No,Yes,Yes,Month-to-month,No,Mailed check,94.5,575.45,1
1569-TTNYJ,Male,No,Yes,No,5,Yes,Yes,Fiber optic,No,Yes,No,No,No,No,Month-to-month,Yes,Electronic check,78.75,412.1,1
5244-IRFIH,Male,Yes,Yes,No,33,Yes,Yes,Fiber optic,No,No,No,No,Yes,Yes,Month-to-month,Yes,Electronic check,94.5,3105.55,1
9802-CAQUT,Female,No,Yes,Yes,72,Yes,Yes,Fiber optic,Yes,Yes,Yes,No,Yes,Yes,Two year,No,Credit card (automatic),109.55,7887.25,0
3148-BLQJT,Male,No,No,No,1,Yes,No,No,No,No,No,No,No,No,Month-to-month,No,Mailed check,20.1,20.1,1
7524-VRLPL,Male,Yes,No,No,69,Yes,Yes,DSL,Yes,No,Yes,Yes,No,Yes,Two year,No,Credit card (automatic),74.1,5031.0,0
2516-VQRRV,Female,Yes,No,No,2,Yes,Yes,Fiber optic,No,No,No,No,No,No,Month-to-month,Yes,Mailed check,75.45,158.4,1
1641-BYBTK,Male,No,No,Yes,6,Yes,No,No,No,No,No,No,No,No,Month-to-month,Yes,Mailed check,20.2,98.35,0
3758-CKOQL,Female,No,Yes,No,59,Yes,Yes,Fiber optic,Yes,Yes,Yes,Yes,No,Yes,One year,Yes,Credit card (automatic),107.0,6152.3,0
0322-CHQRU,Male,No,No,No,2,Yes,No,DSL,No,No,No,No,No,No,Month-to-month,No,Electronic check,45.35,89.5,1
4274-OWWYO,Male,No,No,No,1,Yes,No,Fiber optic,No,Yes,No,No,No,No,Month-to-month,Yes,Electronic check,74.35,74.35,1
1722-LDZJS,Male,No,Yes,Yes,53,Yes,No,No,No,No,No,No,No,No,One year,No,Credit card (automatic),20.2,1068.15,0
7339-POGZN,Female,No,No,No,4,Yes,Yes,DSL,No,No,No,No,No,No,Month-to-month,No,Electronic check,50.7,214.55,0
3694-GLTJM,Female,No,No,No,5,Yes,No,No,No,No,No,No,No,No,Month-to-month,Yes,Credit card (automatic),19.65,92.05,0
2302-ANTDP,Female,Yes,Yes,No,48,Yes,Yes,Fiber optic,Yes,Yes,Yes,Yes,Yes,Yes,Month-to-month,No,Electronic check,117.45,5438.9,1
0617-AQNWT,Female,No,Yes,No,64,No,No,DSL,Yes,No,Yes,Yes,No,Yes,Two year,No,Electronic check,47.85,3147.5,1
2615-YVMYX,Male,Yes,Yes,No,71,Yes,Yes,Fiber optic,Yes,Yes,Yes,No,Yes,Yes,Month-to-month,Yes,Electronic check,107.5,7713.55,0
1395-WSWXR,Male,No,No,No,24,Yes,No,No,No,No,No,No,No,No,Two year,No,Mailed check,20.75,487.05,0
9891-NQDBD,Female,No,Yes,No,28,Yes,Yes,No,No,No,No,No,No,No,One year,No,Mailed check,25.55,672.2,0
4455-BFSPD,Female,No,Yes,No,61,Yes,Yes,Fiber optic,No,No,No,Yes,Yes,Yes,One year,No,Bank transfer (automatic),101.15,6383.9,0
8584-KMVXD,Female,No,No,No,8,Yes,No,Fiber optic,No,Yes,No,No,No,No,Month-to-month,No,Electronic check,75.6,535.55,0
3815-SLMEF,Female,No,No,No,3,No,No,DSL,Yes,No,No,Yes,No,No,Month-to-month,No,Mailed check,34.25,139.35,1
1955-IBMMB,Male,No,No,No,59,Yes,No,No,No,No,No,No,No,No,Two year,Yes,Bank transfer (automatic),20.2,1192.3,0
7319-VENRZ,Male,No,No,No,7,Yes,No,DSL,No,No,Yes,Yes,Yes,No,Month-to-month,No,Bank transfer (automatic),64.3,445.95,0
6771-XWBDM,Female,No,Yes,No,57,Yes,Yes,Fiber optic,No,Yes,Yes,No,Yes,Yes,Month-to-month,Yes,Credit card (automatic),104.5,5921.35,1
1744-JHKYS,Female,No,Yes,No,34,Yes,Yes,No,No,No,No,No,No,No,Month-to-month,No,Electronic check,24.7,780.2,0
5537-UXXVS,Female,No,Yes,No,20,Yes,No,No,No,No,No,No,No,No,Month-to-month,No,Bank transfer (automatic),19.25,375.25,0
8107-RZLNV,Male,No,Yes,No,72,Yes,Yes,Fiber optic,No,Yes,Yes,No,Yes,Yes,Two year,Yes,Bank transfer (automatic),106.3,7565.35,0
4013-UBXWQ,Female,No,No,No,7,Yes,Yes,DSL,No,No,No,Yes,Yes,Yes,Month-to-month,Yes,Electronic check,74.65,521.1,1
4398-HSCJH,Female,No,No,No,3,Yes,Yes,DSL,No,No,No,Yes,Yes,No,Month-to-month,Yes,Electronic check,63.6,155.65,1
7874-ECPQJ,Female,No,No,Yes,4,Yes,No,No,No,No,No,No,No,No,Month-to-month,Yes,Bank transfer (automatic),20.05,85.5,0
3519-ZKXGG,Female,No,Yes,No,3,Yes,Yes,Fiber optic,No,No,No,No,No,No,Month-to-month,Yes,Electronic check,75.85,256.6,1
1970-KKFWL,Female,No,No,No,35,Yes,Yes,No,No,No,No,No,No,No,Two year,No,Bank transfer (automatic),23.3,797.1,0
8165-CBKXO,Male,No,Yes,Yes,66,No,No,DSL,No,Yes,Yes,No,Yes,Yes,Two year,Yes,Credit card (automatic),56.75,3708.4,0
6023-GSSXW,Female,No,Yes,No,69,Yes,No,DSL,No,Yes,No,No,No,Yes,Two year,Yes,Credit card (automatic),61.45,4131.2,0
1539-LNKHM,Female,No,No,No,12,Yes,No,No,No,No,No,No,No,No,Month-to-month,No,Mailed check,20.4,266.6,0
6080-LNESI,Male,No,No,No,51,Yes,Yes,No,No,No,No,No,No,No,Two year,No,Mailed check,24.75,1234.6,0
3678-MNGZX,Male,No,Yes,Yes,68,Yes,No,No,No,No,No,No,No,No,Two year,No,Bank transfer (automatic),19.95,1377.7,0
0661-KQHNK,Female,No,Yes,Yes,6,Yes,No,No,No,No,No,No,No,No,One year,No,Credit card (automatic),19.0,105.5,0
7049-GKVZY,Female,No,No,No,17,Yes,No,DSL,Yes,Yes,No,Yes,Yes,Yes,One year,No,Credit card (automatic),79.85,1387.35,0
6734-CKRSM,Female,No,No,No,3,Yes,No,No,No,No,No,No,No,No,Month-to-month,No,Mailed check,20.0,63.6,0
8048-DSDFQ,Male,No,No,No,1,Yes,No,No,No,No,No,No,No,No,Month-to-month,No,Mailed check,20.2,20.2,0
1163-VIPRI,Female,No,Yes,Yes,65,Yes,Yes,Fiber optic,Yes,No,Yes,Yes,Yes,Yes,Two year,No,Electronic check,109.3,7337.55,0
5671-UUNXD,Female,Yes,Yes,No,50,Yes,Yes,Fiber optic,No,No,No,Yes,Yes,Yes,One year,Yes,Electronic check,100.65,5189.75,0
3452-ABWRL,Male,Yes,No,No,47,Yes,Yes,Fiber optic,No,No,No,No,Yes,No,Month-to-month,Yes,Credit card (automatic),86.05,3865.6,0
0973-KYVNF,Female,No,Yes,Yes,72,Yes,No,DSL,Yes,Yes,Yes,No,Yes,No,Two year,Yes,Credit card (automatic),70.65,5011.15,0
9412-ARGBX,Female,No,No,Yes,48,Yes,No,Fiber optic,No,Yes,Yes,Yes,Yes,No,Two year,Yes,Mailed check,95.5,4627.85,1
6173-ITPWD,Male,No,Yes,No,47,Yes,Yes,Fiber optic,No,Yes,Yes,No,No,No,Month-to-month,Yes,Bank transfer (automatic),83.35,4065.0,1
6910-HADCM,Female,No,No,No,1,Yes,No,Fiber optic,No,No,Yes,No,No,No,Month-to-month,No,Electronic check,76.35,76.35,1
4430-YHXGG,Female,No,No,Yes,4,Yes,Yes,No,No,No,No,No,No,No,Month-to-month,Yes,Mailed check,25.45,84.2,0
4160-AMJTL,Female,Yes,No,No,8,Yes,No,No,No,No,No,No,No,No,Month-to-month,No,Electronic check,19.65,164.3,1
0142-GVYSN,Male,No,No,No,26,Yes,No,No,No,No,No,No,No,No,Month-to-month,Yes,Electronic check,20.3,511.25,0
2501-XWWTZ,Male,No,No,No,11,Yes,No,Fiber optic,No,No,No,No,No,No,Month-to-month,No,Electronic check,70.2,760.05,0
9822-WMWVG,Female,No,No,No,41,Yes,Yes,Fiber optic,Yes,Yes,Yes,Yes,Yes,No,Month-to-month,Yes,Electronic check,106.5,4282.4,0
4115-NZRKS,Female,Yes,No,No,7,Yes,No,Fiber optic,No,No,No,No,Yes,Yes,Month-to-month,Yes,Electronic check,89.15,574.35,0
4698-KVLLG,Female,Yes,No,No,51,Yes,No,No,No,No,No,No,No,No,Two year,No,Credit card (automatic),19.6,967.9,0
8318-LCNBW,Male,No,Yes,No,35,No,No,DSL,Yes,No,Yes,No,Yes,Yes,One year,No,Credit card (automatic),53.15,1930.9,0
6537-OTKMY,Male,No,No,No,15,No,No,DSL,No,No,Yes,No,Yes,Yes,One year,No,Electronic check,50.75,688.2,0
7134-MJPDY,Female,Yes,No,No,66,Yes,Yes,Fiber optic,No,No,Yes,Yes,Yes,Yes,One year,Yes,Credit card (automatic),102.85,6976.75,0
9114-AAFQH,Female,No,Yes,No,48,Yes,No,DSL,No,Yes,Yes,No,No,Yes,One year,Yes,Electronic check,65.65,3094.65,0
6207-WIOLX,Female,No,Yes,Yes,25,No,No,DSL,Yes,Yes,Yes,No,Yes,Yes,Month-to-month,Yes,Credit card (automatic),58.6,1502.65,1
2120-SMPEX,Male,No,No,No,25,Yes,No,No,No,No,No,No,No,No,Month-to-month,Yes,Mailed check,20.15,536.35,0
0661-XEYAN,Female,Yes,No,No,1,No,No,DSL,No,No,No,No,No,No,Month-to-month,Yes,Mailed check,25.8,25.8,1
4616-ULAOA,Female,No,Yes,Yes,65,Yes,Yes,Fiber optic,No,Yes,Yes,Yes,Yes,Yes,Two year,Yes,Credit card (automatic),110.8,7245.9,0
9658-WYUFB,Female,No,No,No,17,Yes,Yes,Fiber optic,Yes,Yes,No,No,Yes,No,Month-to-month,Yes,Electronic check,94.4,1617.5,1
4355-HBJHH,Male,No,Yes,Yes,67,Yes,Yes,DSL,Yes,No,Yes,No,Yes,Yes,Two year,Yes,Electronic check,79.7,5293.4,1
2026-TGDHM,Female,No,No,No,7,Yes,No,Fiber optic,No,No,No,No,No,Yes,Month-to-month,Yes,Electronic check,79.3,523.15,1
1091-SOZGA,Female,No,Yes,Yes,56,Yes,Yes,Fiber optic,No,No,Yes,No,Yes,Yes,One year,Yes,Credit card (automatic),99.8,5515.45,0
6818-DJXAA,Female,No,No,Yes,10,Yes,No,Fiber optic,No,No,Yes,Yes,Yes,No,Month-to-month,Yes,Electronic check,91.1,964.35,0
3551-HUAZH,Male,Yes,No,No,1,Yes,Yes,Fiber optic,No,No,No,No,No,No,Month-to-month,Yes,Electronic check,74.4,74.4,1
6538-POCHL,Male,No,No,No,33,Yes,No,Fiber optic,No,Yes,Yes,No,No,No,Month-to-month,Yes,Credit card (automatic),79.0,2576.8,0
6016-NXBNJ,Male,No,No,No,35,Yes,No,No,No,No,No,No,No,No,One year,Yes,Mailed check,19.15,638.0,0
9732-OUYRN,Female,No,Yes,No,49,Yes,No,No,No,No,No,No,No,No,One year,No,Credit card (automatic),19.0,918.7,0
9139-TWBAS,Female,No,Yes,No,26,No,No,DSL,Yes,Yes,Yes,No,Yes,No,One year,No,Bank transfer (automatic),47.85,1190.5,0
6473-ULUHT,Male,No,Yes,Yes,16,Yes,Yes,DSL,Yes,Yes,No,Yes,Yes,Yes,Month-to-month,No,Electronic check,84.9,1398.25,0
2968-SSGAA,Female,No,No,No,10,Yes,Yes,Fiber optic,No,No,Yes,No,Yes,Yes,Month-to-month,Yes,Electronic check,100.6,1060.2,1
8630-QSGXK,Male,No,Yes,No,51,Yes,Yes,DSL,No,No,No,Yes,Yes,Yes,Two year,Yes,Bank transfer (automatic),75.2,3901.25,0
6729-FZWSY,Male,No,No,No,67,Yes,No,No,No,No,No,No,No,No,One year,Yes,Mailed check,19.45,1195.95,0
5148-ORICT,Female,No,Yes,No,64,Yes,No,DSL,Yes,Yes,Yes,Yes,No,Yes,Two year,Yes,Mailed check,74.35,4759.55,0
0195-IESCP,Male,No,Yes,No,10,Yes,Yes,Fiber optic,No,No,No,No,No,Yes,Month-to-month,Yes,Electronic check,85.25,855.3,1
8208-EUMTE,Male,No,No,No,16,No,No,DSL,Yes,Yes,Yes,Yes,Yes,No,Two year,No,Mailed check,54.85,916.15,0
0822-QGCXA,Female,Yes,Yes,No,27,Yes,Yes,DSL,No,Yes,Yes,Yes,Yes,Yes,Month-to-month,No,Electronic check,83.85,2310.2,0
0511-JTEOY,Female,No,No,No,1,Yes,No,Fiber optic,No,No,No,No,No,No,Month-to-month,No,Mailed check,71.1,71.1,1
6551-GNYDG,Female,No,Yes,Yes,14,Yes,No,Fiber optic,No,No,No,No,No,Yes,Month-to-month,Yes,Bank transfer (automatic),80.9,1152.8,0
4088-YLDSU,Male,No,Yes,No,55,Yes,Yes,Fiber optic,No,No,Yes,Yes,Yes,Yes,One year,Yes,Electronic check,104.15,5743.05,1
5372-FBKBN,Female,No,No,Yes,21,Yes,No,No,No,No,No,No,No,No,Month-to-month,No,Mailed check,20.75,452.2,0
7610-TVOPG,Male,No,No,No,15,Yes,Yes,No,No,No,No,No,No,No,Month-to-month,Yes,Electronic check,26.35,378.6,0
3744-ZBHON,Female,No,No,No,3,Yes,No,No,No,No,No,No,No,No,Month-to-month,No,Electronic check,20.2,65.95,0
8746-OQQRW,Male,No,No,No,4,Yes,Yes,No,No,No,No,No,No,No,Month-to-month,No,Mailed check,25.25,101.9,0
7734-DBOAI,Female,No,Yes,Yes,1,No,No,DSL,No,No,No,Yes,Yes,No,Month-to-month,No,Electronic check,40.1,40.1,1
9065-ZCPQX,Male,No,Yes,No,72,Yes,Yes,DSL,Yes,Yes,Yes,Yes,No,Yes,Two year,No,Bank transfer (automatic),78.85,5763.15,0
1241-FPMOF,Male,No,No,No,52,Yes,No,No,No,No,No,No,No,No,Two year,No,Mailed check,19.65,1025.05,0
0002-ORFBO,Female,No,Yes,Yes,9,Yes,No,DSL,No,Yes,No,Yes,Yes,No,One year,Yes,Mailed check,65.6,593.3,0
3970-XGJDU,Female,No,No,No,62,Yes,No,No,No,No,No,No,No,No,Two year,Yes,Credit card (automatic),19.2,1123.65,0
8735-SDUFN,Female,Yes,Yes,No,72,Yes,Yes,No,No,No,No,No,No,No,Two year,No,Bank transfer (automatic),24.3,1778.7,0
1241-EZFMJ,Male,No,Yes,No,61,Yes,Yes,No,No,No,No,No,No,No,Two year,No,Bank transfer (automatic),25.45,1538.6,0
8845-LWKGE,Female,No,Yes,Yes,30,Yes,No,DSL,No,No,Yes,Yes,Yes,No,One year,Yes,Electronic check,64.5,1985.15,0
2262-SLNVK,Female,No,No,No,1,Yes,No,Fiber optic,No,No,No,No,No,No,Month-to-month,No,Electronic check,70.1,70.1,0
4112-LUEIZ,Male,No,No,No,10,Yes,No,Fiber optic,No,No,No,No,Yes,Yes,Month-to-month,Yes,Electronic check,89.5,863.1,1
0772-GYEQQ,Male,No,No,No,3,Yes,No,Fiber optic,No,No,Yes,Yes,Yes,No,Month-to-month,Yes,Mailed check,88.35,262.05,1
9391-TTOYH,Female,No,No,No,23,Yes,No,No,No,No,No,No,No,No,Month-to-month,Yes,Mailed check,19.5,470.2,0
1301-LOPVR,Male,No,Yes,Yes,29,No,No,DSL,Yes,Yes,Yes,Yes,No,Yes,One year,Yes,Credit card (automatic),55.35,1636.95,0
1334-FJSVR,Male,No,No,No,1,No,No,DSL,No,No,No,No,No,No,Month-to-month,Yes,Electronic check,24.25,24.25,1
7503-MIOGA,Female,Yes,Yes,No,72,Yes,Yes,DSL,Yes,Yes,Yes,Yes,Yes,Yes,Two year,Yes,Bank transfer (automatic),89.85,6697.35,0
6663-JOCQO,Male,No,Yes,Yes,31,Yes,Yes,DSL,Yes,Yes,No,Yes,No,Yes,One year,Yes,Bank transfer (automatic),75.25,2344.5,0
1346-PJWTK,Male,No,Yes,No,61,Yes,No,Fiber optic,No,Yes,Yes,Yes,No,Yes,Month-to-month,No,Credit card (automatic),94.15,5731.85,0
9924-JPRMC,Male,No,No,No,72,Yes,Yes,Fiber optic,Yes,Yes,Yes,Yes,Yes,Yes,Two year,Yes,Electronic check,118.2,8547.15,0
7273-TEFQD,Male,Yes,No,No,3,No,No,DSL,No,No,Yes,No,No,Yes,Month-to-month,Yes,Electronic check,41.15,132.2,1
5743-KHMNA,Male,No,No,No,71,Yes,Yes,No,No,No,No,No,No,No,Two year,No,Bank transfer (automatic),25.55,1898.1,0
2369-FEVNO,Male,No,No,No,1,Yes,No,No,No,No,No,No,No,No,Month-to-month,Yes,Mailed check,19.9,19.9,0
2696-NARTR,Male,No,No,No,11,Yes,No,Fiber optic,No,No,No,Yes,No,No,Month-to-month,Yes,Electronic check,73.85,926.25,1
9025-ZRPVR,Male,No,No,No,9,Yes,No,No,No,No,No,No,No,No,Month-to-month,Yes,Mailed check,18.95,185.6,1
1085-LDWAM,Female,No,Yes,Yes,69,Yes,No,No,No,No,No,No,No,No,One year,Yes,Credit card (automatic),20.35,1442.65,0
5762-TJXGK,Female,No,No,No,52,No,No,DSL,Yes,Yes,Yes,No,Yes,Yes,Two year,Yes,Bank transfer (automatic),58.75,3038.55,0
6393-WRYZE,Female,No,Yes,No,34,Yes,Yes,Fiber optic,No,No,No,No,Yes,Yes,Month-to-month,Yes,Electronic check,97.65,3207.55,1
5555-RNPGT,Male,No,No,Yes,10,Yes,Yes,No,No,No,No,No,No,No,Month-to-month,No,Credit card (automatic),24.8,223.9,0
5028-HTLJB,Male,Yes,No,No,1,Yes,No,No,No,No,No,No,No,No,Month-to-month,No,Mailed check,20.05,20.05,1
4441-NIHPT,Female,Yes,No,No,13,Yes,No,Fiber optic,No,No,Yes,No,No,No,Month-to-month,Yes,Electronic check,74.3,940.35,1
0840-DFEZH,Female,No,No,No,7,Yes,Yes,Fiber optic,No,No,No,No,No,No,Month-to-month,Yes,Electronic check,75.35,564.65,0
5171-EPLKN,Male,No,No,No,27,Yes,No,No,No,No,No,No,No,No,Two year,No,Credit card (automatic),19.85,470.0,0
9537-JALFH,Male,No,Yes,Yes,69,Yes,No,No,No,No,No,No,No,No,Two year,No,Bank transfer (automatic),19.9,1356.7,0
3454-JFUBC,Male,Yes,No,No,68,Yes,No,No,No,No,No,No,No,No,Two year,Yes,Credit card (automatic),20.0,1396.0,0
3055-VTCGS,Female,No,No,No,63,Yes,No,DSL,No,No,Yes,No,No,Yes,One year,No,Credit card (automatic),58.55,3503.5,0
7379-POKDZ,Male,No,Yes,No,3,Yes,No,Fiber optic,No,No,No,No,No,No,Month-to-month,Yes,Electronic check,70.3,208.85,1
9850-OWRHQ,Female,No,Yes,No,3,Yes,Yes,Fiber optic,No,No,No,No,No,No,Month-to-month,Yes,Credit card (automatic),74.1,228.0,1
7740-KKCXF,Male,No,Yes,No,51,No,No,DSL,No,Yes,No,No,No,No,Month-to-month,Yes,Credit card (automatic),30.05,1529.45,0
2005-DWQZJ,Female,No,Yes,Yes,8,Yes,No,No,No,No,No,No,No,No,Two year,No,Mailed check,19.05,201.7,0
0362-RAOQO,Female,No,No,No,40,Yes,No,No,No,No,No,No,No,No,Two year,No,Credit card (automatic),19.65,830.25,0
3258-SANFR,Male,Yes,No,No,6,Yes,No,DSL,No,No,No,No,No,No,Month-to-month,No,Credit card (automatic),44.7,276.5,0
0895-DQHEW,Male,No,Yes,No,54,Yes,Yes,Fiber optic,No,Yes,Yes,No,Yes,Yes,Month-to-month,Yes,Electronic check,104.3,5278.15,1
6368-TZZDT,Male,No,Yes,Yes,4,Yes,No,No,No,No,No,No,No,No,Two year,No,Credit card (automatic),19.5,96.85,0
2960-NKRSO,Male,No,No,No,24,Yes,No,Fiber optic,No,Yes,Yes,Yes,No,No,Month-to-month,Yes,Electronic check,85.95,2107.15,0
4081-DYXAV,Female,No,No,No,19,No,No,DSL,No,No,No,No,Yes,Yes,One year,Yes,Credit card (automatic),44.85,893.55,1
1195-OIYEJ,Male,No,No,No,13,Yes,No,Fiber optic,No,No,No,No,Yes,Yes,Month-to-month,Yes,Electronic check,91.1,1135.7,1
1527-SXDPN,Male,No,Yes,Yes,52,Yes,Yes,Fiber optic,No,No,Yes,Yes,No,Yes,Two year,Yes,Bank transfer (automatic),96.25,4990.25,1
7954-MLBUN,Male,No,No,No,31,Yes,No,Fiber optic,No,No,Yes,Yes,Yes,Yes,Two year,No,Bank transfer (automatic),99.45,3109.9,0
8167-GJLRN,Male,No,No,No,3,No,No,DSL,No,No,No,Yes,No,No,Month-to-month,No,Electronic check,30.4,82.15,0
8909-BOLNL,Male,No,No,No,3,Yes,No,No,No,No,No,No,No,No,One year,No,Mailed check,21.2,52.05,0
9451-LPGOO,Male,No,No,No,7,Yes,Yes,Fiber optic,No,No,No,No,No,Yes,Month-to-month,Yes,Electronic check,86.8,620.35,1
5370-IIVVL,Male,No,No,No,37,Yes,Yes,Fiber optic,No,Yes,No,Yes,Yes,Yes,One year,Yes,Credit card (automatic),104.5,3778.0,0
7398-HPYZQ,Male,No,Yes,No,71,Yes,Yes,DSL,Yes,Yes,Yes,Yes,Yes,Yes,Two year,No,Bank transfer (automatic),90.55,6404.0,0
6845-RGTYS,Female,No,Yes,No,47,Yes,Yes,Fiber optic,Yes,Yes,Yes,No,Yes,No,Month-to-month,Yes,Electronic check,98.75,4533.7,1
8395-ETZKQ,Male,Yes,Yes,Yes,68,Yes,No,No,No,No,No,No,No,No,One year,No,Bank transfer (automatic),19.5,1193.55,0
5440-FLBQG,Male,Yes,Yes,No,69,Yes,Yes,Fiber optic,No,Yes,Yes,Yes,Yes,Yes,Two year,Yes,Bank transfer (automatic),108.4,7318.2,1
0013-SMEOE,Female,Yes,Yes,No,71,Yes,No,Fiber optic,Yes,Yes,Yes,Yes,Yes,Yes,Two year,Yes,Bank transfer (automatic),109.7,7904.25,0
1790-NESIO,Female,No,No,No,13,Yes,No,No,No,No,No,No,No,No,Two year,Yes,Mailed check,20.4,261.3,0
8441-SHIPE,Female,No,No,No,67,Yes,Yes,No,No,No,No,No,No,No,Two year,Yes,Bank transfer (automatic),25.6,1790.35,0
8672-OAUPW,Male,No,No,Yes,51,Yes,No,DSL,No,No,No,Yes,No,No,One year,No,Credit card (automatic),47.85,2356.75,0
0689-NKYLF,Male,No,No,No,13,Yes,No,Fiber optic,No,No,Yes,No,Yes,No,Month-to-month,Yes,Electronic check,83.2,1060.6,1
8800-ZKRFW,Female,No,Yes,Yes,30,Yes,Yes,Fiber optic,No,Yes,Yes,Yes,Yes,Yes,Month-to-month,Yes,Electronic check,107.5,3242.5,0
9347-AERRL,Male,No,Yes,No,23,Yes,No,No,No,No,No,No,No,No,One year,No,Credit card (automatic),19.3,486.2,0
6888-SBYAI,Male,No,No,No,1,Yes,No,DSL,Yes,No,No,No,No,No,Month-to-month,Yes,Mailed check,50.7,50.7,0
4703-MQYKT,Male,No,No,No,21,Yes,No,No,No,No,No,No,No,No,Two year,No,Mailed check,19.6,390.4,0
2207-OBZNX,Male,No,No,No,7,Yes,No,DSL,Yes,No,No,No,No,No,Month-to-month,Yes,Mailed check,51.0,354.05,1
3472-QPRCH,Male,No,Yes,Yes,40,Yes,Yes,No,No,No,No,No,No,No,Two year,No,Credit card (automatic),25.25,1006.9,0
2410-CIYFZ,Male,No,No,Yes,2,Yes,No,No,No,No,No,No,No,No,Month-to-month,No,Mailed check,20.4,42.9,0
3253-HKOKL,Female,No,Yes,Yes,52,Yes,No,Fiber optic,Yes,No,Yes,No,Yes,Yes,One year,No,Electronic check,100.3,5244.45,0
7501-IWUNG,Female,No,Yes,Yes,61,Yes,No,DSL,No,No,Yes,Yes,Yes,Yes,Two year,Yes,Bank transfer (automatic),73.8,4616.05,0
1627-AFWVJ,Female,No,No,No,29,Yes,No,No,No,No,No,No,No,No,Two year,No,Mailed check,19.4,554.25,0
8152-UOBNY,Female,Yes,No,No,50,Yes,Yes,Fiber optic,No,Yes,No,Yes,Yes,Yes,One year,Yes,Electronic check,106.8,5347.95,0
8559-WNQZS,Male,No,No,No,1,Yes,No,No,No,No,No,No,No,No,Two year,No,Mailed check,20.45,20.45,0
9605-WGJVW,Female,Yes,No,No,1,Yes,No,Fiber optic,No,No,No,No,No,No,Month-to-month,Yes,Electronic check,70.2,70.2,0
8120-JDCAM,Male,No,Yes,Yes,4,Yes,No,Fiber optic,No,No,No,No,No,No,Month-to-month,Yes,Mailed check,69.55,284.9,0
0969-RGKCU,Male,No,Yes,Yes,37,Yes,No,No,No,No,No,No,No,No,One year,No,Credit card (automatic),19.8,677.05,0
2692-AQCPF,Female,No,Yes,No,65,Yes,Yes,Fiber optic,No,Yes,Yes,Yes,Yes,Yes,One year,Yes,Credit card (automatic),108.05,7118.9,0
1293-HHSHJ,Female,No,No,No,35,Yes,No,No,No,No,No,No,No,No,One year,No,Mailed check,21.1,741.0,0
5993-JSUWV,Female,No,No,No,66,Yes,No,DSL,Yes,Yes,Yes,No,No,No,Two year,Yes,Bank transfer (automatic),61.15,4017.45,0
4503-BDXBD,Male,No,No,No,11,Yes,No,Fiber optic,No,Yes,No,No,No,No,Month-to-month,No,Electronic check,74.95,815.5,1
3115-JPJDD,Female,No,Yes,No,59,Yes,No,Fiber optic,Yes,No,Yes,No,No,No,One year,Yes,Credit card (automatic),81.25,4639.45,0
9095-HFAFX,Female,No,No,No,5,Yes,No,Fiber optic,No,No,No,No,Yes,No,Month-to-month,Yes,Credit card (automatic),81.0,389.6,1
3791-LGQCY,Female,Yes,Yes,No,56,Yes,Yes,Fiber optic,No,No,Yes,No,Yes,Yes,Month-to-month,Yes,Bank transfer (automatic),100.65,5688.05,1
8676-TRMJS,Male,No,No,No,3,Yes,Yes,Fiber optic,No,No,No,No,No,No,Month-to-month,No,Mailed check,75.0,209.1,1
8232-CTLKO,Female,No,Yes,Yes,66,Yes,No,DSL,Yes,No,No,No,Yes,No,Two year,Yes,Electronic check,59.75,3996.8,0
1724-BQUHA,Male,Yes,No,No,5,Yes,No,Fiber optic,No,No,No,No,Yes,Yes,Month-to-month,Yes,Electronic check,89.5,477.7,1
0459-SPZHJ,Male,No,Yes,Yes,63,Yes,Yes,DSL,Yes,Yes,Yes,No,Yes,Yes,Two year,No,Credit card (automatic),83.5,5435.0,0
1591-XWLGB,Female,No,Yes,No,71,Yes,No,No,No,No,No,No,No,No,Two year,No,Credit card (automatic),19.85,1379.6,0
5778-BVOFB,Female,No,No,No,9,Yes,No,DSL,No,No,No,Yes,Yes,No,Month-to-month,Yes,Bank transfer (automatic),59.5,530.05,0
2408-PSJVE,Male,No,Yes,Yes,44,Yes,No,DSL,No,Yes,Yes,Yes,No,No,Month-to-month,Yes,Mailed check,61.9,2924.05,0
0096-FCPUF,Male,No,No,No,30,Yes,Yes,DSL,Yes,No,No,No,No,Yes,Month-to-month,Yes,Mailed check,64.5,1888.45,0
7382-DFJTU,Male,No,No,No,18,Yes,No,DSL,No,No,Yes,Yes,No,No,Month-to-month,No,Credit card (automatic),55.2,1058.1,0
6217-KDYWC,Male,No,No,Yes,57,Yes,No,No,No,No,No,No,No,No,Two year,Yes,Mailed check,19.6,1170.55,0
9970-QBCDA,Female,No,No,No,6,Yes,No,No,No,No,No,No,No,No,Month-to-month,No,Credit card (automatic),19.7,129.55,0
6746-WAUWT,Male,No,No,No,19,Yes,No,No,No,No,No,No,No,No,One year,Yes,Credit card (automatic),19.7,386.5,0
3173-NVMPX,Female,No,Yes,Yes,9,Yes,Yes,DSL,No,Yes,No,No,No,No,Month-to-month,Yes,Mailed check,55.3,501.2,0
3096-JRDSO,Female,Yes,Yes,No,27,Yes,Yes,Fiber optic,Yes,No,No,Yes,Yes,Yes,Month-to-month,Yes,Bank transfer (automatic),104.3,2867.75,1
2650-GYRYL,Male,No,Yes,Yes,33,Yes,No,No,No,No,No,No,No,No,One year,Yes,Bank transfer (automatic),19.45,600.25,0
2587-EKXTS,Male,No,No,No,44,Yes,Yes,Fiber optic,Yes,Yes,Yes,No,Yes,Yes,Month-to-month,Yes,Electronic check,111.5,4915.15,0
7854-FOKSF,Male,No,No,No,1,No,No,DSL,No,No,No,No,No,Yes,Month-to-month,No,Electronic check,35.9,35.9,1
2882-WDTBA,Male,No,Yes,Yes,69,Yes,No,DSL,Yes,Yes,Yes,Yes,Yes,No,Two year,Yes,Bank transfer (automatic),75.75,5388.15,0
9371-BITHB,Female,No,Yes,Yes,52,Yes,No,No,No,No,No,No,No,No,Two year,No,Mailed check,19.85,1070.5,0
5442-BXVND,Female,No,Yes,Yes,33,Yes,Yes,No,No,No,No,No,No,No,Month-to-month,No,Bank transfer (automatic),24.25,838.5,0
0641-EVBOJ,Male,No,No,No,3,Yes,No,Fiber optic,Yes,No,No,Yes,No,No,Month-to-month,Yes,Mailed check,82.3,214.4,0
9833-TGFHX,Male,No,Yes,Yes,42,Yes,Yes,Fiber optic,Yes,No,No,No,Yes,Yes,One year,No,Electronic check,97.1,4016.75,0
2428-ZMCTB,Male,No,No,No,10,Yes,No,No,No,No,No,No,No,No,Month-to-month,No,Credit card (automatic),19.75,208.25,0
4393-RYCRE,Male,No,No,No,44,Yes,No,Fiber optic,Yes,Yes,Yes,No,Yes,Yes,One year,Yes,Electronic check,106.05,4510.8,0
4829-AUOAX,Female,No,No,No,46,Yes,Yes,Fiber optic,No,No,No,No,Yes,Yes,Month-to-month,No,Bank transfer (automatic),96.05,4399.5,1
1069-QJOEE,Male,No,Yes,Yes,25,Yes,No,No,No,No,No,No,No,No,One year,No,Electronic check,19.9,505.45,0
9391-YZEJW,Female,No,No,No,62,Yes,Yes,Fiber optic,No,No,No,No,Yes,Yes,One year,Yes,Bank transfer (automatic),94.0,5757.2,0
9058-HRZSV,Female,Yes,Yes,No,65,Yes,No,Fiber optic,Yes,Yes,Yes,No,No,Yes,Month-to-month,No,Electronic check,94.4,6126.15,0
3521-MNKLV,Male,No,No,No,24,Yes,No,DSL,No,No,Yes,No,No,No,Month-to-month,Yes,Mailed check,49.7,1167.8,0
8006-PYCSW,Female,No,No,No,2,Yes,No,No,No,No,No,No,No,No,Month-to-month,No,Mailed check,20.1,39.8,0
6008-NAIXK,Male,Yes,No,No,54,No,No,DSL,No,Yes,Yes,No,Yes,Yes,One year,Yes,Electronic check,55.45,2966.95,0
2087-QAREY,Female,No,Yes,No,22,Yes,No,DSL,No,Yes,Yes,No,No,No,Month-to-month,Yes,Mailed check,54.7,1178.75,0
5006-MXVRN,Female,No,No,No,39,Yes,No,No,No,No,No,No,No,No,Two year,No,Credit card (automatic),20.7,762.45,0
1383-EZRWL,Female,No,No,No,7,Yes,No,No,No,No,No,No,No,No,Month-to-month,No,Mailed check,20.05,164.85,1
9279-CJEOJ,Female,Yes,No,No,21,Yes,Yes,Fiber optic,No,No,No,No,Yes,Yes,Month-to-month,Yes,Bank transfer (automatic),95.4,2025.1,0
6861-XWTWQ,Male,Yes,Yes,No,7,Yes,Yes,Fiber optic,No,No,Yes,No,Yes,Yes,Month-to-month,Yes,Electronic check,99.25,665.45,1
5944-UGLLK,Male,No,No,No,53,No,No,DSL,No,No,Yes,Yes,Yes,Yes,One year,No,Credit card (automatic),54.9,3045.75,0
7601-DHFWZ,Female,No,No,No,48,Yes,Yes,No,No,No,No,No,No,No,Two year,No,Credit card (automatic),24.0,1183.05,0
8624-GIOUT,Female,No,No,No,49,Yes,Yes,DSL,Yes,Yes,No,No,No,No,Month-to-month,Yes,Credit card (automatic),59.75,2934.3,1
8314-HTWVE,Female,No,Yes,Yes,7,Yes,No,No,No,No,No,No,No,No,Two year,No,Mailed check,19.85,144.15,0
4334-HOWRP,Male,Yes,Yes,No,72,No,No,DSL,Yes,Yes,Yes,Yes,Yes,Yes,Two year,Yes,Credit card (automatic),64.95,4546.0,0
7594-LZNWR,Male,Yes,No,No,34,Yes,No,Fiber optic,No,No,No,No,No,No,Month-to-month,No,Credit card (automatic),69.15,2275.1,0
4023-RTIQM,Female,Yes,Yes,No,31,No,No,DSL,Yes,Yes,Yes,No,No,Yes,One year,Yes,Credit card (automatic),50.4,1580.1,0
1309-BXVOQ,Male,No,Yes,No,21,Yes,Yes,Fiber optic,No,No,Yes,Yes,Yes,Yes,Month-to-month,Yes,Electronic check,106.1,2249.95,1
0406-BPDVR,Female,Yes,Yes,No,54,Yes,Yes,Fiber optic,No,Yes,No,No,Yes,Yes,One year,Yes,Credit card (automatic),101.5,5373.1,1
2911-WDXMV,Male,No,No,Yes,18,Yes,Yes,Fiber optic,No,No,Yes,No,No,No,Month-to-month,Yes,Credit card (automatic),80.55,1406.65,0
4713-ZBURT,Male,No,No,Yes,45,Yes,Yes,Fiber optic,No,No,Yes,No,Yes,Yes,Two year,No,Bank transfer (automatic),99.7,4634.35,0
3957-SQXML,Female,No,Yes,Yes,34,Yes,Yes,No,No,No,No,No,No,No,Two year,No,Credit card (automatic),24.95,894.3,0
3487-EARAT,Female,No,Yes,Yes,70,Yes,No,DSL,Yes,Yes,Yes,Yes,No,Yes,One year,No,Credit card (automatic),74.1,5222.3,0
6394-HHHZM,Male,No,No,No,3,Yes,No,No,No,No,No,No,No,No,Month-to-month,No,Mailed check,20.7,57.5,0
4123-DVHPH,Male,No,Yes,No,9,Yes,Yes,Fiber optic,Yes,No,No,No,No,Yes,Month-to-month,Yes,Electronic check,88.05,801.3,0
1010-DIAUQ,Male,No,No,No,5,Yes,No,Fiber optic,No,No,Yes,No,Yes,Yes,Month-to-month,No,Bank transfer (automatic),96.5,492.55,1
0019-EFAEP,Female,No,No,No,72,Yes,Yes,Fiber optic,Yes,Yes,Yes,No,Yes,No,Two year,Yes,Bank transfer (automatic),101.3,7261.25,0
1729-VLAZJ,Female,No,No,Yes,10,No,No,DSL,Yes,Yes,No,Yes,No,No,One year,No,Mailed check,40.25,411.45,0
2357-COQEK,Female,Yes,No,No,28,Yes,Yes,Fiber optic,No,No,Yes,Yes,Yes,Yes,Month-to-month,Yes,Electronic check,103.3,2890.65,1
4512-ZUIYL,Female,No,No,No,2,Yes,No,Fiber optic,No,No,No,No,No,No,Month-to-month,No,Bank transfer (automatic),70.0,153.05,1
3806-DXQOM,Female,No,No,No,4,No,No,DSL,Yes,Yes,No,No,No,No,Month-to-month,Yes,Electronic check,33.65,137.85,1
9774-NRNAU,Male,Yes,Yes,No,27,Yes,Yes,DSL,No,Yes,Yes,Yes,Yes,Yes,Month-to-month,Yes,Bank transfer (automatic),84.8,2309.55,0
0991-BRRFB,Male,No,No,No,18,Yes,No,DSL,Yes,No,No,No,No,No,Month-to-month,No,Electronic check,49.4,874.8,1
1475-VWVDO,Male,No,No,No,7,Yes,No,Fiber optic,No,No,Yes,No,No,No,Month-to-month,Yes,Electronic check,74.9,490.55,0
1134-YWTYF,Male,No,Yes,No,27,Yes,No,DSL,No,Yes,No,Yes,No,No,Month-to-month,Yes,Electronic check,53.8,1389.85,0
0336-KXKFK,Male,No,No,No,72,No,No,DSL,Yes,No,Yes,Yes,Yes,Yes,Two year,Yes,Credit card (automatic),61.2,4390.25,0
7115-IRDHS,Female,No,Yes,No,72,Yes,Yes,No,No,No,No,No,No,No,Two year,No,Bank transfer (automatic),24.65,1830.05,0
7883-ROJOC,Female,No,Yes,No,19,Yes,No,DSL,No,No,No,No,No,No,Month-to-month,No,Mailed check,44.9,839.65,0
5186-EJEGL,Male,No,No,No,9,Yes,No,DSL,Yes,No,Yes,Yes,Yes,No,Month-to-month,Yes,Mailed check,69.5,653.25,0
1428-GTBJJ,Male,No,No,No,11,Yes,No,Fiber optic,No,Yes,No,No,No,No,Month-to-month,Yes,Electronic check,74.55,824.75,1
0257-ZESQC,Female,Yes,Yes,No,27,Yes,No,Fiber optic,Yes,No,No,No,No,No,Month-to-month,Yes,Bank transfer (automatic),75.2,1929.35,1
9027-YFHQJ,Male,No,No,No,7,Yes,Yes,No,No,No,No,No,No,No,Month-to-month,Yes,Bank transfer (automatic),25.05,152.95,0
2972-YDYUW,Female,No,No,No,57,Yes,Yes,Fiber optic,No,Yes,No,Yes,No,Yes,One year,No,Electronic check,94.7,5468.95,0
7813-ZGGAW,Male,Yes,No,No,31,Yes,Yes,Fiber optic,No,No,Yes,Yes,Yes,No,Month-to-month,Yes,Bank transfer (automatic),96.6,2877.95,0
6457-USBER,Male,No,No,No,1,Yes,No,Fiber optic,No,No,No,No,No,Yes,Month-to-month,Yes,Electronic check,80.8,80.8,1
0114-IGABW,Female,No,Yes,No,71,No,No,DSL,No,Yes,Yes,Yes,Yes,Yes,Two year,No,Bank transfer (automatic),58.25,4145.9,0
0704-VCUMB,Female,No,Yes,No,61,Yes,No,No,No,No,No,No,No,No,Two year,No,Credit card (automatic),20.25,1278.8,0
3982-XWFZQ,Female,No,Yes,No,42,Yes,Yes,DSL,No,No,No,No,No,No,Month-to-month,Yes,Electronic check,50.25,2203.65,1
8740-CRYFY,Male,No,No,No,1,Yes,No,Fiber optic,No,No,No,No,Yes,No,Month-to-month,Yes,Electronic check,78.95,78.95,1
3439-GVUSX,Male,No,No,No,1,No,No,DSL,No,No,No,No,No,No,Month-to-month,No,Mailed check,24.4,24.4,0
5278-PNYOX,Female,No,No,No,49,Yes,No,Fiber optic,No,No,Yes,Yes,Yes,Yes,Two year,No,Credit card (automatic),100.65,4917.75,0
1794-HBQTJ,Female,No,No,No,1,Yes,No,DSL,Yes,No,No,No,No,No,Month-to-month,Yes,Credit card (automatic),48.6,48.6,1
8263-QMNTJ,Male,No,Yes,No,72,Yes,Yes,Fiber optic,Yes,Yes,Yes,Yes,Yes,Yes,Two year,Yes,Electronic check,115.55,8425.3,0
7055-VKGDA,Male,No,No,No,54,Yes,No,Fiber optic,Yes,Yes,No,Yes,Yes,Yes,One year,Yes,Credit card (automatic),105.4,5643.4,1
1624-NALOJ,Male,Yes,No,No,5,Yes,Yes,Fiber optic,No,Yes,No,No,No,Yes,Month-to-month,Yes,Electronic check,89.8,502.6,1
1325-USMEC,Male,No,Yes,No,70,Yes,Yes,Fiber optic,Yes,Yes,Yes,No,Yes,No,Two year,Yes,Credit card (automatic),99.35,6944.5,0
2959-FENLU,Female,No,No,No,9,Yes,No,Fiber optic,No,No,Yes,No,No,Yes,Month-to-month,Yes,Credit card (automatic),85.3,781.4,0
6542-LWGXJ,Male,No,Yes,No,3,No,No,DSL,No,No,No,No,No,No,Month-to-month,No,Mailed check,25.0,78.25,0
3118-UHVVQ,Female,No,Yes,No,68,Yes,Yes,No,No,No,No,No,No,No,Two year,No,Credit card (automatic),25.8,1911.5,0
6906-MPARY,Male,No,No,No,40,Yes,No,Fiber optic,No,Yes,No,Yes,No,Yes,One year,Yes,Credit card (automatic),89.6,3488.15,0
6702-OHFWR,Male,Yes,No,No,1,No,No,DSL,No,Yes,Yes,No,No,Yes,Month-to-month,Yes,Electronic check,43.3,43.3,1
2674-MLXMN,Female,Yes,No,No,71,Yes,Yes,Fiber optic,No,Yes,No,No,Yes,Yes,Month-to-month,Yes,Credit card (automatic),99.65,6951.15,0
1842-EZJMK,Male,No,Yes,Yes,50,Yes,Yes,Fiber optic,No,Yes,No,Yes,Yes,Yes,Month-to-month,No,Electronic check,103.7,5071.05,1
8430-TWCBX,Female,No,Yes,No,49,Yes,No,No,No,No,No,No,No,No,One year,No,Credit card (automatic),20.7,1032.05,0
3370-HXOPH,Female,No,No,No,3,Yes,Yes,Fiber optic,No,No,No,No,No,No,Month-to-month,No,Electronic check,76.1,257.6,0
8606-CIQUL,Male,Yes,Yes,Yes,72,Yes,Yes,Fiber optic,Yes,Yes,Yes,Yes,Yes,Yes,Two year,Yes,Credit card (automatic),115.75,8399.15,0
7109-MFBYV,Male,No,No,No,26,Yes,No,DSL,No,No,No,No,No,No,Month-to-month,No,Electronic check,45.45,1233.15,0
1353-LJWEM,Male,No,No,No,11,Yes,No,DSL,No,Yes,Yes,Yes,No,No,Month-to-month,Yes,Electronic check,60.9,688.5,0
4877-TSOFF,Female,No,Yes,Yes,55,Yes,Yes,DSL,Yes,Yes,No,Yes,No,Yes,One year,Yes,Bank transfer (automatic),75.75,4264.25,0
8164-OCKUJ,Female,No,Yes,Yes,59,Yes,No,No,No,No,No,No,No,No,Two year,No,Mailed check,20.6,1286.0,0
7061-OVMIM,Female,No,Yes,Yes,30,Yes,No,No,No,No,No,No,No,No,One year,No,Bank transfer (automatic),19.55,608.5,0
8388-FYNPZ,Male,No,No,No,4,Yes,No,DSL,Yes,No,Yes,No,No,No,Month-to-month,No,Electronic check,56.75,245.15,0
8118-LSUEL,Male,Yes,No,No,23,Yes,Yes,Fiber optic,No,Yes,Yes,No,Yes,Yes,Month-to-month,Yes,Electronic check,106.4,2483.5,1
4824-GUCBY,Female,Yes,No,No,22,Yes,No,Fiber optic,Yes,Yes,No,No,No,No,Month-to-month,No,Electronic check,81.7,1820.9,0
9544-PYPSJ,Female,Yes,Yes,Yes,62,Yes,Yes,Fiber optic,No,Yes,Yes,No,No,Yes,Month-to-month,Yes,Credit card (automatic),96.1,6019.35,0
0237-YFUTL,Female,No,Yes,No,50,Yes,Yes,Fiber optic,Yes,Yes,No,Yes,Yes,Yes,Month-to-month,Yes,Bank transfer (automatic),109.65,5405.8,0
6527-PZFPV,Male,No,Yes,Yes,24,Yes,No,No,No,No,No,No,No,No,One year,Yes,Credit card (automatic),20.8,469.65,0
1460-UZPRJ,Male,No,Yes,No,60,Yes,No,No,No,No,No,No,No,No,Two year,No,Mailed check,19.95,1258.15,0
3540-RZJYU,Female,No,No,No,15,Yes,No,Fiber optic,Yes,No,No,No,Yes,No,Month-to-month,No,Electronic check,86.2,1270.2,1
5018-GWURO,Female,No,Yes,No,56,Yes,Yes,Fiber optic,No,No,No,No,Yes,No,Month-to-month,Yes,Bank transfer (automatic),85.6,4902.8,0
2955-PSXOE,Female,No,No,No,1,Yes,No,No,No,No,No,No,No,No,Month-to-month,Yes,Bank transfer (automatic),20.2,20.2,1
3258-SYSWS,Male,Yes,No,No,72,Yes,Yes,Fiber optic,Yes,Yes,Yes,Yes,Yes,Yes,Two year,No,Bank transfer (automatic),113.8,7845.8,0
0673-IGUQO,Male,No,No,No,1,Yes,No,No,No,No,No,No,No,No,Month-to-month,No,Mailed check,20.45,20.45,0
4018-KJYUY,Male,No,No,Yes,22,Yes,No,No,No,No,No,No,No,No,Month-to-month,No,Credit card (automatic),20.15,432.5,0
1875-QIVME,Female,No,Yes,No,2,Yes,Yes,Fiber optic,No,No,Yes,Yes,Yes,Yes,Month-to-month,Yes,Electronic check,104.4,242.8,1
8250-ZNGGW,Female,Yes,No,No,5,Yes,No,DSL,Yes,Yes,No,Yes,No,No,Month-to-month,No,Credit card (automatic),59.9,287.85,0
2931-VUVJN,Female,Yes,Yes,No,59,Yes,Yes,Fiber optic,Yes,Yes,Yes,Yes,No,No,One year,Yes,Electronic check,94.05,5483.9,0
6221-AVQYL,Male,No,No,No,2,Yes,Yes,Fiber optic,No,No,No,No,No,No,Month-to-month,Yes,Credit card (automatic),73.25,131.05,1
6016-LVTJQ,Female,No,Yes,Yes,34,Yes,No,No,No,No,No,No,No,No,Month-to-month,No,Mailed check,20.65,716.4,0
8439-LTUGF,Male,No,No,No,10,Yes,No,No,No,No,No,No,No,No,Month-to-month,Yes,Credit card (automatic),20.0,198.6,0
6537-QLGEX,Female,No,No,No,16,No,No,DSL,Yes,No,No,No,Yes,No,Month-to-month,Yes,Electronic check,38.9,664.4,0
8917-SZTTJ,Male,No,Yes,Yes,60,Yes,No,No,No,No,No,No,No,No,Two year,No,Credit card (automatic),19.65,1161.75,0
2379-ENZGV,Male,No,No,No,6,Yes,No,Fiber optic,No,Yes,No,No,Yes,No,Month-to-month,Yes,Electronic check,84.85,523.5,1
4445-ZJNMU,Male,No,No,No,9,Yes,Yes,Fiber optic,No,Yes,No,No,Yes,Yes,Month-to-month,Yes,Credit card (automatic),99.3,918.75,0
3569-VLDHH,Male,No,Yes,Yes,66,Yes,No,DSL,Yes,Yes,Yes,Yes,Yes,No,One year,Yes,Electronic check,75.1,5013.0,0
0057-QBUQH,Female,No,No,Yes,43,Yes,Yes,No,No,No,No,No,No,No,Two year,Yes,Electronic check,25.1,1070.15,0
8739-WWKDU,Male,Yes,No,No,25,Yes,Yes,Fiber optic,No,Yes,No,No,Yes,No,Month-to-month,Yes,Electronic check,89.5,2196.15,1
7016-NVRIC,Male,Yes,Yes,No,29,Yes,No,Fiber optic,Yes,No,Yes,No,No,Yes,One year,No,Bank transfer (automatic),90.1,2656.7,0
1231-YNDEK,Male,No,No,No,58,Yes,No,No,No,No,No,No,No,No,Two year,Yes,Bank transfer (automatic),19.15,1035.5,0
1862-SKORY,Female,Yes,Yes,No,40,No,No,DSL,No,Yes,No,No,Yes,No,Month-to-month,Yes,Electronic check,39.3,1637.4,1
7011-CVEUC,Male,No,Yes,No,25,Yes,No,Fiber optic,No,No,No,Yes,Yes,Yes,Month-to-month,Yes,Credit card (automatic),95.7,2338.35,0
7306-YDSOI,Male,No,Yes,Yes,69,Yes,No,DSL,Yes,Yes,Yes,No,No,No,Two year,Yes,Bank transfer (automatic),59.75,4069.9,0
9933-QRGTX,Female,No,Yes,No,60,Yes,No,Fiber optic,Yes,No,No,Yes,Yes,Yes,Two year,Yes,Electronic check,97.2,5611.75,0
2371-JQHZZ,Male,No,Yes,No,24,Yes,Yes,Fiber optic,No,No,No,No,Yes,Yes,Month-to-month,Yes,Electronic check,93.0,2248.05,0
1078-TDCRN,Female,Yes,Yes,No,3,No,No,DSL,No,Yes,No,No,No,No,Month-to-month,Yes,Electronic check,30.75,82.85,0
4184-TJFAN,Female,Yes,Yes,Yes,3,Yes,No,Fiber optic,Yes,No,No,Yes,Yes,No,Month-to-month,Yes,Mailed check,88.3,273.75,1
4750-UKWJK,Female,Yes,Yes,No,37,Yes,No,No,No,No,No,No,No,No,One year,No,Mailed check,19.6,727.8,0
4154-AQUGT,Male,Yes,Yes,No,13,Yes,No,Fiber optic,No,Yes,No,Yes,No,Yes,Month-to-month,Yes,Bank transfer (automatic),89.05,1169.35,1
7912-SYRQT,Female,No,No,No,7,Yes,Yes,Fiber optic,No,No,No,No,No,No,Month-to-month,Yes,Bank transfer (automatic),75.1,552.95,1
8565-CLBZW,Male,No,No,No,24,Yes,Yes,Fiber optic,No,No,Yes,No,Yes,No,Month-to-month,Yes,Mailed check,89.85,2165.05,1
0463-ZSDNT,Male,No,No,No,10,Yes,No,DSL,No,No,No,No,No,Yes,Month-to-month,Yes,Bank transfer (automatic),56.75,503.25,0
5256-SKJGO,Female,No,Yes,Yes,64,No,No,DSL,No,Yes,No,Yes,Yes,Yes,Two year,Yes,Electronic check,54.6,3423.5,0
1023-BQXZE,Male,No,No,No,57,Yes,No,DSL,Yes,No,Yes,No,Yes,Yes,Two year,Yes,Bank transfer (automatic),74.35,4317.35,0
4603-JANFB,Male,No,No,No,1,Yes,No,Fiber optic,No,No,No,No,No,No,Month-to-month,Yes,Electronic check,69.85,69.85,1
4061-UKJWL,Male,No,No,No,3,Yes,No,DSL,No,No,No,No,No,No,Month-to-month,No,Mailed check,45.45,141.7,0
7241-AJHFS,Male,No,No,No,32,Yes,Yes,Fiber optic,Yes,No,No,Yes,No,No,Month-to-month,No,Bank transfer (automatic),87.65,2766.4,0
0916-QOFDP,Female,Yes,Yes,Yes,14,Yes,Yes,Fiber optic,No,No,No,No,Yes,Yes,Month-to-month,Yes,Electronic check,95.8,1346.3,0
9495-SKLKD,Male,No,Yes,Yes,45,Yes,Yes,Fiber optic,No,Yes,Yes,No,No,Yes,Month-to-month,Yes,Bank transfer (automatic),95.95,4456.65,0
0840-DCNZE,Male,No,No,No,47,Yes,No,DSL,Yes,Yes,Yes,Yes,Yes,Yes,One year,Yes,Bank transfer (automatic),86.95,4138.9,0
0106-GHRQR,Male,No,No,No,16,Yes,Yes,DSL,No,Yes,Yes,No,No,Yes,Month-to-month,Yes,Bank transfer (automatic),71.4,1212.1,0
8495-PRWFH,Female,Yes,No,No,42,Yes,Yes,DSL,No,No,Yes,No,No,No,Month-to-month,No,Electronic check,55.65,2421.75,0
8617-ENBDS,Male,No,No,No,3,Yes,No,Fiber optic,No,No,Yes,No,No,No,Month-to-month,Yes,Credit card (automatic),73.6,232.5,0
8580-AECUZ,Male,Yes,No,No,1,Yes,No,Fiber optic,No,No,No,No,Yes,No,Month-to-month,Yes,Electronic check,79.1,79.1,1
5663-QBGIS,Male,Yes,Yes,No,72,Yes,Yes,Fiber optic,No,Yes,No,No,Yes,Yes,Two year,No,Bank transfer (automatic),98.35,6929.4,0
1485-YDHMM,Male,No,Yes,Yes,52,Yes,Yes,Fiber optic,No,Yes,No,Yes,No,Yes,Month-to-month,Yes,Bank transfer (automatic),93.25,4631.7,0
3396-DKDEL,Female,No,Yes,Yes,70,Yes,Yes,Fiber optic,Yes,Yes,Yes,Yes,Yes,Yes,Two year,Yes,Credit card (automatic),115.15,8250.0,0
8350-NYMVI,Female,No,No,No,39,No,No,DSL,No,Yes,Yes,Yes,No,No,Month-to-month,No,Bank transfer (automatic),41.1,1597.05,0
4283-IVYCI,Male,No,No,No,9,Yes,No,DSL,Yes,No,No,Yes,No,Yes,Month-to-month,No,Mailed check,64.95,547.8,0
0373-AIVNJ,Male,No,No,No,9,No,No,DSL,Yes,Yes,Yes,No,No,No,One year,No,Mailed check,39.55,373.0,0
3786-WOVKF,Female,Yes,Yes,No,72,Yes,Yes,Fiber optic,Yes,Yes,No,No,Yes,Yes,One year,Yes,Bank transfer (automatic),106.85,7677.4,0
7488-MXJIV,Female,No,No,No,4,Yes,Yes,Fiber optic,No,No,No,No,Yes,No,Month-to-month,Yes,Electronic check,85.65,321.65,1
9928-BZVLZ,Female,No,No,No,12,No,No,DSL,Yes,No,Yes,Yes,No,Yes,Two year,No,Mailed check,49.85,552.1,0
4986-MXSFP,Female,No,No,No,2,Yes,No,No,No,No,No,No,No,No,Month-to-month,Yes,Mailed check,20.0,40.9,0
1820-DJFPH,Female,No,Yes,Yes,72,Yes,Yes,No,No,No,No,No,No,No,Two year,Yes,Bank transfer (automatic),24.05,1709.15,0
9281-CEDRU,Female,No,Yes,No,68,Yes,No,DSL,No,Yes,No,Yes,Yes,No,Two year,No,Bank transfer (automatic),64.1,4326.25,0
7853-GVUDZ,Female,No,Yes,Yes,1,Yes,No,No,No,No,No,No,No,No,Month-to-month,Yes,Credit card (automatic),20.15,20.15,1
8095-WANWK,Female,No,No,No,10,Yes,No,DSL,No,No,No,No,No,No,Month-to-month,No,Mailed check,45.25,428.7,0
0422-UXFAP,Female,No,Yes,No,51,Yes,Yes,Fiber optic,No,No,Yes,No,Yes,Yes,One year,Yes,Electronic check,98.85,4947.55,0
4939-KYYPY,Male,No,No,No,27,Yes,Yes,DSL,No,No,Yes,Yes,No,No,Month-to-month,No,Electronic check,59.45,1611.65,0
8963-MQVYN,Female,No,No,Yes,22,Yes,No,No,No,No,No,No,No,No,Month-to-month,Yes,Electronic check,20.55,469.85,0
8908-NMQTX,Male,No,No,No,72,No,No,DSL,Yes,Yes,Yes,Yes,Yes,Yes,Two year,Yes,Bank transfer (automatic),65.6,4566.5,0
7028-DVOIQ,Male,Yes,No,No,35,Yes,Yes,Fiber optic,No,No,Yes,No,Yes,Yes,Month-to-month,Yes,Electronic check,99.05,3395.8,1
1013-QCWAM,Female,Yes,Yes,No,66,Yes,Yes,Fiber optic,No,Yes,No,No,Yes,Yes,Month-to-month,Yes,Electronic check,100.8,6690.75,0
6954-OOYZZ,Male,No,Yes,No,18,Yes,No,DSL,No,No,No,No,No,No,Month-to-month,Yes,Bank transfer (automatic),44.35,768.05,0
9958-MEKUC,Male,No,Yes,Yes,72,Yes,Yes,Fiber optic,Yes,Yes,Yes,Yes,No,Yes,Two year,No,Credit card (automatic),103.95,7517.7,0
8644-XYTSV,Male,No,Yes,No,42,No,No,DSL,Yes,No,No,No,Yes,No,Month-to-month,Yes,Bank transfer (automatic),40.15,1626.05,0
5419-JKZNQ,Male,Yes,Yes,No,30,Yes,Yes,Fiber optic,No,No,No,No,No,No,Month-to-month,No,Mailed check,77.9,2351.45,0
8942-DBMHZ,Male,No,No,No,12,Yes,No,No,No,No,No,No,No,No,Month-to-month,No,Mailed check,20.45,255.35,0
1106-HRLKZ,Male,No,Yes,Yes,40,Yes,No,No,No,No,No,No,No,No,Two year,No,Mailed check,19.6,808.95,0
2959-EEXWB,Female,No,Yes,Yes,45,No,No,DSL,Yes,No,No,No,Yes,Yes,Month-to-month,Yes,Bank transfer (automatic),50.9,2333.85,0
1853-ARAAQ,Female,No,No,No,26,No,No,DSL,No,No,Yes,No,Yes,Yes,Month-to-month,Yes,Credit card (automatic),50.35,1277.5,0
4813-HQMGZ,Female,No,Yes,No,8,Yes,Yes,Fiber optic,No,No,No,Yes,No,Yes,Month-to-month,Yes,Electronic check,90.25,743.75,0
3969-GYXEL,Female,No,No,No,11,Yes,No,Fiber optic,Yes,No,No,No,No,No,Month-to-month,No,Electronic check,76.4,838.7,0
4184-VODJZ,Male,No,Yes,Yes,63,Yes,Yes,Fiber optic,No,Yes,No,No,No,Yes,One year,Yes,Electronic check,91.35,5764.7,0
1585-MQSSU,Male,No,No,No,17,Yes,No,DSL,No,No,No,Yes,No,No,Month-to-month,No,Mailed check,51.5,900.5,1
7707-PYBBH,Male,No,No,No,40,Yes,No,DSL,Yes,Yes,No,Yes,No,No,Month-to-month,Yes,Mailed check,61.9,2647.1,0
3389-KTRXV,Female,No,Yes,Yes,23,Yes,Yes,No,No,No,No,No,No,No,Two year,No,Mailed check,23.85,625.65,0
5774-XZTQC,Female,No,Yes,Yes,7,Yes,No,No,No,No,No,No,No,No,Month-to-month,No,Mailed check,20.45,150.75,0
3082-YVEKW,Female,No,Yes,Yes,23,Yes,Yes,DSL,Yes,No,Yes,Yes,Yes,No,Two year,Yes,Bank transfer (automatic),77.15,1759.4,0
4254-QPEDE,Female,No,Yes,No,52,No,No,DSL,Yes,Yes,Yes,Yes,Yes,Yes,Two year,No,Credit card (automatic),66.25,3330.1,0
1891-QRQSA,Male,Yes,Yes,Yes,64,Yes,Yes,Fiber optic,Yes,No,Yes,Yes,Yes,Yes,Two year,Yes,Bank transfer (automatic),111.6,7099.0,0
4003-FUSHP,Male,No,No,No,19,Yes,No,DSL,No,No,No,Yes,Yes,No,Month-to-month,Yes,Credit card (automatic),61.55,1093.2,0
7504-UWHNB,Male,No,No,No,25,Yes,No,Fiber optic,No,No,No,No,No,No,Month-to-month,No,Electronic check,69.75,1729.35,0
2226-ICFDO,Female,No,Yes,Yes,72,Yes,Yes,DSL,Yes,No,Yes,Yes,Yes,Yes,Two year,Yes,Credit card (automatic),85.9,6110.75,0
9254-RBFON,Female,No,Yes,Yes,17,Yes,No,Fiber optic,No,No,Yes,Yes,Yes,Yes,One year,No,Bank transfer (automatic),98.6,1704.95,1
5669-SRAIP,Female,No,No,No,5,No,No,DSL,No,No,Yes,No,No,Yes,Month-to-month,No,Electronic check,39.5,210.75,1
1177-XZBJL,Male,No,Yes,Yes,53,Yes,Yes,DSL,Yes,Yes,No,Yes,No,No,One year,No,Bank transfer (automatic),64.15,3491.55,0
9773-PEQBZ,Male,No,No,No,10,Yes,Yes,Fiber optic,No,Yes,No,No,No,No,Month-to-month,No,Electronic check,79.85,797.25,0
3452-SRFEG,Male,No,No,No,49,Yes,Yes,Fiber optic,No,No,No,No,No,No,Month-to-month,Yes,Bank transfer (automatic),74.6,3720.35,0
1089-HDMKP,Male,Yes,No,Yes,11,Yes,No,DSL,No,Yes,No,Yes,No,No,Month-to-month,Yes,Electronic check,54.55,601.25,0
4083-BFNYK,Female,Yes,Yes,No,38,Yes,Yes,Fiber optic,Yes,Yes,No,No,No,Yes,One year,No,Credit card (automatic),95.0,3591.25,0
0748-RDGGM,Male,No,Yes,No,70,Yes,No,Fiber optic,Yes,Yes,Yes,Yes,Yes,Yes,One year,Yes,Bank transfer (automatic),109.5,7534.65,1
4670-TABXH,Male,No,Yes,No,72,Yes,Yes,Fiber optic,No,Yes,Yes,Yes,Yes,Yes,Two year,Yes,Credit card (automatic),109.75,7758.9,0
5975-BAICR,Male,No,Yes,Yes,36,Yes,No,DSL,Yes,No,Yes,No,No,Yes,One year,Yes,Credit card (automatic),63.7,2188.5,0
2274-XUATA,Male,Yes,Yes,No,72,No,No,DSL,Yes,Yes,Yes,Yes,Yes,Yes,Two year,Yes,Bank transfer (automatic),63.1,4685.55,0
4530-NDRKU,Female,No,Yes,Yes,42,Yes,No,No,No,No,No,No,No,No,One year,Yes,Electronic check,19.05,761.85,0
8946-BFWSG,Male,No,Yes,Yes,63,Yes,Yes,No,No,No,No,No,No,No,Two year,No,Mailed check,25.25,1573.05,0
5181-OABFK,Female,No,Yes,Yes,56,Yes,No,DSL,Yes,Yes,Yes,No,No,No,Two year,Yes,Credit card (automatic),61.3,3346.8,0
3662-FXJFO,Female,No,No,No,54,Yes,No,No,No,No,No,No,No,No,Two year,Yes,Mailed check,20.5,1035.7,0
8099-MZPUJ,Male,No,Yes,Yes,48,Yes,Yes,Fiber optic,Yes,Yes,Yes,Yes,Yes,Yes,Two year,No,Credit card (automatic),111.8,5443.65,0
4201-JMNGR,Female,Yes,No,No,1,Yes,No,DSL,Yes,No,Yes,No,No,No,Month-to-month,Yes,Electronic check,55.8,55.8,1
5155-AZQPB,Female,No,Yes,Yes,28,Yes,Yes,DSL,No,No,No,No,No,No,Month-to-month,No,Mailed check,49.9,1410.25,0
3137-LUPIX,Female,No,No,No,4,Yes,Yes,DSL,No,No,No,Yes,Yes,No,Month-to-month,Yes,Mailed check,64.4,253.0,0
8305-VHZBZ,Male,No,No,No,1,Yes,No,No,No,No,No,No,No,No,Month-to-month,Yes,Mailed check,20.2,20.2,1
4137-JOPHL,Female,No,No,No,50,Yes,No,Fiber optic,No,No,Yes,Yes,No,Yes,Two year,Yes,Bank transfer (automatic),89.7,4304.5,0
7519-JTWQH,Female,No,No,No,69,Yes,Yes,Fiber optic,No,Yes,Yes,Yes,Yes,Yes,Two year,Yes,Bank transfer (automatic),110.5,7455.45,0
6229-LSCKB,Male,Yes,No,No,6,Yes,No,Fiber optic,No,No,No,No,Yes,No,Month-to-month,Yes,Electronic check,79.7,497.6,0
4446-BZKHU,Male,No,Yes,No,61,Yes,Yes,Fiber optic,No,Yes,Yes,No,Yes,Yes,Month-to-month,Yes,Electronic check,105.55,6281.45,1
3023-GFLBR,Female,No,Yes,Yes,33,Yes,Yes,Fiber optic,No,No,No,No,No,Yes,Month-to-month,No,Credit card (automatic),86.15,2745.7,1
0103-CSITQ,Female,No,Yes,No,57,Yes,Yes,Fiber optic,No,Yes,Yes,Yes,Yes,Yes,One year,Yes,Bank transfer (automatic),109.4,6252.7,0
2954-PIBKO,Female,No,Yes,Yes,69,Yes,Yes,DSL,Yes,No,Yes,Yes,No,No,Two year,Yes,Credit card (automatic),64.15,4254.1,0
3097-IDVPU,Male,No,Yes,Yes,19,Yes,Yes,DSL,No,No,No,No,No,No,Month-to-month,No,Credit card (automatic),50.1,910.45,0
6447-EGDIV,Female,No,No,No,31,Yes,No,No,No,No,No,No,No,No,One year,No,Mailed check,20.95,683.25,0
8242-JSVBO,Male,No,No,No,7,Yes,No,DSL,No,No,No,No,No,No,Month-to-month,Yes,Bank transfer (automatic),44.65,322.5,0
7872-BAAZR,Female,No,Yes,Yes,53,Yes,No,No,No,No,No,No,No,No,One year,No,Bank transfer (automatic),19.55,1007.9,0
6972-SNKKW,Female,No,No,No,6,Yes,No,No,No,No,No,No,No,No,Month-to-month,No,Mailed check,20.0,109.2,0
5294-CDGWY,Male,No,Yes,Yes,51,No,No,DSL,Yes,Yes,Yes,No,Yes,Yes,One year,No,Electronic check,59.3,3014.65,1
3494-JCHRQ,Male,No,No,No,1,Yes,No,Fiber optic,No,No,No,No,No,No,Month-to-month,Yes,Electronic check,70.05,70.05,1
0356-OBMAC,Female,Yes,No,No,56,Yes,Yes,Fiber optic,No,Yes,Yes,Yes,Yes,No,Two year,Yes,Bank transfer (automatic),99.9,5706.3,0
2817-LVCPP,Female,No,No,No,50,Yes,No,No,No,No,No,No,No,No,Two year,No,Credit card (automatic),19.4,1023.95,0
8008-OTEZX,Female,No,Yes,Yes,35,Yes,No,No,No,No,No,No,No,No,One year,No,Mailed check,19.65,708.8,0
7969-AULMZ,Female,No,No,No,21,Yes,Yes,Fiber optic,No,No,No,No,Yes,Yes,Month-to-month,Yes,Electronic check,97.35,2119.5,1
4548-SDBKE,Female,No,No,No,5,Yes,Yes,Fiber optic,No,No,No,No,Yes,No,Month-to-month,Yes,Electronic check,85.2,474.8,1
8314-DPQHL,Male,No,No,No,9,No,No,DSL,Yes,No,Yes,Yes,No,Yes,One year,No,Mailed check,50.8,463.6,0
4423-JWZJN,Male,No,Yes,Yes,64,Yes,Yes,Fiber optic,No,No,Yes,No,No,Yes,One year,No,Credit card (automatic),90.25,5629.15,0
3933-DQPWX,Female,No,No,No,50,No,No,DSL,No,Yes,Yes,Yes,No,No,Two year,No,Credit card (automatic),39.7,1932.75,0
3750-CKVKH,Male,No,No,No,2,Yes,No,Fiber optic,No,No,No,No,No,No,Month-to-month,Yes,Electronic check,67.75,116.65,1
3893-JRNFS,Male,No,No,No,68,No,No,DSL,No,No,Yes,No,No,Yes,Month-to-month,Yes,Bank transfer (automatic),39.9,2796.35,0
3470-BTGQO,Male,No,No,Yes,21,Yes,No,DSL,No,No,No,No,No,No,Month-to-month,No,Mailed check,45.65,985.05,0
9060-HJJRW,Female,No,No,No,51,No,No,DSL,No,Yes,Yes,No,Yes,Yes,One year,Yes,Credit card (automatic),56.4,2928.5,0
3415-TAILE,Female,No,Yes,Yes,2,Yes,No,DSL,No,No,No,No,Yes,Yes,Month-to-month,No,Mailed check,65.7,134.35,1
3325-FUYCG,Male,No,Yes,Yes,28,Yes,Yes,Fiber optic,Yes,Yes,No,No,Yes,Yes,One year,No,Electronic check,106.1,2847.4,1
5995-WWKKG,Female,No,No,No,37,Yes,No,No,No,No,No,No,No,No,One year,Yes,Electronic check,19.8,695.05,0
0308-IVGOK,Female,No,No,No,11,No,No,DSL,No,Yes,Yes,Yes,No,No,One year,Yes,Credit card (automatic),40.4,422.6,0
3570-YUEKJ,Female,No,No,No,42,Yes,No,DSL,No,Yes,No,No,No,No,Month-to-month,Yes,Electronic check,49.55,2077.95,0
7295-JOMMD,Female,No,No,Yes,4,Yes,No,Fiber optic,No,No,Yes,Yes,Yes,Yes,Month-to-month,Yes,Bank transfer (automatic),98.1,396.3,1
3190-FZATL,Male,No,No,Yes,14,Yes,No,No,No,No,No,No,No,No,Month-to-month,No,Mailed check,19.95,268.4,0
5893-PYOLZ,Male,No,No,No,56,Yes,No,DSL,No,Yes,Yes,Yes,Yes,Yes,Two year,Yes,Credit card (automatic),81.8,4534.45,0
3522-CDKHF,Female,No,Yes,No,32,Yes,No,Fiber optic,Yes,No,No,No,No,No,Month-to-month,Yes,Bank transfer (automatic),75.5,2324.7,0
8338-QIUNR,Male,No,Yes,Yes,72,Yes,Yes,DSL,Yes,No,Yes,Yes,No,No,Two year,Yes,Credit card (automatic),66.5,4811.6,0
1347-KTTTA,Male,No,Yes,No,64,Yes,No,Fiber optic,No,Yes,Yes,Yes,Yes,Yes,One year,Yes,Credit card (automatic),102.45,6654.1,0
8844-TONUD,Male,No,Yes,Yes,13,Yes,No,Fiber optic,No,No,Yes,No,Yes,Yes,Month-to-month,Yes,Mailed check,96.65,1162.85,1
5756-OZRIO,Male,Yes,Yes,No,61,Yes,Yes,DSL,No,Yes,No,No,No,Yes,One year,No,Bank transfer (automatic),64.05,3902.6,0
4057-FKCZK,Male,No,Yes,Yes,58,Yes,Yes,Fiber optic,No,No,No,No,Yes,No,Two year,No,Bank transfer (automatic),82.5,4828.05,0
1236-WFCDV,Male,Yes,No,No,14,Yes,No,Fiber optic,No,No,No,No,Yes,Yes,Month-to-month,No,Credit card (automatic),90.45,1266.1,1
4701-LKOZD,Female,No,No,No,70,Yes,Yes,DSL,Yes,Yes,Yes,Yes,Yes,Yes,Two year,No,Credit card (automatic),89.75,6367.2,0
6627-CFOSN,Female,No,No,No,59,Yes,Yes,Fiber optic,Yes,Yes,Yes,No,No,Yes,Month-to-month,Yes,Bank transfer (automatic),99.45,5623.7,0
0963-ZBDRN,Male,No,No,No,32,Yes,No,Fiber optic,No,No,No,Yes,Yes,Yes,Month-to-month,Yes,Electronic check,96.2,3183.4,1
1760-CAZHT,Male,No,No,Yes,25,Yes,No,No,No,No,No,No,No,No,Month-to-month,No,Mailed check,20.8,460.2,0
7153-OANIO,Male,No,No,No,1,Yes,No,Fiber optic,No,No,No,No,No,No,Month-to-month,No,Electronic check,69.95,69.95,1
7196-LIWRH,Female,No,No,No,6,Yes,No,No,No,No,No,No,No,No,Two year,No,Mailed check,19.55,124.45,0
2683-BPJSO,Male,No,Yes,No,29,Yes,Yes,Fiber optic,Yes,Yes,No,No,No,No,Month-to-month,Yes,Electronic check,84.45,2467.1,1
7691-KGKGP,Male,No,Yes,Yes,53,Yes,No,DSL,No,Yes,No,Yes,Yes,No,Month-to-month,No,Credit card (automatic),65.0,3363.8,0
6464-KEXXH,Male,No,No,No,8,No,No,DSL,No,No,No,No,No,No,Month-to-month,Yes,Credit card (automatic),25.25,186.3,0
0362-ZBZWJ,Male,No,No,No,36,Yes,Yes,Fiber optic,No,No,No,No,No,Yes,Month-to-month,Yes,Electronic check,84.9,3067.2,1
9777-WJJPR,Male,No,Yes,No,31,Yes,Yes,Fiber optic,No,No,Yes,No,Yes,No,Month-to-month,No,Credit card (automatic),88.65,2683.2,0
0853-NWIFK,Female,No,No,No,45,Yes,No,Fiber optic,Yes,Yes,No,No,Yes,Yes,One year,Yes,Electronic check,100.3,4483.95,0
6729-GDNGC,Female,Yes,No,No,20,Yes,No,Fiber optic,No,No,No,No,Yes,No,Month-to-month,No,Bank transfer (automatic),80.7,1614.2,0
0426-TIRNE,Female,No,No,No,1,Yes,No,No,No,No,No,No,No,No,Month-to-month,No,Mailed check,20.9,20.9,1
9488-HGMJH,Female,Yes,No,No,1,Yes,No,Fiber optic,No,No,No,No,No,No,Month-to-month,Yes,Electronic check,71.15,71.15,1
0530-IJVDB,Male,No,No,Yes,70,Yes,Yes,Fiber optic,Yes,Yes,Yes,Yes,Yes,Yes,Two year,Yes,Electronic check,114.6,7882.5,0
8414-MYSHR,Male,Yes,No,No,5,Yes,No,Fiber optic,No,No,No,No,Yes,Yes,Month-to-month,Yes,Electronic check,91.4,449.75,1
7964-VEXDG,Male,No,No,Yes,21,Yes,Yes,Fiber optic,Yes,No,No,No,No,No,Month-to-month,No,Electronic check,80.35,1747.2,0
0434-CSFON,Female,No,Yes,No,47,Yes,Yes,Fiber optic,No,No,Yes,No,Yes,Yes,Month-to-month,Yes,Electronic check,100.5,4707.1,0
0608-JDVEC,Male,No,Yes,No,50,Yes,No,No,No,No,No,No,No,No,Two year,No,Electronic check,19.8,1013.2,0
5985-TBABQ,Female,No,No,No,32,Yes,Yes,DSL,Yes,No,No,No,Yes,Yes,One year,No,Mailed check,74.75,2282.95,0
1452-VOQCH,Male,No,No,No,1,Yes,Yes,Fiber optic,No,No,No,No,No,No,Month-to-month,Yes,Electronic check,75.1,75.1,0
2845-KDHVX,Female,No,Yes,No,64,Yes,No,DSL,No,Yes,Yes,Yes,No,Yes,Two year,Yes,Mailed check,68.3,4378.8,0
6507-DTJZV,Male,No,No,Yes,13,Yes,No,DSL,No,No,No,No,Yes,Yes,Month-to-month,No,Credit card (automatic),66.4,831.75,0
3158-MOERK,Female,No,No,No,2,Yes,Yes,Fiber optic,No,No,No,No,Yes,Yes,Month-to-month,Yes,Electronic check,96.0,174.8,1
6407-UTSLV,Female,Yes,No,No,2,Yes,No,Fiber optic,No,Yes,No,No,Yes,No,Month-to-month,Yes,Bank transfer (automatic),83.8,163.7,0
4570-QHXHL,Female,No,No,No,9,Yes,No,DSL,No,No,No,No,No,No,Month-to-month,Yes,Electronic check,43.75,405.7,0
8857-CUPFQ,Male,No,Yes,No,63,Yes,No,No,No,No,No,No,No,No,Two year,No,Mailed check,19.25,1237.65,0
5296-PSYVW,Female,No,Yes,No,72,Yes,Yes,No,No,No,No,No,No,No,Two year,No,Electronic check,24.55,1750.7,0
4010-YLMVT,Female,No,No,No,56,Yes,Yes,Fiber optic,Yes,Yes,No,No,Yes,Yes,Month-to-month,Yes,Credit card (automatic),106.6,5893.95,0
2305-MRGLV,Male,No,Yes,No,28,Yes,No,Fiber optic,No,No,No,Yes,No,No,Month-to-month,No,Bank transfer (automatic),76.55,2065.4,0
3898-GUYTS,Female,Yes,No,No,45,Yes,Yes,Fiber optic,Yes,Yes,No,Yes,Yes,No,Month-to-month,Yes,Electronic check,97.05,4385.05,0
5505-OVWQW,Female,No,No,No,17,Yes,No,No,No,No,No,No,No,No,One year,No,Mailed check,20.15,353.65,0
5240-IJOQT,Male,Yes,No,No,1,Yes,Yes,Fiber optic,No,No,No,No,No,No,Month-to-month,Yes,Electronic check,74.7,74.7,1
2373-NTKOD,Male,No,No,No,8,Yes,No,DSL,No,No,No,No,Yes,Yes,Month-to-month,Yes,Electronic check,66.25,546.45,0
4402-FTBXC,Male,No,No,No,54,Yes,No,Fiber optic,Yes,No,Yes,No,Yes,No,Month-to-month,No,Mailed check,89.8,4667.0,0
6692-YQHXC,Male,No,No,No,16,Yes,No,Fiber optic,No,No,No,No,No,No,Month-to-month,Yes,Credit card (automatic),69.95,1205.5,0
5921-NGYRH,Male,No,Yes,No,64,Yes,No,Fiber optic,Yes,No,No,No,No,No,Month-to-month,Yes,Mailed check,73.55,4764.0,0
5578-NKCXI,Female,No,Yes,Yes,58,Yes,No,Fiber optic,Yes,Yes,No,No,Yes,Yes,One year,No,Credit card (automatic),99.25,5846.65,0
4012-YCFAI,Male,No,Yes,No,60,Yes,No,DSL,Yes,Yes,No,Yes,No,No,Two year,Yes,Mailed check,61.35,3766.2,0
4719-UMSIY,Male,No,No,Yes,6,Yes,No,No,No,No,No,No,No,No,Month-to-month,No,Mailed check,19.65,100.9,0
1084-UQCHV,Male,No,No,Yes,1,Yes,No,Fiber optic,No,No,No,No,No,No,Month-to-month,No,Bank transfer (automatic),69.75,69.75,1
8699-ASUFO,Male,Yes,Yes,No,7,Yes,Yes,Fiber optic,No,No,No,No,No,No,Month-to-month,Yes,Mailed check,74.4,527.9,1
8194-PEEBY,Female,No,Yes,Yes,24,Yes,No,No,No,No,No,No,No,No,One year,No,Mailed check,19.9,533.5,0
5049-MUBWG,Male,No,No,No,26,Yes,No,DSL,Yes,No,No,Yes,Yes,Yes,One year,No,Bank transfer (automatic),75.0,1908.35,0
4671-LXRDQ,Male,No,No,No,2,Yes,No,DSL,No,No,No,No,No,No,Month-to-month,Yes,Mailed check,45.0,96.45,1
9402-CXWPL,Female,No,No,No,70,Yes,Yes,Fiber optic,No,Yes,No,No,Yes,Yes,One year,No,Electronic check,98.9,6838.6,0
7753-USQYQ,Male,No,No,No,55,Yes,No,DSL,No,Yes,No,Yes,No,Yes,One year,Yes,Electronic check,64.2,3627.3,0
7754-IXRMC,Female,No,No,No,1,Yes,No,DSL,No,No,No,No,No,No,Month-to-month,No,Mailed check,45.35,45.35,0
7064-JHXCE,Male,No,Yes,Yes,62,Yes,No,No,No,No,No,No,No,No,Two year,No,Credit card (automatic),20.05,1263.9,0
9114-VEPUF,Male,No,Yes,No,62,Yes,Yes,Fiber optic,Yes,Yes,No,No,No,Yes,One year,No,Electronic check,96.1,6001.45,0
6791-YBNAK,Male,No,Yes,Yes,18,No,No,DSL,No,No,No,No,No,No,Month-to-month,No,Credit card (automatic),25.55,467.85,0
8241-JUIQO,Female,No,No,No,61,Yes,No,No,No,No,No,No,No,No,One year,No,Bank transfer (automatic),19.45,1336.35,0
2208-MPXIO,Female,No,Yes,Yes,45,Yes,No,No,No,No,No,No,No,No,Two year,Yes,Bank transfer (automatic),20.0,886.4,0
9330-IJWIO,Female,No,No,No,13,Yes,Yes,Fiber optic,Yes,No,No,No,Yes,Yes,Month-to-month,Yes,Electronic check,100.35,1358.85,1
5593-SUAOO,Female,No,Yes,Yes,24,Yes,Yes,Fiber optic,No,Yes,Yes,No,No,No,One year,No,Bank transfer (automatic),83.15,2033.05,0
8205-MQUGY,Male,No,Yes,Yes,12,Yes,No,DSL,Yes,No,No,No,No,No,Month-to-month,Yes,Electronic check,49.2,571.15,0
6583-KQJLK,Female,Yes,Yes,No,15,Yes,No,Fiber optic,No,Yes,No,No,Yes,Yes,Month-to-month,Yes,Electronic check,94.65,1285.05,0
6322-HRPFA,Male,No,Yes,Yes,49,Yes,No,DSL,Yes,Yes,No,Yes,No,No,Month-to-month,No,Credit card (automatic),59.6,2970.3,0
9101-NTIXF,Male,No,No,No,2,Yes,No,No,No,No,No,No,No,No,Month-to-month,No,Mailed check,19.4,50.6,0
9621-OUPYD,Female,No,Yes,No,25,Yes,No,No,No,No,No,No,No,No,One year,Yes,Bank transfer (automatic),20.2,507.9,0
1216-JWVUX,Male,No,Yes,Yes,25,Yes,No,Fiber optic,No,Yes,No,No,No,No,Month-to-month,Yes,Electronic check,75.5,1901.05,0
1169-WCVAK,Male,No,Yes,No,19,Yes,Yes,Fiber optic,Yes,Yes,No,Yes,No,No,Month-to-month,Yes,Credit card (automatic),88.8,1672.35,0
8777-MBMTS,Female,Yes,Yes,No,65,Yes,No,Fiber optic,No,Yes,Yes,Yes,Yes,Yes,Two year,Yes,Credit card (automatic),105.85,6725.5,0
3768-NLUBH,Male,Yes,Yes,No,57,Yes,Yes,Fiber optic,No,No,Yes,No,Yes,Yes,Month-to-month,No,Electronic check,100.6,5746.15,1
2507-QZPQS,Male,No,No,No,15,Yes,Yes,Fiber optic,No,Yes,No,Yes,No,Yes,Month-to-month,No,Electronic check,95.7,1451.1,0
4501-UYKBC,Female,Yes,No,No,46,Yes,Yes,DSL,No,No,Yes,Yes,No,Yes,One year,Yes,Credit card (automatic),69.1,3255.35,0
8357-EQXFO,Female,No,No,No,7,Yes,No,Fiber optic,No,No,Yes,No,Yes,Yes,Month-to-month,Yes,Electronic check,95.35,660.9,1
5902-WBLSE,Female,No,Yes,Yes,70,Yes,No,No,No,No,No,No,No,No,Two year,Yes,Credit card (automatic),20.15,1411.2,0
4612-THJBS,Female,Yes,No,No,56,Yes,Yes,Fiber optic,No,Yes,Yes,No,Yes,Yes,One year,Yes,Bank transfer (automatic),104.75,5510.65,1
3374-LXDEV,Female,No,No,No,13,Yes,Yes,Fiber optic,No,Yes,Yes,Yes,No,No,Month-to-month,No,Electronic check,89.4,1132.35,1
2810-FTLEM,Female,No,No,No,16,Yes,No,DSL,Yes,No,No,No,No,No,Month-to-month,Yes,Electronic check,50.15,762.25,1
6281-FKEWS,Female,No,No,No,44,No,No,DSL,No,No,Yes,No,Yes,Yes,One year,Yes,Electronic check,49.05,2265.0,0
4988-IQIGL,Male,Yes,No,No,1,Yes,Yes,Fiber optic,No,No,No,No,No,No,Month-to-month,Yes,Electronic check,75.35,75.35,1
6374-NTQLP,Male,Yes,Yes,Yes,72,Yes,No,Fiber optic,Yes,No,Yes,Yes,Yes,Yes,Two year,Yes,Credit card (automatic),104.1,7447.7,0
9261-WDCAF,Male,No,No,No,3,Yes,No,DSL,No,No,No,No,No,Yes,Month-to-month,No,Mailed check,54.65,189.1,0
8406-LNMHF,Male,Yes,Yes,No,59,Yes,No,Fiber optic,Yes,Yes,Yes,No,No,No,One year,Yes,Credit card (automatic),82.95,4903.15,0
9619-GSATL,Female,No,No,No,43,Yes,No,DSL,No,Yes,No,Yes,No,No,One year,No,Electronic check,55.45,2444.25,0
3221-CJMSG,Male,No,No,No,24,Yes,No,DSL,No,No,No,Yes,No,No,Month-to-month,Yes,Credit card (automatic),51.1,1269.6,0
1696-HXOWK,Female,No,Yes,No,71,Yes,Yes,Fiber optic,Yes,Yes,No,No,Yes,No,One year,No,Mailed check,95.65,6856.95,0
7854-EDSSA,Male,No,No,No,22,Yes,Yes,DSL,Yes,Yes,No,No,No,No,Month-to-month,No,Electronic check,59.0,1254.7,1
2144-BFDSO,Female,Yes,Yes,No,50,Yes,Yes,Fiber optic,Yes,Yes,Yes,No,Yes,Yes,Month-to-month,No,Bank transfer (automatic),108.75,5431.9,0
6825-UYPFK,Female,No,No,No,23,Yes,Yes,Fiber optic,No,No,No,No,No,No,Month-to-month,No,Bank transfer (automatic),75.6,1758.6,1
2805-AUFQN,Female,No,No,No,25,Yes,No,No,No,No,No,No,No,No,Two year,No,Credit card (automatic),19.8,475.2,0
